epoch,ckpt,prepump_dev_7,prepump_key_7,prepump_dev_all,span_n_c5,span_oc5,span_hc5,y_mean,y_std
1,experiments/prepump_joint_train_v6_fix/epoch_ckpts/epoch_001.pt,0.014490842819213867,0.02084171772003174,0.021374337375164032,1.2661867141723633,0.87996506690979,1.904403567314148,"[[2.8454163  4.186689   1.3643112  1.4688433  1.4784214  2.3915246
  2.3739634  0.7748178 ]
 [2.839676   4.2300506  1.402268   1.4655629  1.4746212  2.4158814
  2.3983738  0.7555204 ]
 [2.8424919  4.250289   1.4272841  1.4668834  1.4755558  2.4410088
  2.427844   0.79633933]
 [2.84626    4.235046   1.4084946  1.4693325  1.4783741  2.43353
  2.4222708  0.81978744]
 [2.8304844  4.2843456  1.4423325  1.4591038  1.4665871  2.4385939
  2.4215386  0.7010354 ]
 [2.8462248  4.1449327  1.3491309  1.4686792  1.4777391  2.374483
  2.3547099  0.81668824]
 [2.849375   4.22897    1.4155387  1.4707326  1.4799308  2.4432223
  2.433855   0.8801904 ]
 [2.8434849  4.2344155  1.4048457  1.4679369  1.4769155  2.426774
  2.4126084  0.79393846]
 [2.843935   4.1941166  1.4054899  1.4678148  1.476104   2.4165015
  2.39918    0.84036183]
 [2.8586936  4.124949   1.3550024  1.4783093  1.4888294  2.3964298
  2.37621    0.9305144 ]
 [2.851287   4.1621456  1.4055563  1.4726682  1.4819081  2.4265482
  2.4101057  0.96082926]
 [2.8657029  4.004106   1.2870588  1.4820986  1.4920975  2.3420827
  2.3200033  1.0316137 ]
 [2.9031096  3.6773877  1.1754386  1.5055488  1.5160453  2.257117
  2.2261686  1.4181787 ]
 [2.8717923  4.063237   1.409231   1.4857931  1.495619   2.4413252
  2.429636   1.2236638 ]
 [2.9119918  4.120367   1.7716866  1.509087   1.5223361  2.739889
  2.747939   1.9251217 ]
 [2.9711185  4.0563846  2.0687408  1.5426091  1.5616999  2.9840732
  3.0146656  2.605439  ]
 [2.9623911  4.048436   1.9175973  1.5399966  1.5592718  2.8818934
  2.910314   2.3706121 ]
 [2.9329042  4.198271   1.6759111  1.5273546  1.5490394  2.7260847
  2.7466018  1.7004304 ]
 [2.9620783  4.26921    2.0214295  1.5416211  1.5649434  3.0047636
  3.0418963  2.2978022 ]
 [2.9130845  4.3385415  1.7225394  1.517341   1.5377994  2.7611556
  2.7798011  1.5331005 ]
 [2.8837488  4.1760387  1.3835498  1.4982178  1.5135998  2.465975
  2.4608293  1.0287644 ]
 [2.923181   4.1812997  1.6001288  1.5216266  1.542013   2.6612306
  2.6747591  1.5507023 ]
 [2.9225357  4.259119   1.6432998  1.5219259  1.5431999  2.710878
  2.7253573  1.5255103 ]
 [2.902275   3.646664   0.9605673  1.5078595  1.5199797  2.125075
  2.0764976  1.0374571 ]
 [2.925889   3.793303   1.188546   1.5223174  1.5388541  2.3308244
  2.3126104  1.3717026 ]
 [2.91587    3.4640405  0.92306566 1.5156655  1.52552    2.0801208
  2.0265625  1.2378787 ]
 [2.9196029  3.6213655  0.9374077  1.5193813  1.5328689  2.1324313
  2.0863783  1.1011338 ]
 [2.8851078  3.729979   0.9228088  1.4959021  1.5084245  2.0935915
  2.045261   0.765803  ]
 [2.916192   3.7988415  1.053092   1.5178913  1.5341132  2.2331567
  2.2053833  1.079303  ]
 [2.895083   3.5463972  0.8459756  1.5024359  1.5125161  2.0302794
  1.9710481  0.9329014 ]
 [2.9091952  3.580667   0.9067704  1.5124704  1.5242488  2.0899057
  2.0378187  1.0499692 ]
 [2.917484   3.659997   0.9732636  1.5181432  1.5319569  2.1591325
  2.1166434  1.1046985 ]
 [2.8964694  3.4987338  0.8025542  1.5033847  1.5126172  1.9979862
  1.9331605  0.9154022 ]
 [2.90612    3.4585764  0.84018165 1.509892   1.5182303  2.021733
  1.9595592  1.074932  ]
 [2.8931522  3.8507023  1.0108451  1.5032823  1.5180379  2.1834953
  2.149805   0.8145703 ]
 [2.8792925  3.664788   0.88500565 1.4922285  1.5033171  2.0505629
  1.9945215  0.74551475]
 [2.9138453  3.6003218  0.9364365  1.5157135  1.5285361  2.1168592
  2.0678022  1.0907723 ]
 [2.904613   3.5969524  0.8771098  1.50926    1.5210032  2.0715082
  2.0177474  0.9587109 ]
 [2.9250834  3.6335714  0.89394236 1.5239259  1.5385947  2.1202662
  2.075491   1.0502803 ]
 [2.8910685  3.678017   0.9176709  1.4995364  1.5114763  2.0912933
  2.0427759  0.8676302 ]
 [2.8999949  3.8617196  1.0507367  1.507498   1.5232669  2.220742
  2.1905591  0.9041473 ]
 [2.9094737  3.7283018  1.0175853  1.5123917  1.5265857  2.1898518
  2.1545303  1.0791507 ]
 [2.885777   3.603946   0.8781632  1.4957895  1.5057255  2.0443132
  1.9867263  0.8585226 ]
 [2.8786657  4.140685   1.2614957  1.4943727  1.5098573  2.3721895
  2.3615463  0.82368225]
 [2.9213727  3.985417   1.3561201  1.5202727  1.5384009  2.470841
  2.4644637  1.394772  ]]","[[0.01583865 0.10240725 0.07188553 0.01002571 0.01114802 0.05842854
  0.06289165 0.16672714]
 [0.01592963 0.10887158 0.09735774 0.01044645 0.01201604 0.08534788
  0.09125289 0.17052417]
 [0.01276666 0.07294404 0.05733104 0.00823157 0.00922253 0.04910913
  0.05166278 0.16333471]
 [0.01429935 0.07802458 0.0532515  0.00915189 0.01023788 0.04143203
  0.04352079 0.16236559]
 [0.01428311 0.08390281 0.05928888 0.00882715 0.00996861 0.0449264
  0.04584767 0.16972783]
 [0.01647063 0.10574585 0.07000505 0.01063611 0.01185608 0.05765221
  0.0645959  0.15437323]
 [0.01248465 0.08721163 0.08483864 0.00812877 0.00913123 0.07282934
  0.07615468 0.17411149]
 [0.01581974 0.09117001 0.07815364 0.01016912 0.01140522 0.06633345
  0.07022852 0.20157903]
 [0.01789896 0.07987741 0.05972041 0.0116363  0.01316118 0.04903081
  0.05301343 0.20065859]
 [0.02083051 0.16008818 0.11337598 0.01378369 0.01566382 0.09411655
  0.10444288 0.20373356]
 [0.02174892 0.17265113 0.10940932 0.01386241 0.01560711 0.09076405
  0.09761853 0.22667018]
 [0.02659654 0.2171914  0.1402828  0.01686882 0.01862553 0.10355005
  0.11166684 0.24810551]
 [0.01919401 0.17111303 0.13885209 0.0119451  0.01365309 0.11243764
  0.12373566 0.19554737]
 [0.02974561 0.16863404 0.13094182 0.01864186 0.02135992 0.10490231
  0.11227445 0.3367267 ]
 [0.03660345 0.18827581 0.2289172  0.02069453 0.02359114 0.18872468
  0.2028928  0.54121304]
 [0.03494914 0.17052768 0.24932145 0.01897435 0.02205705 0.20391971
  0.22165    0.47089934]
 [0.03529247 0.14035872 0.26140636 0.01879694 0.02149969 0.20095453
  0.2178188  0.5405148 ]
 [0.04575689 0.17317505 0.30571502 0.02577788 0.03040712 0.26442823
  0.2886413  0.65422225]
 [0.04035653 0.20571287 0.28166547 0.02102102 0.02416561 0.24078016
  0.26058394 0.5873699 ]
 [0.04427894 0.18423553 0.3286372  0.02527179 0.02955358 0.28493813
  0.30829233 0.6396864 ]
 [0.03233855 0.19149022 0.21510792 0.02020649 0.02324265 0.17931324
  0.19480789 0.39348936]
 [0.04621633 0.16090491 0.2761298  0.02673079 0.03151556 0.23467647
  0.25723523 0.62899774]
 [0.04675256 0.2896253  0.4741677  0.02682864 0.0320163  0.41268995
  0.44722062 0.75394166]
 [0.0209487  0.13017209 0.10950137 0.0145098  0.01726049 0.10473905
  0.1203658  0.19300067]
 [0.03088759 0.24413003 0.3135122  0.01864599 0.02344615 0.26486844
  0.29310313 0.42493266]
 [0.02164706 0.14109537 0.12402903 0.01397899 0.01796051 0.11441617
  0.13051954 0.21216914]
 [0.0161028  0.11590935 0.11506908 0.01047891 0.01280074 0.09708328
  0.1115612  0.19625123]
 [0.02052191 0.15009266 0.10656727 0.01411438 0.0161979  0.10097611
  0.11821469 0.20186801]
 [0.02086469 0.15231477 0.15976024 0.01358368 0.01624985 0.13372675
  0.15157406 0.23763679]
 [0.02564015 0.11521325 0.07104684 0.01798842 0.02065817 0.08498935
  0.09863909 0.17633311]
 [0.01966606 0.12688607 0.08893108 0.0135607  0.01561747 0.07830654
  0.08988198 0.15040901]
 [0.01950294 0.13880037 0.16465004 0.01272608 0.01579662 0.1399085
  0.1581405  0.23316102]
 [0.02438351 0.1274069  0.07070518 0.01705446 0.0194851  0.08312307
  0.09596176 0.17803949]
 [0.01673094 0.12669435 0.0609259  0.01146591 0.01328826 0.06406207
  0.07397608 0.14274654]
 [0.02141051 0.1839476  0.14705223 0.01433664 0.01633531 0.12469649
  0.14219853 0.21731646]
 [0.02383601 0.1476086  0.0853301  0.01696971 0.01923493 0.0926524
  0.10807322 0.17587768]
 [0.02033812 0.15763958 0.12981838 0.01373227 0.01608811 0.1109392
  0.12612143 0.17718954]
 [0.02402485 0.1180842  0.08851749 0.01650129 0.01910899 0.09078129
  0.10569932 0.20652959]
 [0.01852399 0.11811284 0.08387466 0.01273895 0.01474346 0.07825565
  0.09287594 0.16129519]
 [0.02249207 0.18434946 0.1470618  0.01559657 0.01872293 0.13764352
  0.15725344 0.2185981 ]
 [0.02524381 0.203286   0.21079476 0.01702978 0.02014162 0.17824943
  0.20005456 0.29338646]
 [0.02488905 0.19589484 0.22482543 0.01644148 0.02007459 0.19493943
  0.21808456 0.31451914]
 [0.02763043 0.13369282 0.08550071 0.01923493 0.02162527 0.09106772
  0.10508705 0.20060743]
 [0.02636527 0.19977914 0.21983032 0.01713251 0.01978517 0.17616059
  0.19080429 0.29110444]
 [0.03692342 0.34737876 0.43888736 0.02241562 0.02754577 0.3754409
  0.4094987  0.54412776]]"
2,experiments/prepump_joint_train_v6_fix/epoch_ckpts/epoch_002.pt,0.03315891698002815,0.037151217460632324,0.03083166480064392,1.1177082061767578,0.9431827068328857,1.4303877353668213,"[[2.8478243  4.119645   1.4208474  1.4693488  1.4542739  2.3555856
  2.3630636  0.7393764 ]
 [2.8471646  4.1458077  1.4153959  1.4669327  1.4510477  2.351908
  2.3610914  0.680327  ]
 [2.8479636  4.1497135  1.4512607  1.467367   1.4532074  2.3880112
  2.3955426  0.79823166]
 [2.8540435  4.1606307  1.4367775  1.4696041  1.4552474  2.3868155
  2.3962257  0.78690666]
 [2.8522484  4.1413693  1.4260083  1.4678314  1.4520538  2.3578439
  2.3659275  0.7031751 ]
 [2.8518505  4.115273   1.4116822  1.4696777  1.4551593  2.3510504
  2.3567355  0.7420504 ]
 [2.8644364  4.164635   1.4061427  1.4745904  1.4590445  2.3668823
  2.3778887  0.70918596]
 [2.8565946  4.142561   1.4298184  1.4710894  1.4568036  2.3777506
  2.3854733  0.7997219 ]
 [2.8502328  4.1284657  1.4416753  1.4685347  1.4542547  2.3713422
  2.3763528  0.7893668 ]
 [2.876935   4.0660152  1.3530302  1.4840889  1.470449   2.3202996
  2.3203197  0.78640604]
 [2.857532   4.1348205  1.3596655  1.4698281  1.4554131  2.3391535
  2.3504913  0.7476408 ]
 [2.8560705  4.0554485  1.3331779  1.4725627  1.4581801  2.2957232
  2.3014936  0.7461156 ]
 [2.910774   3.7589025  1.2250226  1.5034393  1.4975822  2.2044642
  2.1813405  1.0802433 ]
 [2.8631897  4.0766206  1.3851869  1.4744738  1.4629419  2.3518057
  2.355002   0.895285  ]
 [2.891658   4.0605288  1.66653    1.4877446  1.4849063  2.532609
  2.5212717  1.2924777 ]
 [2.9939826  3.7351718  2.0320454  1.5291864  1.545164   2.7256289
  2.70363    2.0722153 ]
 [2.9854314  3.929266   1.9250336  1.5317178  1.543918   2.733565
  2.718487   1.9357451 ]
 [2.9622376  4.086517   1.6669364  1.5336729  1.5338326  2.580764
  2.5691078  1.3315063 ]
 [2.972661   4.017893   1.960038   1.5302136  1.5386522  2.7383618
  2.718281   1.7272595 ]
 [2.9128385  4.136114   1.7566283  1.5115334  1.511167   2.619851
  2.609543   1.3026007 ]
 [2.9065614  4.120355   1.3734696  1.5065151  1.4953686  2.3753226
  2.3768766  0.8212394 ]
 [2.9454215  4.0993404  1.5735224  1.5238854  1.5203606  2.5182977
  2.509089   1.1807832 ]
 [2.9685667  4.312669   1.7609429  1.5377965  1.5395079  2.72276
  2.7182276  1.3484186 ]
 [3.033479   3.637775   1.0661987  1.5726082  1.5746515  2.1520035
  2.1039004  1.1368898 ]
 [3.0150561  3.9070365  1.3285377  1.5626065  1.5632969  2.36619
  2.3389454  1.1900886 ]
 [2.9692929  3.369486   1.1136259  1.5356407  1.5434544  2.110009
  2.0670545  1.4657215 ]
 [3.004544   3.6427877  1.0915446  1.55612    1.5564003  2.1551964
  2.1130855  1.143381  ]
 [3.0110343  3.7407715  0.98521876 1.5553627  1.5466386  2.0771627
  2.037193   0.64182764]
 [3.0671716  3.8653367  1.1202267  1.592907   1.5921015  2.2599273
  2.2291114  1.0239047 ]
 [3.0509632  3.5399613  0.9143371  1.5798382  1.581331   2.0390797
  1.9766557  0.993994  ]
 [3.0214987  3.6040199  1.0057374  1.5673699  1.5670884  2.0976043
  2.048607   1.0437958 ]
 [3.0333173  3.7191203  1.0575353  1.5723252  1.5730796  2.185408
  2.145145   1.1283107 ]
 [3.007005   3.447121   0.93561417 1.5551322  1.5576783  2.0200872
  1.9572594  1.1060508 ]
 [2.975916   3.3892303  0.9973606  1.5402244  1.5438663  2.0292618
  1.9735185  1.224817  ]
 [3.0469697  3.8913522  1.0459396  1.5798059  1.5727764  2.1926055
  2.1628792  0.7483779 ]
 [3.0295386  3.6763601  0.9368924  1.5677173  1.5606279  2.0432487
  1.9931396  0.66976434]
 [2.9950483  3.6778219  1.0759003  1.5550505  1.5496417  2.107558
  2.064454   0.8448468 ]
 [3.0403795  3.582053   0.9676718  1.5738662  1.576354   2.0935426
  2.0406916  1.0997801 ]
 [3.0597568  3.67476    0.9766225  1.5862985  1.5862014  2.119066
  2.0698724  0.9983968 ]
 [3.030998   3.6914818  1.0219228  1.5682597  1.5676084  2.1378496
  2.0953782  0.98946494]
 [3.0366018  3.928217   1.080874   1.5741501  1.5665196  2.2152734
  2.1893847  0.7190744 ]
 [3.0429962  3.7777505  1.1130209  1.5769516  1.5774461  2.2258303
  2.1886535  1.0778025 ]
 [3.0010612  3.5677912  0.9381141  1.5501453  1.5476804  2.0329695
  1.9816787  0.9158594 ]
 [2.9483716  4.1210704  1.263089   1.5253084  1.5125892  2.324128
  2.3252385  0.6731289 ]
 [2.9886649  4.153824   1.5245093  1.5484751  1.5483375  2.5398273
  2.5273943  1.1822091 ]]","[[0.02356093 0.07828945 0.04314689 0.01300396 0.01424912 0.03791007
  0.04154206 0.11189634]
 [0.0243945  0.07828171 0.05344919 0.01343491 0.01423342 0.05089051
  0.05384246 0.09977429]
 [0.02023541 0.06027715 0.04120336 0.01131951 0.01201085 0.03030667
  0.02940786 0.15205388]
 [0.02157817 0.05564185 0.04128753 0.01192217 0.01281034 0.03021848
  0.02977531 0.14091152]
 [0.02103628 0.06827709 0.04302325 0.01138365 0.01274598 0.02443824
  0.02455879 0.15282021]
 [0.01824383 0.10727368 0.05397108 0.01021167 0.01128082 0.0586916
  0.06469045 0.11139192]
 [0.01993816 0.05647158 0.04698997 0.01121331 0.01217327 0.03842937
  0.03872826 0.10635114]
 [0.0231008  0.08242992 0.07074996 0.01266868 0.01417449 0.0438123
  0.04174399 0.1779754 ]
 [0.01875053 0.06870905 0.05378666 0.01049711 0.01151934 0.02890071
  0.02990293 0.13930097]
 [0.03525331 0.15910052 0.09167449 0.02052747 0.02246999 0.08468039
  0.09501316 0.14646542]
 [0.03253217 0.1263335  0.08284584 0.018588   0.01996219 0.07442731
  0.08240553 0.11794548]
 [0.02886462 0.2034569  0.11141508 0.01661838 0.01906955 0.09985523
  0.11456454 0.15477121]
 [0.03290761 0.20542856 0.0955658  0.01860611 0.02213823 0.09191767
  0.10284738 0.21130021]
 [0.03344899 0.13078102 0.11132865 0.01892106 0.02126732 0.08238854
  0.08407108 0.22761808]
 [0.04543256 0.2713263  0.21031664 0.02345135 0.0302604  0.15693863
  0.15664774 0.4455046 ]
 [0.05183877 0.2658484  0.27189097 0.01881768 0.02743861 0.19671272
  0.21031676 0.42420498]
 [0.05166114 0.22319563 0.29770717 0.01969913 0.02944159 0.20030276
  0.20645122 0.5430568 ]
 [0.0566804  0.22305433 0.32910043 0.0281401  0.03608179 0.25318754
  0.2539484  0.6197238 ]
 [0.05097247 0.24894209 0.30883396 0.01937956 0.02956114 0.23039831
  0.23454334 0.56525195]
 [0.05837785 0.24855644 0.30589932 0.02966711 0.03487837 0.23184848
  0.23173474 0.5212706 ]
 [0.06703497 0.14820424 0.19655795 0.03656875 0.03880549 0.1422839
  0.14389391 0.30645806]
 [0.05913045 0.14793918 0.29761586 0.03114555 0.03794767 0.21538857
  0.21342675 0.58432376]
 [0.07757626 0.32829043 0.48903278 0.04097037 0.04768528 0.40769836
  0.41589698 0.67040056]
 [0.04427384 0.22615032 0.18917754 0.02599952 0.02755571 0.17377032
  0.18654104 0.28099775]
 [0.05340395 0.28680968 0.32145926 0.02807707 0.03555033 0.26731658
  0.27893892 0.43907902]
 [0.04030991 0.23073366 0.15260847 0.02252032 0.02308221 0.12926085
  0.13710597 0.2461431 ]
 [0.04148053 0.1837714  0.14136115 0.0232861  0.02639185 0.11452859
  0.12293185 0.25860292]
 [0.04486278 0.17189446 0.11092912 0.02592383 0.02928153 0.11131769
  0.12386907 0.30691525]
 [0.0554926  0.19103879 0.20554475 0.03162033 0.03821425 0.16939768
  0.18054713 0.3555308 ]
 [0.04869261 0.1458907  0.07819998 0.02829885 0.03197211 0.10087861
  0.11234359 0.2782285 ]
 [0.05533186 0.17959261 0.15014178 0.02956634 0.03191491 0.11573367
  0.12434892 0.22037494]
 [0.04427041 0.21977605 0.20416342 0.02533371 0.02797508 0.17631455
  0.1883036  0.24303478]
 [0.04536316 0.1742219  0.06205558 0.02577699 0.02563336 0.07335079
  0.08387093 0.27634645]
 [0.04316159 0.17887837 0.04932442 0.02325674 0.02432632 0.05572158
  0.06142746 0.21509314]
 [0.05529755 0.2019301  0.16062725 0.03138429 0.03496116 0.14068681
  0.15532348 0.25652876]
 [0.04981216 0.17318477 0.08969203 0.02874505 0.03216589 0.10438846
  0.11637126 0.32654873]
 [0.06237481 0.19115892 0.17355925 0.03320734 0.03811352 0.13921045
  0.14948402 0.27604815]
 [0.04720448 0.17826752 0.14013408 0.02748358 0.0298699  0.13136701
  0.14173082 0.29282886]
 [0.0417689  0.15399918 0.10010472 0.02392236 0.02623299 0.0862074
  0.09781824 0.22566421]
 [0.04773121 0.23034494 0.1843354  0.02764041 0.03199204 0.16928253
  0.18313152 0.37442014]
 [0.0613743  0.22182947 0.23429179 0.03432413 0.03823788 0.19252019
  0.20614628 0.30255422]
 [0.04763512 0.28771588 0.300398   0.02681898 0.03178973 0.26585713
  0.2809221  0.40232053]
 [0.04871698 0.16543446 0.06788724 0.02825857 0.03155796 0.0992243
  0.1058081  0.33129263]
 [0.06860736 0.17155358 0.19853923 0.03783339 0.03993253 0.15051757
  0.15892772 0.23279668]
 [0.06643236 0.38423502 0.4545354  0.03547459 0.04302306 0.39186093
  0.40587914 0.52534205]]"
3,experiments/prepump_joint_train_v6_fix/epoch_ckpts/epoch_003.pt,0.016530105844140053,0.01751267910003662,0.024466484785079956,1.4625499248504639,1.1321661472320557,1.8661761283874512,"[[2.8527353  4.227379   1.4917363  1.4598514  1.4556001  2.4530625
  2.4557981  0.8250893 ]
 [2.861378   4.233903   1.4815373  1.4605498  1.4565287  2.442576
  2.443006   0.76439595]
 [2.8607473  4.2323318  1.5062225  1.4644103  1.4608895  2.4622936
  2.4602315  0.8274904 ]
 [2.8580418  4.244475   1.4893718  1.4574873  1.4536229  2.4620194
  2.4639611  0.8387595 ]
 [2.8704047  4.2444825  1.4969494  1.4620148  1.458155   2.460931
  2.459609   0.7898043 ]
 [2.863905   4.1928563  1.4597496  1.4646994  1.4610463  2.4192283
  2.4186578  0.7717835 ]
 [2.8688602  4.2516527  1.4757848  1.4621842  1.458322   2.458335
  2.4606626  0.8002925 ]
 [2.8627014  4.231055   1.4988201  1.4589201  1.4553832  2.4643905
  2.463414   0.8782705 ]
 [2.8620586  4.1925554  1.4942769  1.4621085  1.4589319  2.4407144
  2.4351578  0.8613624 ]
 [2.8769484  4.117941   1.426797   1.4703438  1.4684068  2.3930135
  2.3849852  0.89571923]
 [2.858861   4.201048   1.420395   1.4525838  1.4486656  2.4053211
  2.4134588  0.7825364 ]
 [2.8513815  4.129442   1.4380193  1.4545534  1.4511968  2.3925848
  2.395279   0.88648885]
 [2.9305377  3.8545468  1.4060302  1.493441   1.4981662  2.3392036
  2.3034697  1.2076313 ]
 [2.8734524  4.1780076  1.4757041  1.4625396  1.4607077  2.445599
  2.4430337  0.93843603]
 [2.891363   4.2873607  1.954754   1.4573604  1.4600273  2.7745657
  2.749659   1.4727091 ]
 [3.0095487  4.2228804  2.587612   1.4920974  1.5066279  3.2210882
  3.1638489  2.509487  ]
 [2.970516   4.3292336  2.4370127  1.4881824  1.5003958  3.162905
  3.119155   2.3448074 ]
 [2.8860803  4.462731   2.087548   1.4722714  1.4753627  2.9176583
  2.8935819  1.5423814 ]
 [2.9577818  4.428223   2.464858   1.488584   1.4970164  3.1665545
  3.1148913  2.0993066 ]
 [2.8198125  4.5176153  2.142367   1.4413733  1.4418194  2.912397
  2.8961875  1.3888886 ]
 [2.811411   4.3878436  1.6692537  1.441676   1.4383605  2.5847247
  2.5925467  0.89978296]
 [2.8873901  4.4240932  1.9357004  1.4713243  1.473411   2.8095803
  2.7901733  1.3486917 ]
 [2.8404915  4.6079235  2.0651932  1.4544908  1.4542029  2.9150813
  2.8991256  1.2961285 ]
 [3.026757   3.8566818  1.3634742  1.5508897  1.5613465  2.3808522
  2.3165026  1.2250842 ]
 [2.9923513  4.1947126  1.6706591  1.5293536  1.5372201  2.6461434
  2.5937564  1.3057307 ]
 [3.0092504  3.5995214  1.5222735  1.5283899  1.5436839  2.4306774
  2.3606884  1.7268045 ]
 [3.0177648  3.7991471  1.3628894  1.5451847  1.5558156  2.3635175
  2.3000364  1.303335  ]
 [2.9914908  3.938777   1.1820847  1.5323313  1.537598   2.2335622
  2.206935   0.64331084]
 [3.0279064  4.098751   1.4076707  1.5544865  1.5630629  2.4909093
  2.4397728  1.1009738 ]
 [3.0408444  3.651307   1.1319327  1.5598671  1.5707469  2.1760375
  2.111356   1.0190208 ]
 [3.0121274  3.76629    1.3103942  1.5464303  1.5563736  2.32178
  2.2627373  1.2259094 ]
 [3.0274005  3.8914025  1.3147093  1.5540893  1.56402    2.3859286
  2.3269134  1.2288957 ]
 [3.0211792  3.5265296  1.1344017  1.5508612  1.5618538  2.1433115
  2.0783093  1.1656287 ]
 [3.0066576  3.4757574  1.235439   1.5395159  1.551346   2.2017386
  2.134495   1.388493  ]
 [3.0006418  4.085319   1.2630353  1.5411856  1.5465306  2.3611114
  2.3300767  0.7733102 ]
 [2.9991682  3.8644135  1.1551696  1.5409708  1.5470471  2.2097692
  2.1754103  0.735302  ]
 [2.974225   3.9454978  1.4687198  1.5266076  1.5342041  2.4184678
  2.3713105  1.095501  ]
 [3.0409591  3.7594814  1.2023534  1.5583208  1.5693425  2.2690897
  2.2068264  1.1115687 ]
 [3.0455282  3.8139682  1.2022547  1.5658507  1.5762712  2.285018
  2.224874   1.0696616 ]
 [2.999635   3.954953   1.2713566  1.5347935  1.542049   2.3222737
  2.2831306  0.8710701 ]
 [2.9811466  4.1657176  1.3377789  1.5300531  1.534947   2.410929
  2.3867857  0.7225994 ]
 [3.012331   4.027978   1.3814975  1.5420601  1.5502822  2.4358356
  2.3876765  1.0523499 ]
 [3.0027223  3.7138388  1.125062   1.5385902  1.5463165  2.160184
  2.1157672  0.8920381 ]
 [2.88096    4.3128405  1.4639935  1.4749742  1.4732357  2.476082
  2.4820144  0.7137364 ]
 [2.923512   4.4389887  1.8037869  1.4939691  1.497594   2.7543807
  2.7239246  1.1456709 ]]","[[0.01903554 0.06037181 0.04355535 0.01134441 0.01257119 0.03269122
  0.03328443 0.09825666]
 [0.02112987 0.06472494 0.05777821 0.01179278 0.01282056 0.05126033
  0.04838363 0.0859922 ]
 [0.01708837 0.04571633 0.04176395 0.01014234 0.01081631 0.02875527
  0.02723343 0.11401912]
 [0.01881362 0.04538558 0.04411513 0.01134791 0.01235148 0.03139414
  0.0302889  0.09699517]
 [0.01824323 0.04422015 0.04778017 0.01069501 0.01219789 0.0273695
  0.02318372 0.1045041 ]
 [0.01906583 0.08471078 0.04198324 0.01137438 0.01243029 0.04321078
  0.04693997 0.1009563 ]
 [0.01816871 0.05125087 0.05325692 0.01076049 0.01200963 0.04124977
  0.03852662 0.07781586]
 [0.02538332 0.07072289 0.08523474 0.01319871 0.01486941 0.05412674
  0.04717401 0.15010409]
 [0.02303304 0.05838517 0.06634969 0.01329329 0.01470448 0.03535033
  0.034067   0.12397351]
 [0.03107249 0.14768557 0.07374074 0.01846777 0.02083388 0.07438202
  0.07751256 0.16813067]
 [0.03065918 0.11211847 0.08533506 0.01828316 0.02043893 0.0755317
  0.07733302 0.11275552]
 [0.03017104 0.17346479 0.09653175 0.01761533 0.01998439 0.08837853
  0.09490702 0.1569976 ]
 [0.03195192 0.2111999  0.12194052 0.01725063 0.02028733 0.11536612
  0.11760532 0.24243242]
 [0.03430189 0.12206035 0.15724148 0.0177079  0.02049208 0.12166711
  0.11328755 0.25070855]
 [0.06194426 0.29575777 0.34087038 0.02385299 0.02962221 0.26174182
  0.25015706 0.5730794 ]
 [0.06604581 0.31851348 0.39248604 0.01442127 0.01990626 0.31702372
  0.31786686 0.58859736]
 [0.0735366  0.23339406 0.445943   0.01805536 0.02400423 0.3404354
  0.33259124 0.73935634]
 [0.06767292 0.24120496 0.43096277 0.02644617 0.03136326 0.34326023
  0.3271135  0.69993764]
 [0.0688293  0.27371156 0.42256257 0.01772278 0.02326853 0.3335918
  0.32396233 0.70021605]
 [0.06595799 0.20720862 0.38535288 0.02849993 0.03280917 0.29640585
  0.2792539  0.59918106]
 [0.07233767 0.15808956 0.24249437 0.03732131 0.0408546  0.17131528
  0.16337354 0.31581253]
 [0.06366485 0.17232099 0.42269722 0.02683203 0.03094396 0.3255911
  0.30858096 0.6950998 ]
 [0.08594534 0.33201528 0.5207045  0.04192942 0.0464441  0.4263891
  0.41102308 0.6765473 ]
 [0.03790054 0.31269908 0.29814917 0.02047447 0.02274099 0.26399884
  0.26319036 0.3638141 ]
 [0.06011707 0.30546048 0.40714276 0.030745   0.03473311 0.33173916
  0.32567513 0.5236512 ]
 [0.03810503 0.33160168 0.32103148 0.01943531 0.02113947 0.2620876
  0.2633835  0.3852212 ]
 [0.04135249 0.24013741 0.24533527 0.02145554 0.02412398 0.20335689
  0.19961171 0.34113568]
 [0.05225534 0.19122909 0.14839862 0.02838975 0.03218826 0.13685963
  0.13718532 0.31291533]
 [0.05695947 0.2530158  0.31193033 0.03199663 0.03549852 0.25105458
  0.24664436 0.4082965 ]
 [0.04537026 0.18985136 0.14244446 0.02371505 0.02664806 0.1593551
  0.14895122 0.32863405]
 [0.04526635 0.258425   0.25733423 0.02779422 0.02953934 0.19805852
  0.1990889  0.29009932]
 [0.04045248 0.29656804 0.2965749  0.02247832 0.02441984 0.25086424
  0.25052676 0.31357706]
 [0.03369046 0.21838254 0.09540287 0.01950469 0.02109719 0.10182242
  0.09986109 0.31279293]
 [0.03193594 0.22894098 0.09520639 0.01935335 0.02092392 0.06377144
  0.07070825 0.25068647]
 [0.07764967 0.24951759 0.2365036  0.04154079 0.04584121 0.17681369
  0.18677242 0.25691715]
 [0.05551208 0.20867278 0.12662192 0.03007454 0.03382339 0.12835702
  0.12825795 0.32765096]
 [0.06695476 0.25474265 0.2735671  0.03679951 0.0407238  0.21334137
  0.21222517 0.35087314]
 [0.03942973 0.24923374 0.22575663 0.02074546 0.02309405 0.20879592
  0.20303665 0.3725512 ]
 [0.03997932 0.21098511 0.1631032  0.02191064 0.02457351 0.14656506
  0.14664276 0.29374757]
 [0.063657   0.26855206 0.27096635 0.03338173 0.03784713 0.23011956
  0.22777683 0.4185404 ]
 [0.09216769 0.25358024 0.320498   0.04892756 0.05331818 0.23182027
  0.23688239 0.30675167]
 [0.05230166 0.362026   0.38980806 0.02790318 0.03129027 0.33483842
  0.33060804 0.46343678]
 [0.04936641 0.19480608 0.09285244 0.02700482 0.03067107 0.11708485
  0.10858116 0.3696114 ]
 [0.09092408 0.18340425 0.24952711 0.05011804 0.05442453 0.16903776
  0.17191681 0.22631893]
 [0.08458058 0.37663388 0.4790894  0.04498802 0.05010821 0.391369
  0.3856404  0.52543557]]"
4,experiments/prepump_joint_train_v6_fix/epoch_ckpts/epoch_004.pt,0.010849850252270699,0.008056600578129292,0.019967027008533478,1.2392852306365967,0.9146015644073486,1.296462059020996,"[[2.854524   4.2169523  1.4705071  1.4540117  1.464842   2.453951
  2.441341   0.8165676 ]
 [2.8662014  4.2158747  1.4580308  1.4524055  1.4634469  2.4477465
  2.431969   0.79024255]
 [2.8536358  4.212972   1.4760284  1.4525206  1.4633888  2.4530315
  2.438417   0.8238468 ]
 [2.85969    4.2208085  1.4608563  1.4508122  1.4614545  2.4578645
  2.4449425  0.8393124 ]
 [2.857278   4.209246   1.4631196  1.4480221  1.459136   2.4491045
  2.4356012  0.80607545]
 [2.873542   4.203076   1.4498311  1.4613079  1.4728657  2.434044
  2.418286   0.76027924]
 [2.8589044  4.223389   1.4559969  1.448196   1.4589546  2.4525094
  2.4406977  0.8076546 ]
 [2.857062   4.2120147  1.4663587  1.448391   1.4582584  2.4572747
  2.4429467  0.8716515 ]
 [2.8647306  4.1981373  1.4602227  1.4569157  1.467824   2.4394596
  2.4215488  0.81704867]
 [2.879168   4.1618323  1.4183933  1.4592679  1.4687262  2.4224918
  2.403095   0.89182955]
 [2.8544257  4.1875486  1.4166155  1.4431555  1.4535981  2.4268606
  2.4136453  0.853935  ]
 [2.837011   4.1801844  1.4633571  1.4414856  1.4506825  2.442654
  2.4290347  0.9143994 ]
 [2.9019468  3.9606047  1.3911761  1.4668221  1.4744296  2.3616302
  2.3308582  1.0974116 ]
 [2.857776   4.1638145  1.4536443  1.4526505  1.4625199  2.4368942
  2.419547   0.9156506 ]
 [2.8857923  4.2250333  1.8172166  1.4465579  1.4509757  2.6628335
  2.6354156  1.2290344 ]
 [2.9987879  4.2009807  2.405681   1.4821234  1.4744929  3.0577226
  3.0026193  2.0567412 ]
 [2.9628656  4.273767   2.2748864  1.4765103  1.4713238  3.0191183
  2.9806082  2.0227885 ]
 [2.884698   4.391043   1.9769516  1.4605556  1.4623964  2.8389497
  2.8197737  1.4522189 ]
 [2.9494948  4.3502913  2.2296228  1.4745378  1.4717945  2.9743235
  2.934454   1.6795735 ]
 [2.8574395  4.4227767  1.9655566  1.4462346  1.450244   2.8193405
  2.801043   1.3126634 ]
 [2.844089   4.3020134  1.5911227  1.4474394  1.456923   2.5703385
  2.559151   1.0552666 ]
 [2.8977528  4.3380556  1.8006138  1.462218   1.4675527  2.7253284
  2.7052517  1.2949942 ]
 [2.8661125  4.5496573  2.0170748  1.4557434  1.4564295  2.9208503
  2.9060073  1.4901336 ]
 [3.0177653  4.0084586  1.4461339  1.5366423  1.5431286  2.48238
  2.4434257  1.2881525 ]
 [3.0066407  4.1700845  1.6003386  1.5210038  1.5263908  2.6212358
  2.5843887  1.3669364 ]
 [2.9783242  3.8033893  1.5997216  1.4998955  1.5021814  2.512404
  2.4655373  1.6548592 ]
 [2.9924247  3.911972   1.3825197  1.5206779  1.5268971  2.407858
  2.3671076  1.3051263 ]
 [2.9731185  3.9884162  1.2291417  1.5189384  1.5309117  2.3049963
  2.2791224  0.8731114 ]
 [3.0418153  4.1118755  1.3853393  1.5447137  1.5513339  2.5137048
  2.4820046  1.2706246 ]
 [3.0203974  3.7756345  1.1902932  1.535904   1.5451149  2.2581065
  2.2112086  1.096634  ]
 [2.998665   3.868257   1.3210717  1.5248114  1.5313231  2.3688986
  2.3287678  1.2586912 ]
 [3.0172813  3.9639847  1.3161132  1.5367018  1.5419984  2.4244926
  2.3904037  1.3274194 ]
 [2.9766734  3.649982   1.1737053  1.5215167  1.529335   2.1904526
  2.148808   1.1428704 ]
 [2.9518723  3.6350558  1.2662069  1.5053239  1.5114663  2.2345405
  2.1938422  1.2629188 ]
 [3.0016966  4.1294847  1.2923326  1.5367912  1.5460433  2.424957
  2.4084141  1.0134525 ]
 [2.9733593  3.9642954  1.2204384  1.521111   1.5321618  2.3032813
  2.277297   0.91992986]
 [2.9722288  4.004914   1.4563373  1.5067132  1.5159318  2.4536076
  2.4143975  1.1494102 ]
 [3.0287986  3.8663378  1.2635069  1.540197   1.5473485  2.3501253
  2.3101897  1.2385383 ]
 [3.0246491  3.898853   1.2285007  1.547737   1.5569402  2.3220747
  2.2866526  1.1013204 ]
 [2.9979305  4.01449    1.3512878  1.5232766  1.5317054  2.427301
  2.3951926  1.1727827 ]
 [2.9970737  4.165516   1.3308747  1.5262551  1.5366269  2.4539762
  2.43579    0.9868981 ]
 [3.010135   4.101604   1.4334618  1.5284063  1.535094   2.5184047
  2.4878104  1.259063  ]
 [2.975869   3.8059442  1.1663957  1.5167766  1.5271269  2.2240639
  2.1877134  0.978442  ]
 [2.8972492  4.2765584  1.4479566  1.4759932  1.4867281  2.5060067
  2.496177   0.95078933]
 [2.963408   4.4098196  1.7590398  1.4979895  1.5037255  2.7732267
  2.7471762  1.3223698 ]]","[[0.01348605 0.0415353  0.02756616 0.00870796 0.00889318 0.02392209
  0.02575129 0.07894504]
 [0.01507569 0.0468184  0.03825505 0.00869498 0.00885565 0.03422574
  0.03510932 0.06485323]
 [0.0120447  0.02905828 0.02488046 0.00755307 0.00803105 0.01866619
  0.01998935 0.07828108]
 [0.01260638 0.02979809 0.02688803 0.00849808 0.0087731  0.018115
  0.01944706 0.08139064]
 [0.01113938 0.03124383 0.02906463 0.00736849 0.00791209 0.01707598
  0.02001953 0.06184504]
 [0.0167613  0.05128366 0.02654458 0.00910135 0.00983498 0.02935485
  0.03319019 0.07707566]
 [0.01332977 0.03797645 0.03625025 0.00895458 0.00908453 0.02884692
  0.03049726 0.06105401]
 [0.01692496 0.05032072 0.05376519 0.00944411 0.00965886 0.02931596
  0.03040188 0.08665562]
 [0.01559694 0.03202273 0.04057851 0.00960037 0.01024279 0.01960685
  0.02164023 0.08726547]
 [0.02430532 0.09603658 0.04738493 0.0128388  0.01254726 0.04988623
  0.05371393 0.10861487]
 [0.02723143 0.09154584 0.07600182 0.01591161 0.01604447 0.06978128
  0.07367601 0.09418333]
 [0.02613568 0.11841302 0.07868366 0.01365162 0.01399755 0.07090364
  0.07487404 0.11312536]
 [0.03218016 0.16488732 0.10399314 0.01511855 0.01452449 0.1069282
  0.10915431 0.17321658]
 [0.03353183 0.09652907 0.11247627 0.01563344 0.01523961 0.08897435
  0.08863495 0.16306664]
 [0.05233343 0.2681228  0.2946159  0.01961443 0.01779353 0.2384377
  0.24058521 0.41409585]
 [0.06303322 0.28933996 0.38784155 0.01897005 0.01384054 0.32029456
  0.3188874  0.55646616]
 [0.07256055 0.21602097 0.42650908 0.02285487 0.01721258 0.32120404
  0.3139748  0.6320115 ]
 [0.05871757 0.23586424 0.4365236  0.02343066 0.02272895 0.34429175
  0.3408983  0.6026267 ]
 [0.05679593 0.23621924 0.40083188 0.01623927 0.01396922 0.30935097
  0.3043577  0.5793832 ]
 [0.05789954 0.20237125 0.3807571  0.02768775 0.02999491 0.28927875
  0.28695574 0.4705883 ]
 [0.07298639 0.14352112 0.23115267 0.03816404 0.03884709 0.15893316
  0.15929958 0.24232736]
 [0.0583577  0.16088636 0.40202042 0.02713597 0.02729474 0.29787877
  0.29266283 0.5607448 ]
 [0.09104708 0.32489148 0.51860505 0.04337307 0.04432393 0.42925927
  0.42755884 0.61978996]
 [0.04366098 0.2643687  0.29503915 0.02031609 0.02097072 0.2678401
  0.2695565  0.34339678]
 [0.05376946 0.25008684 0.35939053 0.02587926 0.0258128  0.29709926
  0.29558843 0.44939145]
 [0.0369745  0.28086853 0.3131791  0.01828552 0.01956794 0.26561275
  0.26506215 0.35340172]
 [0.04852903 0.19113229 0.23594165 0.02214266 0.02172481 0.20208533
  0.19894387 0.30727774]
 [0.05820964 0.1666935  0.1482203  0.03004035 0.02950288 0.13319516
  0.1362792  0.24320756]
 [0.04800701 0.19777185 0.28510058 0.02588866 0.02569383 0.23331587
  0.2295248  0.36569196]
 [0.05648759 0.17099544 0.14994624 0.02723908 0.02518525 0.15988013
  0.16061978 0.27483943]
 [0.04056766 0.21370919 0.23982958 0.02647357 0.02680662 0.19384007
  0.19300906 0.22834912]
 [0.04704615 0.2479413  0.2780752  0.0237083  0.02419297 0.24530987
  0.24464478 0.29238752]
 [0.04478094 0.19917795 0.09937931 0.02442175 0.02428215 0.11451633
  0.11797021 0.20882942]
 [0.03177616 0.20262311 0.10592625 0.02320803 0.02319828 0.09335274
  0.09762951 0.1392883 ]
 [0.06880854 0.21105705 0.23875709 0.03846221 0.03869616 0.18478253
  0.18793628 0.22514215]
 [0.06437279 0.18649642 0.1349469  0.03314949 0.03165964 0.13372968
  0.1395357  0.24513415]
 [0.05484831 0.19902138 0.22336964 0.03080079 0.03028058 0.17897671
  0.17928818 0.281944  ]
 [0.05176039 0.21469778 0.2296746  0.02363339 0.0229873  0.21299255
  0.21252744 0.33068871]
 [0.04594294 0.18541004 0.16494942 0.02150051 0.02133482 0.15607576
  0.15807611 0.22809716]
 [0.0635279  0.23266347 0.26681465 0.0312347  0.03047689 0.22982937
  0.23009056 0.37273556]
 [0.0887346  0.2121088  0.3093238  0.0480587  0.04883368 0.22320482
  0.22443964 0.27796572]
 [0.05079802 0.31415325 0.3803459  0.02468695 0.02510892 0.33577344
  0.33559868 0.43350852]
 [0.05441743 0.16676761 0.09134673 0.02824016 0.02629934 0.11255282
  0.11587663 0.2652838 ]
 [0.08653866 0.16127133 0.24436606 0.04972306 0.05049393 0.16945516
  0.17030679 0.22018674]
 [0.07520279 0.32094276 0.43809032 0.03730964 0.03832929 0.36339143
  0.36319375 0.48032197]]"
5,experiments/prepump_joint_train_v6_fix/epoch_ckpts/epoch_005.pt,0.01792260631918907,0.019593795761466026,0.01942536234855652,1.2089664936065674,0.6847419738769531,0.8402944207191467,"[[2.8331463  4.2302766  1.5033195  1.457175   1.4500862  2.4533653
  2.4404588  0.7579052 ]
 [2.8413987  4.228599   1.4928238  1.4541698  1.446714   2.4532514
  2.437903   0.7470694 ]
 [2.8327875  4.2260094  1.5151459  1.455089   1.4483849  2.4548206
  2.440377   0.7498588 ]
 [2.8457599  4.2298994  1.4914688  1.4575241  1.451138   2.4566298
  2.444478   0.7741525 ]
 [2.844909   4.217244   1.4950614  1.4574622  1.4507878  2.4495575
  2.4344203  0.74388033]
 [2.8439374  4.2296576  1.5014185  1.4583287  1.4508771  2.4545887
  2.439732   0.74461234]
 [2.8448048  4.2312117  1.4859128  1.455852   1.4484913  2.4521189
  2.4399211  0.7496013 ]
 [2.8515332  4.2278     1.4930269  1.4600949  1.4534123  2.4574788
  2.443903   0.7788753 ]
 [2.8328838  4.2165365  1.5151007  1.45485    1.44881    2.4503438
  2.434416   0.7728286 ]
 [2.874451   4.1949215  1.4467752  1.4675422  1.4621174  2.4362998
  2.4200413  0.8220157 ]
 [2.8496199  4.2106795  1.4406424  1.4547522  1.4492079  2.4318714
  2.4200323  0.7905431 ]
 [2.8384466  4.2110634  1.470688   1.4574262  1.451454   2.4400954
  2.4276965  0.81425834]
 [2.9188952  3.9966853  1.337404   1.4856744  1.4872789  2.3299682
  2.298732   0.8929136 ]
 [2.8460877  4.203095   1.4738717  1.4621627  1.4578028  2.440193
  2.4264734  0.8342678 ]
 [2.8466654  4.1911488  1.7335075  1.4473054  1.438809   2.568096
  2.5441782  0.95124507]
 [2.9280503  4.127826   2.254641   1.4704547  1.4617559  2.8762784
  2.8389575  1.5820316 ]
 [2.8962085  4.161367   2.1124167  1.4564395  1.4510012  2.8225884
  2.7983615  1.5841748 ]
 [2.87076    4.2478366  1.7508307  1.469017   1.4626014  2.6224213
  2.6026723  1.0122141 ]
 [2.8928597  4.20104    1.9729321  1.4710562  1.4620316  2.7145295
  2.6809683  1.1165974 ]
 [2.8464692  4.239569   1.7241673  1.4553349  1.4497436  2.5929177
  2.5745666  0.92561483]
 [2.9114642  4.18725    1.4158319  1.4847835  1.4819591  2.4456553
  2.4362566  0.8359866 ]
 [2.8905942  4.2190046  1.6165117  1.4691148  1.4642861  2.5516448
  2.532092   0.93816954]
 [2.9287698  4.3318105  1.6584806  1.4870102  1.4813237  2.6475031
  2.6283941  1.0282413 ]
 [3.0888636  3.9543154  1.2410152  1.5688314  1.5726395  2.3666947
  2.3358083  1.097527  ]
 [3.0415652  4.087824   1.3913519  1.5435176  1.5452986  2.4645934
  2.4296553  1.047107  ]
 [3.0289478  3.769345   1.3371184  1.531506   1.5404164  2.3427334
  2.3029592  1.2958511 ]
 [3.0489895  3.888622   1.21517    1.5504118  1.5569435  2.3072724
  2.2729146  1.0844423 ]
 [3.0385282  3.9492478  1.148564   1.5491639  1.5539972  2.2635868
  2.2476816  0.8384211 ]
 [3.0952349  4.0053644  1.1949036  1.5661912  1.5690895  2.375502
  2.3505876  1.0678127 ]
 [3.1004815  3.765204   1.0595754  1.568004   1.5751361  2.195857
  2.1567225  0.95421976]
 [3.082431   3.8341706  1.1444447  1.5599686  1.5663598  2.2690403
  2.2315524  1.0371594 ]
 [3.0764189  3.9180822  1.1396545  1.5596734  1.5643513  2.315287
  2.2910311  1.1341763 ]
 [3.0577574  3.665333   1.0456746  1.5554308  1.5651702  2.1288722
  2.0932271  0.9698776 ]
 [3.0289743  3.6470685  1.1071246  1.541103   1.5513742  2.1471603
  2.10819    1.0068511 ]
 [3.0601728  4.0334167  1.1663947  1.5599266  1.5614593  2.3365319
  2.3316295  0.93349874]
 [3.0627506  3.895462   1.0938294  1.5591247  1.5636606  2.2341013
  2.2157893  0.85321784]
 [3.0344274  3.8816192  1.2106115  1.5401485  1.545613   2.275596
  2.2352755  0.8548081 ]
 [3.0853403  3.8488395  1.116992   1.5641669  1.5703436  2.2658648
  2.237382   1.0729301 ]
 [3.0778399  3.8737476  1.105089   1.5699463  1.5762885  2.25604
  2.2369199  1.0263064 ]
 [3.0719798  3.9442697  1.1628292  1.5581554  1.5620892  2.315235
  2.2926493  1.0226065 ]
 [3.0484805  4.0478554  1.1793284  1.5481648  1.549522   2.3484685
  2.3408453  0.91046596]
 [3.0720527  4.0002666  1.2379135  1.553483   1.5569375  2.381507
  2.3533363  1.0559764 ]
 [3.0339346  3.8049302  1.0765893  1.5436743  1.5513572  2.1766715
  2.1491196  0.8587917 ]
 [2.9676619  4.163805   1.2926353  1.5145754  1.5131503  2.397762
  2.3953638  0.8102245 ]
 [2.9979496  4.258472   1.5066097  1.5176228  1.5154026  2.5769794
  2.5499213  0.98806036]]","[[0.01447506 0.03114978 0.02398528 0.00781319 0.00784598 0.0180199
  0.02053063 0.06194954]
 [0.01393713 0.03411752 0.0287995  0.00866684 0.00833619 0.02504019
  0.0277179  0.05983138]
 [0.01367057 0.02409838 0.02254756 0.00836158 0.00798065 0.01515875
  0.01816617 0.0586511 ]
 [0.01152178 0.02180517 0.02172375 0.00811954 0.00832836 0.01388788
  0.01606214 0.05997794]
 [0.00921216 0.02683801 0.02439793 0.0068604  0.00705252 0.01662875
  0.02017271 0.04050162]
 [0.01312848 0.03268353 0.02469939 0.00735729 0.00722576 0.02103885
  0.02402346 0.06240492]
 [0.012099   0.02478452 0.02530813 0.00804523 0.00866296 0.01837348
  0.02137893 0.0532908 ]
 [0.01486043 0.04331557 0.05112154 0.00938474 0.00958708 0.02084658
  0.0223521  0.07767735]
 [0.01843134 0.02931497 0.03597511 0.00995792 0.01021887 0.01614415
  0.0200806  0.07364264]
 [0.03032366 0.08031365 0.06027049 0.01472205 0.01616412 0.04666612
  0.05044536 0.08408694]
 [0.03060082 0.06506585 0.06235709 0.01649674 0.01820399 0.0514345
  0.05526711 0.07813147]
 [0.02721782 0.09132526 0.07194103 0.01350074 0.01483229 0.05801969
  0.06174123 0.08326229]
 [0.0391008  0.14660762 0.07926016 0.01667623 0.0189319  0.08106924
  0.08666604 0.11875889]
 [0.03843146 0.06209271 0.08709868 0.01841758 0.0192194  0.04990103
  0.05097559 0.13303769]
 [0.04089641 0.18990514 0.24198928 0.01589616 0.01744274 0.14610869
  0.1476698  0.3133918 ]
 [0.05071982 0.21952938 0.37423554 0.01348994 0.01398338 0.25722334
  0.25806126 0.5398175 ]
 [0.06203764 0.16263673 0.4232892  0.02105038 0.02067851 0.2685724
  0.26532674 0.5876265 ]
 [0.05329467 0.17131032 0.35034215 0.0272253  0.02929404 0.24457255
  0.24307153 0.42628416]
 [0.04025278 0.17671445 0.33640143 0.01397348 0.01521215 0.22085847
  0.22013074 0.4481511 ]
 [0.07670335 0.15500954 0.29562065 0.03729195 0.03928938 0.19887912
  0.19881453 0.31166553]
 [0.09381742 0.10995063 0.20113856 0.04672236 0.0481508  0.11015232
  0.10927232 0.18256226]
 [0.06676089 0.10711785 0.3271435  0.0345005  0.03611719 0.2088277
  0.20568456 0.3933509 ]
 [0.10573339 0.2717308  0.4204453  0.04983352 0.05316425 0.32607058
  0.3230302  0.38946018]
 [0.04245051 0.20282    0.21113627 0.01716007 0.01720018 0.20419554
  0.20069185 0.21923624]
 [0.05723571 0.20109539 0.2534496  0.02388529 0.02669079 0.21766569
  0.21232332 0.28267497]
 [0.0435574  0.23210405 0.22473119 0.02289083 0.0234488  0.19463056
  0.1937695  0.25537276]
 [0.0507664  0.15116663 0.15640785 0.01966106 0.01965681 0.14503443
  0.13989124 0.19905832]
 [0.04313494 0.12268267 0.09817438 0.02069788 0.02116054 0.09862474
  0.10365272 0.18547088]
 [0.04163861 0.14130972 0.18006502 0.02015756 0.02132339 0.15525874
  0.14506324 0.21049744]
 [0.04459046 0.14064065 0.10583971 0.01919228 0.01825723 0.13311736
  0.13584729 0.21479131]
 [0.03524673 0.17115632 0.18080944 0.02027196 0.0203707  0.1579746
  0.15503661 0.16227095]
 [0.04251121 0.17303653 0.1695922  0.01831864 0.01820339 0.1620523
  0.15669912 0.16621208]
 [0.04134666 0.17067689 0.0716642  0.01931909 0.01768722 0.10587619
  0.11436725 0.16557594]
 [0.03756947 0.17999612 0.08086622 0.02260399 0.02186303 0.08579894
  0.09306484 0.11021537]
 [0.05133379 0.1300574  0.13773264 0.02769605 0.02906971 0.10849598
  0.10597155 0.15819693]
 [0.05368438 0.1463766  0.10580087 0.02369538 0.02398384 0.11156326
  0.119146   0.19911695]
 [0.05769694 0.16414042 0.16752407 0.02885662 0.03030492 0.13650574
  0.13763802 0.20358758]
 [0.04444908 0.16677223 0.1501118  0.01780589 0.01664105 0.15687644
  0.15582395 0.2143952 ]
 [0.03934022 0.14621915 0.10737009 0.01643637 0.01602511 0.11607307
  0.11827286 0.14578116]
 [0.05758593 0.16078484 0.16779907 0.02691479 0.02774137 0.15441906
  0.15175949 0.25119862]
 [0.07116498 0.13965742 0.19917013 0.03672382 0.03865447 0.13728668
  0.13344203 0.18511386]
 [0.04448747 0.23446898 0.25861517 0.01925471 0.02048962 0.24274711
  0.2364263  0.2670408 ]
 [0.04100044 0.13393234 0.06067775 0.01906442 0.01903684 0.09034612
  0.09865102 0.20431218]
 [0.0929008  0.12047257 0.18773171 0.05324688 0.05560275 0.11240397
  0.10957209 0.15408714]
 [0.08608019 0.26781535 0.35100976 0.04141129 0.04603112 0.2842499
  0.2806052  0.31121877]]"
6,experiments/prepump_joint_train_v6_fix/epoch_ckpts/epoch_006.pt,0.019685132429003716,0.019281188026070595,0.020878873765468597,1.2005013227462769,0.7100818157196045,0.9613454341888428,"[[2.8464737  4.264492   1.4837776  1.4634867  1.4550318  2.4478154
  2.4701118  0.7407199 ]
 [2.857316   4.26689    1.4708022  1.4618521  1.4530498  2.4523578
  2.472      0.7349407 ]
 [2.84956    4.2488112  1.4823095  1.4648116  1.456918   2.4393163
  2.4594212  0.7405399 ]
 [2.8599741  4.2555733  1.4605463  1.464253   1.4554145  2.4463177
  2.4672935  0.769897  ]
 [2.8604486  4.250089   1.4674762  1.4629303  1.4541223  2.4484496
  2.4689057  0.7759361 ]
 [2.8542972  4.2638564  1.4776311  1.4621611  1.4530296  2.4487815
  2.4705448  0.72596705]
 [2.8565235  4.261312   1.4634805  1.4612572  1.452227   2.4496202
  2.471637   0.77411246]
 [2.8625488  4.264195   1.4671515  1.4648601  1.4563248  2.4555826
  2.4756057  0.7835371 ]
 [2.847434   4.2591896  1.4849716  1.460679   1.453658   2.4507806
  2.4698536  0.7992892 ]
 [2.8836753  4.2574368  1.4243112  1.4690306  1.4600259  2.4490867
  2.4663532  0.78794485]
 [2.8685102  4.241287   1.4038534  1.4610243  1.4512819  2.4349813
  2.4543383  0.8218209 ]
 [2.8506393  4.266132   1.4387721  1.4585893  1.4508085  2.455058
  2.4729006  0.8537726 ]
 [2.9134357  4.128544   1.341455   1.4780065  1.4743997  2.404829
  2.4012322  0.968428  ]
 [2.854211   4.2590904  1.4436394  1.4672323  1.4599507  2.4548447
  2.4714544  0.90550154]
 [2.8644848  4.3606997  1.7226954  1.458081   1.4572122  2.637812
  2.653309   1.0204078 ]
 [2.9373953  4.515887   2.3268805  1.4783798  1.484867   3.0637577
  3.0838037  1.6873125 ]
 [2.8998458  4.480946   2.1816714  1.463791   1.4692476  2.9746146
  2.9935577  1.6547078 ]
 [2.8592713  4.5009537  1.8943834  1.4676744  1.4694864  2.7887616
  2.815242   1.1634188 ]
 [2.895583   4.5341444  2.1381068  1.4752133  1.4802222  2.9355843
  2.9616485  1.3482203 ]
 [2.834352   4.538133   1.9558182  1.4520546  1.4566138  2.8209388
  2.8551588  1.1430475 ]
 [2.913434   4.3116345  1.4929094  1.4872818  1.4835756  2.5263813
  2.5519352  0.8717066 ]
 [2.8878074  4.4199305  1.7246825  1.4723817  1.4713985  2.6768768
  2.7004929  1.0254647 ]
 [2.9213326  4.579664   1.8703653  1.4858583  1.4842424  2.86033
  2.8864832  1.2961338 ]
 [3.0616894  4.2897687  1.5217543  1.5603215  1.5583256  2.6458542
  2.6589887  1.2787502 ]
 [3.0224428  4.361728   1.5763985  1.5382003  1.5351982  2.6819506
  2.6898866  1.2452109 ]
 [3.0028389  4.1745315  1.6597027  1.5164571  1.5226517  2.6784482
  2.6806366  1.5803887 ]
 [3.0339026  4.143465   1.3802521  1.5453883  1.5435942  2.508597
  2.5083938  1.2348201 ]
 [3.022109   4.037616   1.1698321  1.5455139  1.5374541  2.320169
  2.3251119  0.8896451 ]
 [3.0695982  4.2520328  1.3912336  1.5596912  1.5539078  2.574815
  2.5866766  1.2001829 ]
 [3.0862896  4.032889   1.2787853  1.5676303  1.5666687  2.4299295
  2.4341805  1.1394919 ]
 [3.0618386  4.1153517  1.3499451  1.5552367  1.5540761  2.4940202
  2.5007443  1.1904696 ]
 [3.05747    4.1323385  1.279805   1.5525277  1.5468192  2.4762473
  2.4802904  1.2099042 ]
 [3.0473897  3.8695824  1.1856209  1.5542319  1.5548453  2.3021157
  2.3000364  1.1117135 ]
 [3.0136857  3.885349   1.2582772  1.534325   1.5375383  2.3307612
  2.327345   1.1262687 ]
 [3.0440998  4.150788   1.2391307  1.5579051  1.5480331  2.4216058
  2.4379177  0.97930527]
 [3.0525317  4.034731   1.1776288  1.5608777  1.5543796  2.3395128
  2.3505204  0.9275395 ]
 [3.0068161  4.211455   1.4493089  1.5293895  1.5307316  2.5366235
  2.5491493  1.0647615 ]
 [3.072753   4.095903   1.2994839  1.5633641  1.5595067  2.4760852
  2.480864   1.242643  ]
 [3.0628977  4.04537    1.2054559  1.5676862  1.5624518  2.3904293
  2.3971388  1.1202271 ]
 [3.0558364  4.176107   1.3609033  1.5537038  1.5489244  2.5236394
  2.5317113  1.2127593 ]
 [3.0338564  4.197548   1.2741693  1.5474799  1.537846   2.4600341
  2.4782054  0.9975439 ]
 [3.0545106  4.262442   1.4459767  1.5506456  1.5464195  2.603431
  2.6123781  1.2483969 ]
 [3.0172982  3.934223   1.1263791  1.5379164  1.5336418  2.2720125
  2.269555   0.9550595 ]
 [2.9676325  4.22266    1.3186955  1.5169829  1.5077137  2.4323616
  2.4550467  0.81999224]
 [2.9791863  4.5183353  1.7008361  1.511124   1.5090768  2.7787845
  2.8010318  1.1638142 ]]","[[0.01133413 0.02023576 0.02255265 0.0052542  0.00492179 0.01347236
  0.01528995 0.03004856]
 [0.01103351 0.02675408 0.02807775 0.00561766 0.0051321  0.02120262
  0.02325424 0.03635448]
 [0.00935966 0.01827502 0.02014568 0.00450857 0.00494539 0.01162885
  0.01392289 0.03258048]
 [0.00919627 0.01781006 0.02186304 0.00583212 0.00637614 0.01111048
  0.01225931 0.03377776]
 [0.00680536 0.01831021 0.02468885 0.00525216 0.00588338 0.01334465
  0.01579125 0.02636041]
 [0.01083372 0.02211507 0.02100045 0.00552041 0.00533916 0.01491
  0.01740317 0.03555107]
 [0.01072054 0.0219848  0.02802443 0.00641387 0.00642638 0.01756071
  0.01879655 0.0356971 ]
 [0.01190436 0.03175825 0.04465215 0.00769987 0.00860741 0.0234137
  0.02488616 0.04700018]
 [0.01536582 0.02418498 0.03241859 0.00747631 0.00774695 0.01850852
  0.01921951 0.05923078]
 [0.02558646 0.05239172 0.05171563 0.0124956  0.01285789 0.03698983
  0.04178986 0.05591642]
 [0.0236285  0.05584074 0.06019648 0.01228018 0.01194688 0.04751409
  0.05146104 0.05572208]
 [0.02236725 0.0654064  0.06934786 0.01060082 0.00978832 0.04806553
  0.05295089 0.06221654]
 [0.03389056 0.11340528 0.08118313 0.01425876 0.01483812 0.08007915
  0.08424757 0.1246836 ]
 [0.03741392 0.05727868 0.08660547 0.01573391 0.01458353 0.0562077
  0.05643838 0.12103996]
 [0.03833192 0.19046777 0.24943453 0.01352773 0.01614504 0.19129781
  0.19570775 0.29810664]
 [0.05715877 0.24643849 0.39828652 0.0167593  0.01880958 0.31587732
  0.32444713 0.5753598 ]
 [0.06250452 0.19701117 0.4352653  0.01999244 0.02050087 0.32398465
  0.32607365 0.62358993]
 [0.04922828 0.23997414 0.40366    0.02432584 0.02153795 0.31849623
  0.32316953 0.4927029 ]
 [0.0444303  0.22299787 0.3726878  0.01357108 0.01423549 0.28846386
  0.29521754 0.49906757]
 [0.06962633 0.21074921 0.37115657 0.03409248 0.03109171 0.2771088
  0.2817047  0.41428715]
 [0.08138806 0.14818865 0.24302202 0.04145872 0.03677204 0.16246057
  0.1646616  0.2171447 ]
 [0.06047885 0.18862624 0.3814027  0.03110979 0.02692929 0.28193277
  0.283492   0.45475337]
 [0.09250996 0.3853782  0.5503774  0.04482339 0.04150104 0.45067254
  0.4584963  0.57244235]
 [0.03809446 0.3199638  0.36896574 0.01868955 0.01765655 0.33512202
  0.34277895 0.3622531 ]
 [0.05243061 0.2965605  0.38252208 0.02389795 0.02308323 0.33882803
  0.34496343 0.42537692]
 [0.03940257 0.27301842 0.33960778 0.02259704 0.02083256 0.28792864
  0.2919137  0.39210573]
 [0.0475343  0.23612991 0.2950245  0.02130764 0.02089074 0.26783982
  0.27148196 0.3349333 ]
 [0.04330483 0.13684785 0.13782248 0.02322934 0.02203956 0.13061723
  0.13247733 0.20817618]
 [0.04234999 0.26622248 0.3629891  0.02476501 0.02304186 0.31153646
  0.31367174 0.381294  ]
 [0.04212761 0.23832099 0.26342103 0.02036056 0.01921866 0.26095724
  0.26559165 0.3347641 ]
 [0.04083591 0.26706207 0.31923953 0.02639052 0.02309441 0.26845646
  0.2747889  0.2700966 ]
 [0.03971888 0.2637541  0.30529994 0.02128973 0.01942953 0.27282444
  0.27601275 0.28003967]
 [0.04438599 0.18095921 0.15097177 0.02362058 0.0201241  0.15022953
  0.15379497 0.22145614]
 [0.03983897 0.17290974 0.15844373 0.02586415 0.02218995 0.12160201
  0.12638961 0.18529291]
 [0.05247579 0.19571084 0.23361766 0.02971256 0.02676913 0.18976322
  0.19368602 0.19865228]
 [0.05607706 0.17010824 0.17574456 0.02649787 0.02413546 0.16405284
  0.1680373  0.23730631]
 [0.05567946 0.2014613  0.2612324  0.03061579 0.02850948 0.21562119
  0.22083649 0.29456967]
 [0.04482635 0.25937343 0.29872525 0.02067689 0.01927177 0.28061503
  0.28434846 0.3416065 ]
 [0.04249474 0.2011053  0.20122655 0.02166368 0.02043096 0.18856935
  0.19266917 0.21000968]
 [0.05776329 0.25737768 0.3226452  0.02921485 0.02777785 0.28687906
  0.2901225  0.3844033 ]
 [0.07014698 0.23029989 0.31760707 0.03991425 0.03521894 0.24149187
  0.24554563 0.2628691 ]
 [0.0432843  0.3520532  0.41911072 0.0208955  0.01988877 0.37986383
  0.38531387 0.43134785]
 [0.04523161 0.1375358  0.09117474 0.02224211 0.02113593 0.11328477
  0.11514951 0.22441149]
 [0.07753666 0.16242713 0.22933269 0.046562   0.04248856 0.16485742
  0.16706292 0.19796272]
 [0.06896638 0.33441976 0.43944028 0.03568228 0.03370478 0.36917385
  0.37516153 0.43445203]]"
7,experiments/prepump_joint_train_v6_fix/epoch_ckpts/epoch_007.pt,0.009907722473144531,0.0067000784911215305,0.012811794877052307,1.2492656707763672,0.6378233432769775,1.080068826675415,"[[2.8393583  4.223614   1.444699   1.4701959  1.4566581  2.4051473
  2.403969   0.6832888 ]
 [2.8489947  4.2286797  1.4361045  1.4716574  1.4581237  2.408612
  2.406886   0.67236024]
 [2.847843   4.212863   1.4477304  1.4769008  1.4655224  2.4005167
  2.3952265  0.68708783]
 [2.8511534  4.2206926  1.4314631  1.474812   1.463755   2.4080346
  2.4019063  0.7228675 ]
 [2.8583224  4.214773   1.4381003  1.4775939  1.4658649  2.4059794
  2.4013927  0.6968653 ]
 [2.847136   4.2212625  1.4358693  1.4701355  1.4563562  2.4019785
  2.401932   0.6611351 ]
 [2.8574827  4.2243805  1.4255127  1.4747052  1.462249   2.407718
  2.4072602  0.7018807 ]
 [2.85826    4.2177196  1.4308766  1.4769462  1.4661871  2.4102273
  2.4046595  0.72642946]
 [2.8458452  4.212733   1.4411229  1.4729681  1.4629312  2.4032547
  2.3941169  0.7196734 ]
 [2.8674796  4.200467   1.39152    1.4729493  1.4617212  2.394782
  2.3941047  0.71948916]
 [2.8548498  4.203666   1.3715607  1.4686577  1.4571373  2.3909578
  2.391574   0.7696547 ]
 [2.8394382  4.2263136  1.4064041  1.4646207  1.4532194  2.4132595
  2.4150467  0.7939197 ]
 [2.8899417  4.088115   1.3305937  1.4764533  1.4705002  2.349812
  2.3609252  0.8518389 ]
 [2.8652477  4.21568    1.3901622  1.4840513  1.4752866  2.403022
  2.40588    0.799902  ]
 [2.858098   4.334367   1.7100632  1.4641938  1.4569106  2.6217856
  2.6309135  1.0197151 ]
 [2.9109647  4.481076   2.3887565  1.4694867  1.4667653  3.079897
  3.1181343  1.7412039 ]
 [2.897628   4.4691677  2.2342024  1.4632504  1.4627419  2.9994528
  3.035478   1.7049391 ]
 [2.8527977  4.463315   1.8744186  1.4723358  1.467508   2.7512968
  2.7867959  1.1138549 ]
 [2.8760717  4.4889827  2.1097689  1.4742231  1.4700743  2.8884432
  2.9275973  1.26419   ]
 [2.8225613  4.47982    1.905493   1.4576201  1.455275   2.7520816
  2.8011758  1.0533465 ]
 [2.9236996  4.266861   1.4491752  1.498758   1.4948424  2.4729552
  2.5104804  0.7965105 ]
 [2.8906126  4.3681064  1.6832889  1.4796758  1.4744551  2.6266418
  2.65912    0.97326094]
 [2.9134443  4.5336223  1.8194333  1.4864291  1.4845206  2.7966254
  2.8398035  1.1665741 ]
 [3.0222404  4.2750473  1.5577698  1.5387115  1.5442647  2.6209784
  2.665221   1.179161  ]
 [2.9882832  4.318944   1.5602608  1.5251112  1.5256103  2.6147285
  2.642912   1.0759627 ]
 [2.9216824  4.2054276  1.8112347  1.4789162  1.4865918  2.7073462
  2.7620525  1.5344629 ]
 [2.993783   4.136847   1.4174256  1.5278424  1.53151    2.475537
  2.5074933  1.0851022 ]
 [3.0139954  4.007952   1.1394908  1.5393171  1.5386002  2.2524612
  2.2867918  0.73539615]
 [3.042994   4.2366796  1.3946633  1.5435023  1.5473285  2.529949
  2.56997    1.0571991 ]
 [3.0370367  4.0660567  1.366018   1.5404868  1.549213   2.4407172
  2.4921448  1.0521637 ]
 [3.0064864  4.1499043  1.4541163  1.5281253  1.5348171  2.5084205
  2.556922   1.1034408 ]
 [3.026618   4.125453   1.3048931  1.5346656  1.5387949  2.4385598
  2.4771593  1.0614417 ]
 [2.9927175  3.895799   1.2732869  1.5266936  1.5339935  2.3051252
  2.3541074  1.029326  ]
 [2.9457626  3.9465997  1.3831173  1.5033537  1.5091786  2.3601034
  2.4093046  1.0476022 ]
 [3.0343206  4.124331   1.2124201  1.5471892  1.5472828  2.3649704
  2.4062643  0.8652415 ]
 [3.0328596  4.0074015  1.1681209  1.5471857  1.5498414  2.285396
  2.3297307  0.8151555 ]
 [2.9555194  4.237533   1.540337   1.509578   1.5125809  2.5502906
  2.5972705  1.0168425 ]
 [3.0325394  4.101302   1.3370802  1.5408034  1.54638    2.449884
  2.4916985  1.1067595 ]
 [3.0348587  4.0450487  1.218592   1.549924   1.5543524  2.3486161
  2.3884506  0.9605309 ]
 [3.0292215  4.18233    1.3876214  1.539101   1.5428773  2.5025322
  2.543171   1.0993392 ]
 [3.023961   4.1985316  1.2761425  1.5371317  1.5368325  2.4297342
  2.4728875  0.8981678 ]
 [3.0241926  4.251711   1.4582114  1.533834   1.5371177  2.5665307
  2.6057532  1.1157193 ]
 [2.9898646  3.935843   1.1450319  1.5255574  1.5268925  2.2346408
  2.272296   0.81416845]
 [2.9642978  4.196898   1.2966797  1.5158501  1.5113144  2.393279
  2.4285307  0.77273726]
 [2.9494193  4.5041356  1.7183509  1.5014423  1.5005456  2.754107
  2.793494   1.0800742 ]]","[[0.01182464 0.02043972 0.02030751 0.00575626 0.00620192 0.01128993
  0.01283474 0.04246957]
 [0.01300798 0.02455181 0.02503378 0.00667291 0.00740406 0.01940843
  0.02131904 0.04045423]
 [0.00999162 0.01804118 0.02310764 0.00503304 0.00582404 0.01169666
  0.01309385 0.04035447]
 [0.00980728 0.01562499 0.02009184 0.00572746 0.00674157 0.01029961
  0.01124892 0.04147602]
 [0.00855654 0.01714005 0.0245587  0.00593707 0.00739494 0.01083798
  0.01303502 0.02831454]
 [0.01285385 0.02314839 0.02105734 0.00736282 0.00815434 0.01539824
  0.01648952 0.04580531]
 [0.01041457 0.01821929 0.02315612 0.00721037 0.00856205 0.01426515
  0.01596371 0.03721816]
 [0.01459939 0.03417079 0.04180411 0.0089707  0.010572   0.02073595
  0.02229218 0.06556078]
 [0.01258154 0.02045434 0.03308179 0.00746545 0.00848424 0.01535471
  0.01625306 0.05942911]
 [0.02426917 0.04878577 0.04290822 0.01034854 0.01128218 0.03262743
  0.02905165 0.0665982 ]
 [0.02514625 0.05403658 0.05843937 0.01244025 0.01364648 0.04890705
  0.04992553 0.06627306]
 [0.02562978 0.06617934 0.06656157 0.0131458  0.01367122 0.05159911
  0.05337667 0.0775663 ]
 [0.03062952 0.09547909 0.08293179 0.01247604 0.01352752 0.06987275
  0.07002249 0.12767519]
 [0.02518359 0.04990508 0.07877938 0.01208918 0.01293899 0.053143
  0.05401798 0.10349739]
 [0.03630329 0.19560751 0.29131678 0.0137211  0.01531699 0.21830954
  0.22926366 0.34986243]
 [0.04996147 0.23116878 0.46955952 0.01359363 0.01411706 0.3471595
  0.3616722  0.6733527 ]
 [0.05219446 0.19433856 0.5253066  0.01702327 0.01552737 0.37392464
  0.38483    0.74688536]
 [0.04549202 0.24411649 0.43846768 0.02377604 0.02227009 0.34297326
  0.35353985 0.5485153 ]
 [0.04033835 0.21473749 0.4279646  0.01483179 0.01416436 0.31696182
  0.3293133  0.5696905 ]
 [0.07062318 0.22719976 0.39381307 0.03386618 0.03331338 0.29844394
  0.3074751  0.45086837]
 [0.07675673 0.16955441 0.26629502 0.03556745 0.03610871 0.19087894
  0.19478676 0.24023218]
 [0.0537618  0.19267851 0.42055425 0.02782153 0.02627207 0.30826798
  0.31567204 0.51170164]
 [0.09296649 0.36491534 0.56159    0.04220079 0.04280252 0.44729397
  0.45522532 0.58916575]
 [0.04529028 0.3010129  0.39430293 0.02151685 0.02235539 0.3430277
  0.34594214 0.38342696]
 [0.04974056 0.2669911  0.3835031  0.02127796 0.0235042  0.32720986
  0.33293325 0.39907137]
 [0.04309967 0.23566224 0.36545566 0.02706371 0.02648931 0.28062484
  0.28772154 0.43020615]
 [0.04320029 0.21196863 0.3132688  0.01932663 0.02041227 0.26746818
  0.27186045 0.3419979 ]
 [0.04249465 0.13673533 0.14792418 0.01899035 0.02101055 0.13509211
  0.13429078 0.17463453]
 [0.03941935 0.260568   0.3799169  0.02108494 0.02227353 0.32206345
  0.32302445 0.37319702]
 [0.04192884 0.25313488 0.31744334 0.02038856 0.02075019 0.29652613
  0.29667562 0.35935646]
 [0.05216786 0.28015876 0.3833619  0.02887809 0.02906551 0.3096776
  0.31480777 0.33329386]
 [0.0423238  0.2508176  0.32276118 0.02092588 0.02135185 0.28091946
  0.28158236 0.29675683]
 [0.05490765 0.18262365 0.20564212 0.02798599 0.02750685 0.17468458
  0.17607974 0.25234175]
 [0.05352789 0.17156065 0.23210375 0.0306463  0.03048569 0.16027825
  0.16694093 0.24396853]
 [0.05592213 0.22227146 0.2745442  0.02624622 0.02711744 0.2260095
  0.22764744 0.20328903]
 [0.0597978  0.18984233 0.22089638 0.02442319 0.02573658 0.1936441
  0.19459113 0.2280206 ]
 [0.05891653 0.20746689 0.30712172 0.02903361 0.0310511  0.24042736
  0.24700624 0.32007983]
 [0.04777937 0.24523048 0.31568405 0.02019575 0.02096971 0.28569207
  0.2853877  0.34464908]
 [0.04473947 0.19353284 0.22219457 0.02050678 0.02179901 0.20005381
  0.2008133  0.2205016 ]
 [0.06208037 0.26495162 0.35563782 0.02755527 0.02932409 0.30678478
  0.30787754 0.38088226]
 [0.06922735 0.2656421  0.36447152 0.03364224 0.03478123 0.28637677
  0.289388   0.28198227]
 [0.04371069 0.32796296 0.4185134  0.02024315 0.02114259 0.37164328
  0.37186483 0.40572992]
 [0.0451187  0.12516993 0.11114031 0.01918341 0.02107315 0.11364043
  0.11266246 0.20376705]
 [0.07114123 0.1920873  0.25998145 0.0364715  0.03846735 0.19783582
  0.19960405 0.20320903]
 [0.06496566 0.3122297  0.44417933 0.03118818 0.03324076 0.3627207
  0.36777672 0.42268586]]"
8,experiments/prepump_joint_train_v6_fix/epoch_ckpts/epoch_008.pt,0.006444317754358053,0.007863800041377544,0.007824689149856567,1.1925911903381348,0.575789213180542,0.9649329781532288,"[[2.8440711  4.209898   1.4649025  1.461738   1.4638437  2.412721
  2.4130254  0.7032193 ]
 [2.858476   4.2030354  1.4531177  1.4660766  1.4677787  2.4106996
  2.4094834  0.67619485]
 [2.841326   4.203102   1.4749876  1.4597173  1.4629327  2.4109695
  2.4097168  0.70591754]
 [2.8510978  4.2038765  1.4524825  1.4597205  1.4631714  2.4150815
  2.4124382  0.72782105]
 [2.8546722  4.198017   1.4601378  1.4601227  1.4639876  2.4185748
  2.4153154  0.7327399 ]
 [2.8546052  4.2084103  1.4661385  1.4645429  1.4656639  2.4132426
  2.4160454  0.6699222 ]
 [2.8521154  4.2025523  1.4483639  1.459431   1.4623128  2.4123278
  2.411937   0.719241  ]
 [2.8589761  4.2070293  1.4524069  1.4632695  1.4667996  2.420937
  2.4172297  0.73889565]
 [2.8481486  4.2123857  1.4759821  1.463121   1.4666986  2.4164467
  2.414437   0.71293914]
 [2.8890264  4.2024355  1.4115216  1.4752622  1.4768167  2.4133344
  2.410089   0.7068827 ]
 [2.8648221  4.1925664  1.3958653  1.455142   1.4594754  2.410842
  2.4095535  0.7875731 ]
 [2.8574865  4.2290654  1.4178648  1.4603902  1.4632035  2.4329183
  2.43411    0.8147874 ]
 [2.9164786  4.1121373  1.3571929  1.4778882  1.4822906  2.3971782
  2.3884606  0.9169663 ]
 [2.8691375  4.1983805  1.4124988  1.4680457  1.4726976  2.41955
  2.4208534  0.84289724]
 [2.8727834  4.297351   1.7371318  1.4605174  1.4602182  2.6282814
  2.6305804  0.98322684]
 [2.9238193  4.3391666  2.3306868  1.481455   1.4720253  3.0000186
  3.009962   1.6201552 ]
 [2.894646   4.354997   2.2083871  1.4605556  1.4555477  2.9462955
  2.9578414  1.6348552 ]
 [2.8706002  4.352248   1.7900745  1.4719365  1.4719914  2.6759195
  2.6907456  1.0196211 ]
 [2.8888671  4.34984    2.026532   1.4781158  1.4747369  2.7992728
  2.8147602  1.1638714 ]
 [2.8474936  4.289281   1.7107669  1.4574047  1.46024    2.589406
  2.6133401  0.8671656 ]
 [2.9160185  4.146741   1.3746725  1.4778026  1.4811054  2.4052901
  2.4191518  0.7904145 ]
 [2.8882766  4.2726955  1.6276973  1.4667287  1.4680654  2.5672662
  2.580208   0.90964013]
 [2.9243908  4.382193   1.6646255  1.4800301  1.481077   2.6641479
  2.68063    0.98150635]
 [3.0224285  4.143406   1.3902823  1.535634   1.5387378  2.491452
  2.4940174  1.0299461 ]
 [2.9886105  4.194454   1.4761063  1.5162315  1.5198559  2.5384638
  2.5340714  1.0674355 ]
 [2.966099   4.1157413  1.5693256  1.5002658  1.504825   2.5718832
  2.577849   1.3214246 ]
 [3.0056787  4.059949   1.3148468  1.5275613  1.5324135  2.4146683
  2.408466   1.0634156 ]
 [2.992182   3.9550464  1.16979    1.516771   1.5243897  2.2752688
  2.2655003  0.908207  ]
 [3.013689   4.1161056  1.317785   1.523061   1.5267515  2.4531546
  2.4562337  1.0545214 ]
 [3.0364695  3.8988557  1.1934372  1.5409878  1.5463784  2.300239
  2.2958148  0.97003317]
 [3.013369   3.9883425  1.2645036  1.5296211  1.5342563  2.3684418
  2.367236   1.0220901 ]
 [3.0181627  4.0569887  1.2377852  1.5228839  1.5267395  2.3997276
  2.3994012  1.0937295 ]
 [3.0195484  3.8064039  1.1505176  1.538525   1.54491    2.2334049
  2.2241654  0.9972336 ]
 [2.9849994  3.8548574  1.2359263  1.5194125  1.5256995  2.2808828
  2.2764578  1.0078369 ]
 [3.0062814  4.048167   1.204194   1.5224371  1.5269057  2.349371
  2.3511791  0.9462622 ]
 [3.0207474  3.9252992  1.1386245  1.5352875  1.540159   2.2655373
  2.2595747  0.9074451 ]
 [2.9734316  4.0574837  1.3331593  1.511213   1.515903   2.388721
  2.3934135  0.8802097 ]
 [3.0270634  3.9958997  1.2365285  1.5350144  1.5393999  2.3714461
  2.3682368  1.0854069 ]
 [3.031485   3.9652522  1.1707442  1.541464   1.5467681  2.3184636
  2.3131735  1.0274326 ]
 [3.0209625  4.050135   1.2673622  1.5263447  1.5300391  2.4001129
  2.3988976  1.0503255 ]
 [2.9952917  4.0911627  1.2323706  1.5108191  1.5153311  2.3829448
  2.3890612  0.96073264]
 [3.0084128  4.129983   1.3557326  1.5193962  1.5233531  2.4718852
  2.4729822  1.0559539 ]
 [2.9882407  3.9069312  1.1380956  1.5154499  1.5218604  2.2441437
  2.2392547  0.8957964 ]
 [2.9379852  4.108678   1.2764198  1.4852417  1.4909152  2.3620837
  2.3676445  0.82598513]
 [2.9464653  4.3280206  1.5438763  1.4862744  1.4889528  2.5983927
  2.6113696  0.91311663]]","[[0.01030863 0.01580421 0.02313912 0.00559443 0.00548637 0.00973117
  0.01164373 0.02902608]
 [0.01046506 0.02180809 0.03031053 0.00544274 0.00540654 0.01971243
  0.02096565 0.03752175]
 [0.00826886 0.01506516 0.02296547 0.00490328 0.00482645 0.00921499
  0.01086032 0.02733083]
 [0.00764657 0.01602262 0.02148033 0.00537066 0.00546756 0.0099724
  0.01120833 0.03321645]
 [0.00757792 0.01400041 0.02449102 0.00531194 0.00537708 0.01014746
  0.01153352 0.02734316]
 [0.00832396 0.01864892 0.02363144 0.00484545 0.0050717  0.01164883
  0.01337589 0.03332581]
 [0.0086212  0.01798283 0.02899727 0.0051857  0.00574616 0.01481057
  0.01571724 0.03006723]
 [0.01130329 0.03202705 0.04713611 0.00707149 0.00732266 0.01832864
  0.01864419 0.05091916]
 [0.01313131 0.02157071 0.03899763 0.0070129  0.00714546 0.01521668
  0.01553737 0.04449201]
 [0.02438416 0.04270982 0.04792207 0.01225541 0.01205327 0.03148729
  0.03234316 0.05965598]
 [0.01887957 0.04838747 0.04936866 0.00953973 0.01018136 0.04123023
  0.04333604 0.04658486]
 [0.01911412 0.05918182 0.06252004 0.00903477 0.00994847 0.04731289
  0.04915875 0.07079948]
 [0.02896505 0.09952861 0.07942596 0.01254504 0.01287975 0.07266132
  0.07435035 0.1354691 ]
 [0.0200991  0.0535162  0.08629074 0.01030719 0.01079492 0.05334004
  0.05390672 0.10269106]
 [0.03638038 0.2104751  0.29631063 0.0143149  0.01382414 0.21599269
  0.22131169 0.33950427]
 [0.05001887 0.22102621 0.42547616 0.01689818 0.01237397 0.2988585
  0.30043712 0.6009789 ]
 [0.04934946 0.18979551 0.49551377 0.01792895 0.01563335 0.3350318
  0.33324784 0.675119  ]
 [0.0384485  0.20911422 0.39703143 0.01752472 0.01917925 0.2969361
  0.3002497  0.4538822 ]
 [0.03588739 0.18686287 0.38649687 0.01150583 0.0114201  0.26691657
  0.2702381  0.49773735]
 [0.05528482 0.17305674 0.32363993 0.0245571  0.02580945 0.22965243
  0.23323454 0.31092006]
 [0.05933855 0.12397052 0.21173604 0.02803556 0.02823555 0.1377356
  0.14220093 0.1929521 ]
 [0.04364516 0.15788405 0.37892205 0.0200315  0.02131619 0.26617533
  0.2686431  0.42355248]
 [0.06446572 0.33113408 0.45619828 0.02866071 0.03028045 0.37123674
  0.37651035 0.38400805]
 [0.03258089 0.24811564 0.2751798  0.01822272 0.01895397 0.2455214
  0.2529795  0.20531628]
 [0.03996177 0.22705753 0.2810632  0.01881971 0.019077   0.24556006
  0.2524561  0.28213328]
 [0.03351788 0.22267893 0.2834273  0.02062369 0.02103152 0.22797292
  0.23072396 0.31099015]
 [0.03500522 0.16098322 0.2093195  0.01833479 0.01810757 0.18246296
  0.18518105 0.21588214]
 [0.03235319 0.10905306 0.10170123 0.01949743 0.01873878 0.10107855
  0.10311667 0.18598574]
 [0.03761088 0.19096296 0.263656   0.02313597 0.02283291 0.21846044
  0.22174942 0.22651033]
 [0.03236328 0.18718244 0.19163822 0.01735759 0.01742667 0.19361377
  0.198071   0.22452965]
 [0.0388934  0.1973713  0.22909573 0.02355286 0.02375884 0.18421072
  0.1913279  0.16375147]
 [0.03213161 0.20249368 0.22707804 0.01967544 0.01959002 0.19634879
  0.20101102 0.16380747]
 [0.03381949 0.15683615 0.11358279 0.01805069 0.01790808 0.11556423
  0.12018101 0.16971865]
 [0.03748118 0.14738669 0.13311394 0.02161442 0.02153114 0.09119388
  0.09666721 0.15737456]
 [0.0416356  0.14837638 0.1694137  0.02373812 0.02325707 0.13634437
  0.14209355 0.14688024]
 [0.04392578 0.13350733 0.12657626 0.02118427 0.02091476 0.12109988
  0.12533367 0.1856973 ]
 [0.05031288 0.14832959 0.18682751 0.0260694  0.02624255 0.14551091
  0.1504368  0.21475166]
 [0.03447283 0.18985684 0.21021806 0.01655483 0.01610198 0.19764519
  0.20043387 0.23136799]
 [0.03357143 0.15290673 0.1438153  0.019143   0.01896892 0.13387199
  0.13828258 0.14940369]
 [0.04480286 0.18403287 0.21983309 0.02492055 0.02443014 0.19966567
  0.20293263 0.2598688 ]
 [0.04726878 0.17054506 0.2217157  0.02663404 0.02681804 0.16472718
  0.17124286 0.18429981]
 [0.03528723 0.26785582 0.30536523 0.01861317 0.01877955 0.27762726
  0.28340337 0.25763234]
 [0.03458434 0.12119043 0.07312866 0.01746041 0.01732225 0.09514245
  0.09627718 0.18798016]
 [0.05002319 0.13250284 0.16867359 0.02801497 0.02858334 0.12742925
  0.13201037 0.15427254]
 [0.04909128 0.25125694 0.32409957 0.02625051 0.02741627 0.2705646
  0.2757199  0.26050407]]"
9,experiments/prepump_joint_train_v6_fix/epoch_ckpts/epoch_009.pt,0.005797829013317823,0.005797863006591797,0.005643583834171295,1.076536774635315,0.670055627822876,0.8736308217048645,"[[2.8517783  4.2301316  1.4589036  1.4612573  1.4631292  2.4364157
  2.42985    0.72301096]
 [2.8566697  4.23267    1.4471835  1.461648   1.4639663  2.4357958
  2.4272423  0.71933055]
 [2.8531454  4.2312746  1.4623982  1.4600095  1.4625705  2.437491
  2.4309604  0.72512597]
 [2.8561435  4.2327886  1.4475566  1.4603753  1.4637358  2.4374332
  2.4287937  0.74055076]
 [2.8585565  4.225956   1.4481764  1.4603705  1.4634556  2.4364913
  2.427111   0.7346818 ]
 [2.8579133  4.229185   1.4526497  1.4626503  1.4646721  2.432689
  2.4278843  0.70713156]
 [2.860385   4.2328835  1.4405966  1.4604644  1.4632138  2.4373155
  2.4327614  0.7395824 ]
 [2.8621485  4.2391124  1.4444759  1.4624345  1.4658684  2.4444013
  2.435964   0.75609505]
 [2.8572989  4.2423983  1.4561467  1.4615346  1.4652535  2.442108
  2.4352455  0.75738144]
 [2.8756723  4.221228   1.4064502  1.4655315  1.4692445  2.428382
  2.4196339  0.7441133 ]
 [2.8612046  4.219581   1.3977164  1.454646   1.4592589  2.4289796
  2.4207404  0.7870217 ]
 [2.8482902  4.2448378  1.4144642  1.4567142  1.4593054  2.4469802
  2.440735   0.8406279 ]
 [2.880803   4.14659    1.3473198  1.4616467  1.4675822  2.4024644
  2.3940315  0.8964378 ]
 [2.871611   4.2430716  1.4020898  1.4682559  1.4736093  2.4461668
  2.4450767  0.86860955]
 [2.8635397  4.3994517  1.681761   1.4573364  1.458017   2.6532183
  2.6542497  0.9961539 ]
 [2.8972297  4.568201   2.2514172  1.4669272  1.465381   3.0456076
  3.0530148  1.5668935 ]
 [2.8723876  4.5640144  2.1448243  1.4490029  1.4495006  2.9913538
  3.000391   1.5807624 ]
 [2.8611288  4.5064373  1.8181522  1.463613   1.464556   2.7690563
  2.77761    1.0983062 ]
 [2.8745518  4.51721    1.9998873  1.4698431  1.4694992  2.8615437
  2.8719969  1.1828604 ]
 [2.8439236  4.4377937  1.7700197  1.4524093  1.4543183  2.6961155
  2.7120101  0.9485441 ]
 [2.9114065  4.272821   1.439019   1.4702419  1.476294   2.4989977
  2.5125353  0.83890986]
 [2.8800476  4.4119806  1.6642785  1.457972   1.4608401  2.6575615
  2.6676672  0.98054695]
 [2.911484   4.529049   1.7444305  1.4706115  1.4751855  2.7752128
  2.7867782  1.0763028 ]
 [2.981727   4.3203373  1.5322936  1.5126337  1.5238911  2.625097
  2.632004   1.0809426 ]
 [2.9626815  4.3303833  1.521308   1.500477   1.5104027  2.6139472
  2.6147547  1.0660046 ]
 [2.9184332  4.208196   1.5931804  1.4737853  1.4834542  2.6043878
  2.6144788  1.3148521 ]
 [2.9562323  4.171989   1.3701171  1.496828   1.507742   2.4783676
  2.4812891  1.0741313 ]
 [2.9706604  4.0351067  1.1748804  1.5001233  1.513837   2.3050687
  2.3072038  0.8446281 ]
 [2.9865453  4.269639   1.4038589  1.501338   1.5134969  2.5458653
  2.5558264  1.0242149 ]
 [2.9863863  4.0580907  1.3288835  1.5091318  1.5234351  2.4186232
  2.4268289  1.0069553 ]
 [2.9673982  4.148681   1.3782364  1.4988306  1.5109192  2.4720237
  2.4809287  1.0156395 ]
 [2.9734313  4.1710386  1.3096445  1.4927922  1.5047808  2.459941
  2.4698195  1.0444345 ]
 [2.9579508  3.8981454  1.224467   1.5014033  1.5143805  2.2919123
  2.298514   1.0136527 ]
 [2.9312556  3.9498925  1.2859437  1.4876863  1.4990975  2.324352
  2.3297098  0.9745837 ]
 [2.9858565  4.1642427  1.261337   1.5052736  1.5177547  2.4194992
  2.4301448  0.92094755]
 [2.9865448  4.0266204  1.1897287  1.5102164  1.5232924  2.3223946
  2.328518   0.87875605]
 [2.9332254  4.2053456  1.4228134  1.4867859  1.4955468  2.4871354
  2.494999   0.9036693 ]
 [2.9824288  4.14615    1.3445029  1.5061973  1.5185727  2.4730031
  2.4803324  1.0900518 ]
 [2.9861894  4.078383   1.2347457  1.5130328  1.5261627  2.3816996
  2.3886566  0.99730945]
 [2.9878302  4.182247   1.3574309  1.5044413  1.5164592  2.4902177
  2.498178   1.059315  ]
 [2.9826362  4.214592   1.2939976  1.4981533  1.5102092  2.4606986
  2.4733288  0.9451071 ]
 [2.9788404  4.278115   1.4453607  1.5007461  1.5123208  2.5728858
  2.5802827  1.0836948 ]
 [2.94397    3.9931808  1.1823574  1.489174   1.5003856  2.2910116
  2.29601    0.8794838 ]
 [2.9343429  4.2001557  1.3140765  1.4765882  1.4867775  2.4254944
  2.433785   0.83265233]
 [2.9334435  4.4660234  1.6282762  1.4776791  1.4847047  2.7051556
  2.7153113  0.98693544]]","[[0.00746366 0.01602401 0.01799184 0.00446277 0.00515394 0.01071652
  0.01370091 0.02223757]
 [0.00842638 0.02161095 0.0226336  0.00408987 0.00474269 0.01825527
  0.019639   0.02956324]
 [0.00631201 0.01179278 0.01869879 0.00402959 0.00434166 0.00850228
  0.01041283 0.02216169]
 [0.0065821  0.0142573  0.01708273 0.00453799 0.00535663 0.01002943
  0.01141772 0.02284331]
 [0.00682962 0.01303603 0.01897258 0.00436764 0.0048401  0.01034204
  0.01163892 0.01839969]
 [0.00818804 0.01770725 0.01681245 0.0035215  0.00436794 0.01226814
  0.01473537 0.0295576 ]
 [0.0080552  0.02106679 0.02497199 0.00485931 0.00580506 0.0173359
  0.01877584 0.02086709]
 [0.01009413 0.02472473 0.03461657 0.00581756 0.00685239 0.02077696
  0.02183221 0.04305328]
 [0.00983525 0.01697036 0.03244079 0.00532113 0.00604993 0.01757546
  0.01804958 0.04995534]
 [0.01664454 0.03701985 0.03423672 0.00719105 0.00809851 0.02788448
  0.0296336  0.05198275]
 [0.01664535 0.04398283 0.04393168 0.00712721 0.00903418 0.03944757
  0.04211196 0.04782952]
 [0.0190842  0.05543067 0.05672032 0.00789042 0.00997462 0.04477207
  0.04690603 0.06509209]
 [0.02174968 0.08887396 0.05958752 0.00763181 0.00921057 0.06137535
  0.06230716 0.1048688 ]
 [0.01861595 0.0494913  0.07412656 0.00892055 0.01020019 0.05054576
  0.05088266 0.08542036]
 [0.02552464 0.17149834 0.24068561 0.01067098 0.01261303 0.18862389
  0.1917767  0.2544691 ]
 [0.0351133  0.21095465 0.39995322 0.01237319 0.01238615 0.29315618
  0.2941619  0.5399127 ]
 [0.03750608 0.19862503 0.45941633 0.01618337 0.0171354  0.32924923
  0.32802895 0.6141796 ]
 [0.03569586 0.2490451  0.38519868 0.01592634 0.01822128 0.308038
  0.30814007 0.43670246]
 [0.02632065 0.18837732 0.35882014 0.01060809 0.01215062 0.2628065
  0.26562592 0.44184092]
 [0.05209247 0.20210889 0.31935838 0.02226223 0.02537516 0.24090935
  0.24272394 0.3150689 ]
 [0.0556492  0.15443638 0.22521415 0.02495934 0.02855004 0.16297509
  0.1650867  0.18996675]
 [0.04165839 0.20861617 0.3688809  0.01894292 0.02204238 0.27700165
  0.27789438 0.40253183]
 [0.06268261 0.36655074 0.48211458 0.02566844 0.03009078 0.40062252
  0.3991442  0.424052  ]
 [0.03153514 0.2852894  0.30601165 0.01323551 0.01498252 0.28239185
  0.28335437 0.2338568 ]
 [0.03653084 0.24077086 0.29415715 0.01535926 0.01754759 0.26219803
  0.26292333 0.27107188]
 [0.02842126 0.22504318 0.25270382 0.01599854 0.01733395 0.21694744
  0.21744792 0.2794884 ]
 [0.0340979  0.19040814 0.22837982 0.01511163 0.01631522 0.2064094
  0.20679757 0.21810518]
 [0.03432417 0.12499058 0.11423088 0.016396   0.01813908 0.11503672
  0.11596879 0.16686773]
 [0.03302731 0.22472702 0.29293695 0.01826305 0.01988766 0.2532585
  0.25161374 0.24719106]
 [0.0359152  0.25682694 0.25693557 0.01642269 0.01786964 0.25864226
  0.2593908  0.26909086]
 [0.03641444 0.24659567 0.27440363 0.01880909 0.021049   0.23664197
  0.23827039 0.20171787]
 [0.03270087 0.23247662 0.25145915 0.01564835 0.01711011 0.2271003
  0.22672157 0.17400575]
 [0.03914386 0.2117818  0.14820987 0.01808583 0.0200356  0.16201393
  0.16430247 0.18855788]
 [0.03173678 0.17422354 0.13291804 0.01671175 0.01837151 0.11804499
  0.12004504 0.14570352]
 [0.04141965 0.19128825 0.22103745 0.01895092 0.02110533 0.18565388
  0.18654794 0.14738631]
 [0.04863945 0.18496422 0.17955446 0.02049889 0.0231045  0.17300352
  0.175143   0.19731149]
 [0.04296554 0.1683722  0.2045677  0.02058783 0.0233187  0.17116718
  0.17390224 0.20546941]
 [0.04121823 0.23854786 0.24943767 0.01607219 0.01745674 0.24221781
  0.24099576 0.2496074 ]
 [0.03776624 0.1914729  0.17740609 0.01801511 0.01969951 0.17081897
  0.17162555 0.14510825]
 [0.04552376 0.23197636 0.2654441  0.02170323 0.02394379 0.24477099
  0.24366385 0.2696729 ]
 [0.04739939 0.21697217 0.2774811  0.02339322 0.02663518 0.22094026
  0.22098842 0.1832655 ]
 [0.03505316 0.30315524 0.33498937 0.01481951 0.0161558  0.31244278
  0.31112924 0.2794834 ]
 [0.03789144 0.14342776 0.08994852 0.0155192  0.01770892 0.1123406
  0.11397181 0.17874496]
 [0.04944798 0.1632474  0.20679718 0.0250695  0.02904612 0.16288958
  0.1640852  0.16167992]
 [0.04231638 0.27416205 0.34544173 0.02097408 0.02447991 0.29342616
  0.2931314  0.27074027]]"
10,experiments/prepump_joint_train_v6_fix/epoch_ckpts/epoch_010.pt,0.00420943321660161,0.005013108253479004,0.007247813045978546,0.9221343994140625,0.5379400253295898,0.8562581539154053,"[[2.8438501  4.231232   1.4790883  1.4644147  1.4667188  2.4285178
  2.4310963  0.7242241 ]
 [2.8477607  4.2307196  1.4621291  1.4635464  1.4653442  2.4296234
  2.4283736  0.7379361 ]
 [2.8461382  4.2224946  1.4689298  1.4647927  1.4684882  2.422508
  2.4234517  0.7492526 ]
 [2.8502645  4.2240663  1.4534178  1.4638488  1.4672706  2.4258308
  2.4247675  0.7683645 ]
 [2.8522024  4.221125   1.4568753  1.4623649  1.4656676  2.4276187
  2.4265401  0.76811415]
 [2.8468096  4.222949   1.4680336  1.4646289  1.4669592  2.4215772
  2.4220302  0.72386885]
 [2.8493721  4.2309604  1.4494919  1.4615135  1.4642341  2.4307075
  2.4334784  0.78532255]
 [2.8580046  4.2269735  1.4482737  1.4660225  1.4691644  2.4353602
  2.432795   0.79521036]
 [2.8523061  4.2193613  1.4570754  1.4668145  1.4716578  2.4246044
  2.4223423  0.78867877]
 [2.8745334  4.210625   1.4265     1.4721988  1.474769   2.4237056
  2.4155648  0.75184953]
 [2.8523366  4.2164617  1.4141499  1.4594232  1.4614775  2.4264426
  2.4291801  0.84387475]
 [2.8429918  4.2375464  1.4228581  1.462818   1.4644134  2.4455924
  2.4482157  0.9033959 ]
 [2.8881664  4.135203   1.3746027  1.4752115  1.4764128  2.4173448
  2.4057302  0.97014326]
 [2.8583112  4.215481   1.3980674  1.4738065  1.4770677  2.438011
  2.4459095  0.9883978 ]
 [2.8643308  4.2976885  1.6113771  1.4681369  1.4710044  2.582858
  2.582431   1.0530032 ]
 [2.9046066  4.349342   2.107147   1.4851277  1.4858357  2.8893073
  2.8844743  1.4673251 ]
 [2.890833   4.339433   2.0120876  1.4764388  1.479028   2.856517
  2.8619454  1.580127  ]
 [2.8760488  4.386536   1.7381505  1.482334   1.4853616  2.6958752
  2.6969972  1.1285739 ]
 [2.8840177  4.356999   1.8987433  1.48707    1.4905854  2.7518353
  2.748507   1.1459281 ]
 [2.8580747  4.361209   1.7240312  1.4697455  1.4744486  2.6557257
  2.659325   0.9791098 ]
 [2.9277358  4.182721   1.3742009  1.4883051  1.4897403  2.4522898
  2.4536583  0.9400558 ]
 [2.898223   4.283091   1.575685   1.4784784  1.4813564  2.57449
  2.5758963  1.0224507 ]
 [2.9358337  4.402886   1.6476806  1.4952343  1.4968561  2.70159
  2.700371   1.158864  ]
 [3.0048892  4.1950216  1.4560056  1.537492   1.5391431  2.5669098
  2.5552962  1.1937809 ]
 [2.970242   4.25808    1.4845921  1.5157813  1.5170441  2.5818906
  2.5694165  1.1488404 ]
 [2.9521997  4.150989   1.5899886  1.5092208  1.5124844  2.6150744
  2.6160645  1.4399234 ]
 [2.972966   4.1261597  1.363895   1.5200348  1.5206386  2.485517
  2.4787943  1.2219002 ]
 [2.9737403  4.0074925  1.1938899  1.5133499  1.513169   2.3259177
  2.312716   1.0099598 ]
 [3.0060465  4.1994166  1.3676445  1.5269786  1.527385   2.527845
  2.5222912  1.1612129 ]
 [3.0147948  4.0006666  1.3106023  1.5378275  1.539985   2.4164639
  2.4042268  1.1065286 ]
 [2.999623   4.098188   1.3648784  1.5298526  1.5311319  2.4831343
  2.4738412  1.1707854 ]
 [2.9969668  4.116323   1.2913339  1.5206267  1.5198399  2.4625561
  2.4592123  1.217815  ]
 [2.9838827  3.864946   1.2373194  1.5284227  1.529662   2.3158865
  2.3058898  1.1434128 ]
 [2.9578521  3.9242191  1.3216999  1.5162266  1.5187211  2.3656793
  2.3580866  1.1319333 ]
 [2.9876814  4.1088643  1.2529408  1.5185809  1.5172867  2.4188607
  2.4149668  1.0986048 ]
 [2.9970684  3.973956   1.1850126  1.5265006  1.5260005  2.3237867
  2.3082101  1.017862  ]
 [2.9520166  4.159189   1.4106102  1.5082413  1.5107236  2.4844377
  2.477504   0.9967956 ]
 [3.0041165  4.074791   1.3087595  1.5322179  1.5318967  2.4550188
  2.4476628  1.2131072 ]
 [3.0026023  4.0269957  1.2294395  1.5335773  1.5336353  2.3865452
  2.3779109  1.147768  ]
 [3.0024624  4.102048   1.31287    1.5265627  1.5254642  2.4626994
  2.4552543  1.1964908 ]
 [2.9899368  4.158183   1.277728   1.5167812  1.5155925  2.4559014
  2.4549437  1.120044  ]
 [2.9943702  4.1852465  1.3974286  1.522322   1.5225548  2.5340405
  2.5266073  1.1894541 ]
 [2.9572186  3.9712827  1.199372   1.5102425  1.5101694  2.3135986
  2.307074   1.0189098 ]
 [2.9360874  4.162205   1.3102353  1.4897472  1.4908775  2.4249914
  2.4255216  0.98063284]
 [2.9413466  4.3875704  1.5774474  1.4927797  1.4954065  2.658151
  2.6563833  1.0434223 ]]","[[0.00709147 0.01193794 0.01402669 0.00408841 0.00461169 0.00757567
  0.00964844 0.02505889]
 [0.0071833  0.01521457 0.01629159 0.00344784 0.00406369 0.01162032
  0.01360424 0.03422407]
 [0.00671649 0.01490995 0.01598425 0.00393384 0.00465371 0.00866844
  0.011167   0.03396659]
 [0.00660841 0.01452399 0.01397435 0.00437264 0.00529072 0.00765141
  0.00866519 0.03876675]
 [0.0060924  0.012144   0.01548192 0.00403742 0.00467902 0.00801373
  0.0088635  0.02970652]
 [0.00688084 0.01394445 0.01519095 0.00312285 0.00398075 0.00859019
  0.01068094 0.03517061]
 [0.00641813 0.01439784 0.01641066 0.00405297 0.0049246  0.01034087
  0.01122358 0.0406105 ]
 [0.0112247  0.0273124  0.02626444 0.00577774 0.00691562 0.01638895
  0.01743526 0.0600437 ]
 [0.00921018 0.01593114 0.02446052 0.00514626 0.00617043 0.01363218
  0.01405564 0.06305201]
 [0.01735431 0.03568454 0.03236852 0.00886907 0.00924322 0.02313013
  0.02629551 0.06693294]
 [0.01475237 0.03559313 0.03326554 0.00619255 0.00664257 0.03123259
  0.03373764 0.05516198]
 [0.01685309 0.04703102 0.04621002 0.00667969 0.00740136 0.0364744
  0.03856239 0.0822553 ]
 [0.02469922 0.08544146 0.05794081 0.01046151 0.01035765 0.05413508
  0.05658137 0.11925989]
 [0.01738694 0.03488955 0.05457266 0.0085127  0.00857933 0.03439937
  0.03458908 0.10902979]
 [0.02713938 0.15233122 0.20652096 0.0113728  0.01227455 0.15227973
  0.15136647 0.23027024]
 [0.0336125  0.2006967  0.35829288 0.0134312  0.01184107 0.2443895
  0.2466569  0.47393918]
 [0.03500563 0.16926083 0.41801307 0.01296607 0.01278231 0.27853066
  0.2803888  0.56484586]
 [0.03421333 0.19808532 0.3389379  0.01492703 0.01512956 0.2622041
  0.26249576 0.40800515]
 [0.02292747 0.1698927  0.31803042 0.00951649 0.01031937 0.22249286
  0.22475167 0.39290088]
 [0.04968899 0.17011091 0.28958598 0.02037056 0.02022126 0.21218215
  0.2138108  0.2862689 ]
 [0.04891464 0.12155022 0.18404023 0.02170258 0.02043343 0.12837122
  0.13124971 0.1960923 ]
 [0.03488912 0.14153592 0.31791085 0.01477147 0.01437281 0.22681065
  0.2288535  0.3684444 ]
 [0.05690043 0.29632822 0.408738   0.02332556 0.02264955 0.34412253
  0.34117162 0.39397988]
 [0.03735987 0.2372683  0.24969405 0.01666173 0.01678391 0.23266606
  0.23262532 0.20240627]
 [0.04101801 0.20887783 0.24932255 0.01956875 0.01877763 0.22507474
  0.22438751 0.243568  ]
 [0.03257008 0.20037559 0.2284188  0.0172686  0.01711354 0.1905849
  0.19083068 0.26705706]
 [0.04135381 0.15709206 0.18918258 0.01990665 0.01985188 0.17247641
  0.17007335 0.19751142]
 [0.03493185 0.11149796 0.09635284 0.01811371 0.01806985 0.10076128
  0.10296682 0.19903028]
 [0.04027303 0.17576627 0.2329298  0.02257603 0.02214777 0.2054702
  0.20196325 0.21865128]
 [0.04345306 0.20894542 0.20395055 0.0209184  0.02129645 0.21532694
  0.21642332 0.2645254 ]
 [0.03914585 0.22750938 0.25332677 0.02109174 0.02062516 0.21386869
  0.21521808 0.17660959]
 [0.03533711 0.19540152 0.20291868 0.01767628 0.01729258 0.18723825
  0.18567865 0.15892114]
 [0.04023007 0.1855554  0.12458324 0.01877746 0.0191577  0.13571301
  0.1401429  0.19327734]
 [0.03640527 0.16464381 0.14248094 0.01853256 0.01815544 0.10546298
  0.10851618 0.15971185]
 [0.03869038 0.1532829  0.17229678 0.01860354 0.01739131 0.14552961
  0.14577515 0.15146257]
 [0.05042867 0.15953685 0.14280379 0.02220259 0.0220432  0.14501475
  0.14831613 0.21147652]
 [0.0514212  0.16742645 0.19932875 0.02557131 0.02516261 0.16173023
  0.16317895 0.2027175 ]
 [0.04408074 0.19997118 0.2011037  0.01928199 0.01932018 0.20079842
  0.19878557 0.22646746]
 [0.03999846 0.1683493  0.14334582 0.02003841 0.02000317 0.14035314
  0.14126179 0.13714416]
 [0.04850727 0.18230377 0.20428805 0.02495645 0.02436444 0.19368112
  0.1923594  0.25069278]
 [0.04048583 0.17695409 0.22095199 0.02026988 0.01879855 0.17840068
  0.17750256 0.17827095]
 [0.03950501 0.2437765  0.26655567 0.01928372 0.01896219 0.2532628
  0.25128266 0.24929632]
 [0.04167843 0.1307265  0.07043449 0.01873457 0.01919958 0.09480146
  0.09724116 0.20045188]
 [0.04054573 0.13360874 0.16073932 0.02275766 0.02174283 0.1302542
  0.13156722 0.17066997]
 [0.04235135 0.24062487 0.30124798 0.02174434 0.02129074 0.25926372
  0.25651303 0.2446869 ]]"
11,experiments/prepump_joint_train_v6_fix/epoch_ckpts/epoch_011.pt,0.010884268209338188,0.013634204864501953,0.01055050641298294,0.8507418632507324,0.48743557929992676,0.7917027473449707,"[[2.855061   4.2327385  1.4883853  1.4707129  1.4673734  2.4257581
  2.4448445  0.7137656 ]
 [2.8612096  4.23147    1.4805797  1.4723084  1.4680845  2.4264572
  2.4442146  0.70645976]
 [2.8532293  4.2257676  1.4878229  1.4679638  1.4649713  2.4213305
  2.4403062  0.7142255 ]
 [2.8596864  4.228225   1.4797113  1.4698316  1.4667271  2.4247246
  2.443506   0.7226412 ]
 [2.8611512  4.2205687  1.4817845  1.4698163  1.4658036  2.4245226
  2.445233   0.71992   ]
 [2.8586044  4.2296233  1.4844218  1.470694   1.467284   2.423096
  2.44186    0.70166624]
 [2.861629   4.2285247  1.4728602  1.4691842  1.4655762  2.4249573
  2.4447982  0.72128946]
 [2.868277   4.231256   1.473801   1.4724866  1.4698863  2.4304664
  2.4453855  0.72887945]
 [2.8614848  4.229151   1.4854674  1.4712361  1.4705877  2.4233253
  2.4385004  0.7218329 ]
 [2.8867202  4.2246113  1.4538808  1.4806577  1.479369   2.4279275
  2.4356284  0.72195923]
 [2.8676934  4.2265587  1.4426726  1.4678453  1.4639714  2.4268754
  2.443244   0.7681211 ]
 [2.8643975  4.2471094  1.4451267  1.4720708  1.4691727  2.4442022
  2.4567797  0.8264733 ]
 [2.900944   4.1519213  1.4175948  1.4830863  1.4837625  2.4155066
  2.4154975  0.8899489 ]
 [2.8801074  4.223581   1.4301625  1.4797081  1.4793831  2.4289002
  2.4441977  0.8368764 ]
 [2.8748617  4.244088   1.5899752  1.4681532  1.4666291  2.5196102
  2.5288558  0.89448005]
 [2.9134111  4.1597853  2.0784092  1.4780551  1.4805481  2.769288
  2.7905815  1.3942431 ]
 [2.8782487  4.2080007  2.0059307  1.4565922  1.460671   2.7673197
  2.7901092  1.493369  ]
 [2.8797226  4.311637   1.7416711  1.4781538  1.4810197  2.6343632
  2.6512072  1.051668  ]
 [2.8889112  4.222448   1.8303357  1.4805292  1.4833089  2.6214175
  2.6417205  0.98229134]
 [2.8671834  4.251528   1.6531013  1.4697522  1.4738443  2.5361776
  2.5566862  0.82660455]
 [2.9391382  4.1714563  1.399279   1.4910697  1.4936377  2.4262362
  2.4403155  0.8429687 ]
 [2.8942957  4.244304   1.5916519  1.4727725  1.4741153  2.5289717
  2.5461237  0.91291356]
 [2.9416797  4.3103876  1.5894283  1.493206   1.4968848  2.5882368
  2.6026764  0.97254145]
 [3.0147185  4.125608   1.4804296  1.5465199  1.5568558  2.5038984
  2.5121236  1.1011417 ]
 [2.9823344  4.220492   1.506932   1.5239997  1.5295678  2.5339782
  2.5381052  1.0341545 ]
 [2.9391341  4.018854   1.5662637  1.5041918  1.5150003  2.5080988
  2.529774   1.3702095 ]
 [2.9958696  4.06353    1.3635837  1.5351725  1.5425551  2.4178324
  2.4246175  1.1025319 ]
 [3.008602   4.0115323  1.2375898  1.5315683  1.5371741  2.3180768
  2.3155994  0.92494357]
 [3.0171225  4.1556034  1.392159   1.5347699  1.5418527  2.4793518
  2.491139   1.0770797 ]
 [3.0244403  3.9509847  1.393099   1.5482079  1.5619539  2.3953638
  2.411302   1.0862032 ]
 [3.0150297  4.0260124  1.3878729  1.5424037  1.5527785  2.4245138
  2.435619   1.108002  ]
 [3.0151083  4.079426   1.3112726  1.5331528  1.5398489  2.4168055
  2.4284763  1.1138909 ]
 [3.0084236  3.8242013  1.2963468  1.5444934  1.556101   2.2999418
  2.312403   1.1389221 ]
 [2.9650474  3.875416   1.3675308  1.5250734  1.5359025  2.3309546
  2.3445983  1.0939577 ]
 [3.0177004  4.103713   1.2851382  1.535722   1.5404891  2.3964567
  2.4031055  0.9812488 ]
 [3.04144    3.9651306  1.2276673  1.5535415  1.5617524  2.3154042
  2.316178   0.98419327]
 [2.9727798  4.0988503  1.4220129  1.522819   1.530311   2.4282289
  2.4404132  0.9303793 ]
 [3.0306387  4.0285144  1.3359227  1.5499562  1.5584633  2.4172847
  2.4278042  1.1620125 ]
 [3.0365314  4.0076246  1.2627244  1.5530849  1.5616797  2.3616123
  2.3667932  1.0652105 ]
 [3.0316126  4.071018   1.333396   1.542142   1.5491126  2.4243433
  2.4318154  1.1066762 ]
 [3.0153408  4.1477184  1.299702   1.5283912  1.5321634  2.428875
  2.4370782  1.0073457 ]
 [3.0174212  4.1419716  1.4128594  1.5347029  1.5417386  2.4845524
  2.4937975  1.0964409 ]
 [2.9875045  3.9563825  1.238517   1.5279131  1.5338609  2.2954009
  2.3061454  0.9527667 ]
 [2.9515557  4.156206   1.333205   1.4959582  1.4979535  2.4051702
  2.4135363  0.8902905 ]
 [2.954928   4.310317   1.5372676  1.4980277  1.501186   2.5677023
  2.5818758  0.9165404 ]]","[[0.00764681 0.00954583 0.01366203 0.00463142 0.00496805 0.00639567
  0.00788489 0.02032739]
 [0.00637111 0.01173613 0.01633496 0.00356246 0.00377462 0.00963721
  0.01131676 0.02364564]
 [0.00676089 0.0118481  0.01583058 0.00389928 0.00413737 0.00791148
  0.00889343 0.02268119]
 [0.0054738  0.01005996 0.0124774  0.00455611 0.00507795 0.00710565
  0.00814356 0.02160993]
 [0.00611146 0.00937438 0.01493818 0.00455405 0.00484262 0.00773259
  0.00885353 0.02331453]
 [0.00616691 0.01285697 0.01480563 0.00358402 0.00407832 0.007778
  0.00857894 0.02484684]
 [0.00627421 0.00965682 0.01703554 0.00407545 0.00452201 0.00752052
  0.00840391 0.02096817]
 [0.00914306 0.02021596 0.02590291 0.00580355 0.00639702 0.01105274
  0.01086246 0.03654288]
 [0.01042874 0.01619769 0.02556138 0.00560078 0.00597935 0.01262607
  0.0109672  0.04347453]
 [0.01512974 0.03022779 0.02754831 0.00830127 0.00966276 0.01948482
  0.02246795 0.05280696]
 [0.0126497  0.02551282 0.02702521 0.00629351 0.00734078 0.02354271
  0.02436357 0.04230012]
 [0.01585749 0.03841203 0.03918902 0.00681964 0.0078507  0.03230757
  0.03192696 0.08839589]
 [0.02099533 0.08180755 0.0488432  0.00910061 0.01058124 0.04338031
  0.04430876 0.13057527]
 [0.01538773 0.02909664 0.05166911 0.00893101 0.00966976 0.02748288
  0.0254188  0.10056256]
 [0.02435202 0.13718104 0.17470716 0.00926129 0.0112149  0.10790344
  0.10931908 0.22264288]
 [0.03775923 0.22455952 0.35627037 0.01414977 0.01339934 0.21149395
  0.22091283 0.5171628 ]
 [0.04481222 0.18787196 0.41506156 0.02083639 0.01875979 0.24537362
  0.2527968  0.6022677 ]
 [0.04418178 0.16804443 0.33165327 0.02414023 0.02346152 0.23552844
  0.23608911 0.4538976 ]
 [0.02504468 0.15297201 0.2984382  0.01018589 0.01068055 0.1745183
  0.18054578 0.41041428]
 [0.05186197 0.12318964 0.2584281  0.0249555  0.024359   0.17547646
  0.1763406  0.2984442 ]
 [0.05577409 0.10191394 0.18354604 0.02806536 0.02840094 0.1183034
  0.12074408 0.21615124]
 [0.04165646 0.09388049 0.3026625  0.02325764 0.02232902 0.19281037
  0.19586378 0.39896014]
 [0.05999915 0.23673613 0.36324036 0.02900679 0.02952862 0.29189247
  0.2921714  0.3904329 ]
 [0.03903082 0.21123114 0.24225599 0.01823101 0.02060477 0.2078823
  0.2112897  0.2169268 ]
 [0.04184013 0.18242955 0.24233997 0.02037876 0.02316514 0.20399481
  0.20759149 0.26831645]
 [0.04138224 0.17903204 0.21029906 0.02171821 0.02170829 0.15175876
  0.15466346 0.2875245 ]
 [0.03723716 0.13345899 0.17723781 0.01876036 0.02097447 0.14402184
  0.14597593 0.21368481]
 [0.03406095 0.09753903 0.08026769 0.02140894 0.02346682 0.08399988
  0.08419317 0.18373065]
 [0.0410824  0.15981472 0.2515393  0.02499617 0.02702526 0.1975894
  0.19926405 0.25455004]
 [0.04114294 0.18849483 0.22861691 0.0195413  0.02078501 0.20165363
  0.20339844 0.2912519 ]
 [0.04704332 0.19084826 0.22882472 0.0257223  0.02707318 0.17461722
  0.17820601 0.19900061]
 [0.03813504 0.17156549 0.20223808 0.02067892 0.0219972  0.16601042
  0.16762085 0.1885891 ]
 [0.05246115 0.17206319 0.12040544 0.02591097 0.02698817 0.10145725
  0.10405397 0.21308117]
 [0.0468122  0.1542523  0.12279785 0.02326146 0.02392743 0.07419005
  0.07613184 0.19704948]
 [0.04616757 0.13797869 0.17221743 0.0260246  0.02704429 0.13590996
  0.1374577  0.16621941]
 [0.0480859  0.14292884 0.14708635 0.02303993 0.02501784 0.1344913
  0.1360725  0.21982226]
 [0.05718897 0.1447067  0.18638998 0.02894906 0.03133769 0.13429959
  0.13751093 0.2243461 ]
 [0.04234882 0.18065932 0.19585258 0.01889794 0.02076179 0.17690614
  0.17714906 0.2434019 ]
 [0.04112907 0.15307108 0.14446634 0.02209577 0.02436443 0.12659055
  0.12862171 0.15625186]
 [0.04721744 0.15905282 0.21027422 0.02652819 0.02883059 0.17726365
  0.17913434 0.26667327]
 [0.05506715 0.15445721 0.22698872 0.03137999 0.03181347 0.1676234
  0.16995528 0.21878622]
 [0.03648399 0.21645369 0.24945693 0.01925422 0.02134975 0.22288372
  0.22459137 0.25933027]
 [0.03913723 0.12401778 0.06987929 0.01869262 0.02057485 0.07927152
  0.07859322 0.21152996]
 [0.05044906 0.10880172 0.14823894 0.02954378 0.0308813  0.11259433
  0.11410451 0.18043555]
 [0.04483897 0.19889516 0.27764294 0.02561743 0.0284288  0.22653142
  0.22730787 0.26903677]]"
12,experiments/prepump_joint_train_v6_fix/epoch_ckpts/epoch_012.pt,0.005988615099340677,0.007150053977966309,0.006949760019779205,1.0105258226394653,0.5924558639526367,1.0456225872039795,"[[2.8467863  4.226666   1.4838495  1.4624482  1.4605091  2.4369574
  2.4215014  0.69492877]
 [2.8499818  4.2314467  1.4715319  1.4627131  1.4599814  2.4413671
  2.4218056  0.71485704]
 [2.8489773  4.222087   1.480743   1.4619412  1.4611123  2.4343102
  2.416271   0.707556  ]
 [2.8527515  4.2228374  1.4665818  1.4617817  1.4610467  2.435333
  2.4156666  0.7175568 ]
 [2.8544512  4.2156825  1.4716063  1.4613657  1.4598352  2.4355698
  2.411788   0.7094239 ]
 [2.8497586  4.2233944  1.4782932  1.4623947  1.460475   2.4344523
  2.4168074  0.6912032 ]
 [2.8541665  4.2288136  1.4633276  1.4610361  1.4597925  2.438348
  2.4238334  0.72619706]
 [2.8584595  4.229157   1.471766   1.4639192  1.4632095  2.4478638
  2.4292216  0.76028824]
 [2.8532991  4.2155285  1.4780915  1.4632506  1.4645703  2.4333668
  2.4145648  0.74819857]
 [2.864991   4.232289   1.4672558  1.4656028  1.464082   2.4525073
  2.432478   0.74974626]
 [2.8531034  4.232843   1.4431697  1.4580047  1.4552704  2.4461377
  2.4310012  0.7800664 ]
 [2.839813   4.277312   1.479635   1.4592948  1.4560382  2.4840496
  2.4766228  0.86816305]
 [2.868335   4.2397175  1.5126026  1.462924   1.4595886  2.500926
  2.488523   0.89532167]
 [2.857121   4.230945   1.4437038  1.4654461  1.4661057  2.4559891
  2.448993   0.92193896]
 [2.8700366  4.3007193  1.6955483  1.4627568  1.4614452  2.6167605
  2.6138144  1.0466186 ]
 [2.9067504  4.329043   2.3277292  1.4729257  1.4683328  2.9842787
  3.0100303  1.6347704 ]
 [2.8713698  4.3563237  2.2124627  1.4498898  1.4500098  2.9469388
  2.9761248  1.7368257 ]
 [2.8536553  4.4671974  1.9328479  1.4671727  1.4658258  2.8042426
  2.8216574  1.2229658 ]
 [2.8779354  4.3580017  2.0922015  1.475676   1.4723885  2.8354046
  2.853475   1.2401887 ]
 [2.8169787  4.4993525  1.9795033  1.4488908  1.4479954  2.806528
  2.8319259  1.0740832 ]
 [2.894107   4.327098   1.583631   1.4669989  1.4685282  2.5813286
  2.5959997  0.96130735]
 [2.8734667  4.3538256  1.728658   1.4603131  1.4596322  2.6517053
  2.6618223  1.0193583 ]
 [2.8852897  4.623963   1.9846443  1.4694084  1.4676918  2.9208724
  2.9443429  1.299843  ]
 [2.915622   4.546778   1.9731488  1.5014522  1.5030606  2.8890958
  2.917885   1.2726362 ]
 [2.9325671  4.523718   1.8553292  1.4994934  1.4996043  2.8304381
  2.843934   1.2157806 ]
 [2.8540368  4.482441   2.126843   1.4547355  1.4572499  2.9509442
  2.9879947  1.6484027 ]
 [2.9117508  4.3527083  1.7172561  1.4882731  1.4904604  2.693924
  2.7095435  1.237712  ]
 [2.955877   4.078582   1.3172034  1.5025353  1.5058033  2.3712637
  2.3629944  0.8409034 ]
 [2.9346993  4.464916   1.7692347  1.4918257  1.494987   2.772008
  2.799036   1.2380484 ]
 [2.884634   4.358822   1.9503514  1.4821335  1.4866643  2.812427
  2.8514862  1.412202  ]
 [2.8808868  4.4346323  1.9165868  1.4763019  1.47981    2.8130808
  2.8472755  1.3254143 ]
 [2.9130619  4.3800526  1.7098027  1.4772935  1.4810557  2.7132533
  2.7397811  1.3094743 ]
 [2.8791883  4.1068926  1.7100999  1.4782051  1.4835908  2.591886
  2.6193552  1.3126315 ]
 [2.84978    4.2049427  1.7915589  1.4629607  1.4665107  2.6430073
  2.668314   1.2317897 ]
 [2.9614375  4.259689   1.4593263  1.5061922  1.508705   2.5332837
  2.5435734  0.9934366 ]
 [2.9540582  4.1379914  1.4427165  1.5071983  1.5115391  2.4645572
  2.4754102  0.95415694]
 [2.857804   4.476746   1.8846617  1.4674569  1.4671967  2.7865157
  2.8129678  1.147154  ]
 [2.9294095  4.3549523  1.7651728  1.4989377  1.5026637  2.7400742
  2.766958   1.347348  ]
 [2.9425116  4.2054563  1.5383232  1.5055282  1.5104883  2.557193
  2.5732977  1.1448888 ]
 [2.9563653  4.3429646  1.6707863  1.5019232  1.5053324  2.6890426
  2.7078745  1.2342715 ]
 [2.966486   4.315686   1.4915048  1.502404   1.5051961  2.5829737
  2.5973241  1.0699099 ]
 [2.9433007  4.500064   1.8308977  1.4996535  1.5009135  2.8290882
  2.8533258  1.2946341 ]
 [2.9056203  4.11997    1.4623166  1.4846187  1.486871   2.4646935
  2.4751053  1.0409778 ]
 [2.9233103  4.2565494  1.4374813  1.4792299  1.4807746  2.4984617
  2.499075   0.90004206]
 [2.897451   4.6710377  1.9473284  1.4717889  1.4704108  2.9209173
  2.9461584  1.1735651 ]]","[[0.00710499 0.01277279 0.01751318 0.00367437 0.00387321 0.00783311
  0.00999288 0.02052494]
 [0.00820381 0.0179369  0.02229349 0.0034396  0.00406346 0.01394158
  0.01669138 0.03152503]
 [0.00649536 0.01481445 0.01768662 0.00355222 0.00363427 0.00757998
  0.01053929 0.02529023]
 [0.00534803 0.01698476 0.01476039 0.00367996 0.00403575 0.00942832
  0.01189338 0.02506845]
 [0.00598028 0.01406341 0.01566621 0.00393013 0.0042448  0.00714907
  0.00976995 0.02146563]
 [0.00766884 0.01567005 0.01959459 0.00298957 0.00392389 0.00940689
  0.01213847 0.0308896 ]
 [0.00568585 0.01717851 0.02046452 0.00380779 0.00418551 0.01250598
  0.01508932 0.02904689]
 [0.01107645 0.03697273 0.03471136 0.00533574 0.00623179 0.01952368
  0.02301068 0.06445658]
 [0.01004336 0.02145092 0.02968049 0.00441528 0.0050377  0.01259503
  0.01500036 0.06166644]
 [0.01464117 0.03061569 0.04505779 0.00563927 0.00643338 0.02859226
  0.03247477 0.06201189]
 [0.01285551 0.04444838 0.03879714 0.00514393 0.00605976 0.03839442
  0.04341789 0.05587731]
 [0.02100632 0.06404997 0.07048466 0.0070573  0.00851663 0.05762703
  0.06264181 0.09349521]
 [0.01969369 0.06539208 0.09230834 0.00656354 0.00762421 0.06077263
  0.06657589 0.1226598 ]
 [0.0197024  0.04258411 0.05839651 0.00795116 0.00865522 0.04054151
  0.04453175 0.12664844]
 [0.03063291 0.20704186 0.27377933 0.0112364  0.01228722 0.19145846
  0.20445324 0.30002114]
 [0.0383283  0.23888552 0.4361505  0.01579647 0.01343694 0.27727908
  0.29835296 0.57377833]
 [0.04645949 0.19856407 0.49089134 0.02035343 0.0193375  0.30862996
  0.32707912 0.656258  ]
 [0.03739073 0.2452498  0.4035432  0.01755729 0.01822256 0.30596974
  0.3206282  0.5209657 ]
 [0.03034632 0.21585993 0.3985089  0.01183022 0.01247037 0.26295465
  0.28308558 0.5042455 ]
 [0.05199196 0.23714525 0.36277798 0.02257068 0.0237416  0.2729498
  0.28635126 0.39591098]
 [0.06010132 0.2198009  0.3003735  0.02831268 0.02916753 0.22696725
  0.23880151 0.2709873 ]
 [0.03991619 0.15735854 0.3767802  0.01994458 0.0201615  0.2563557
  0.27245265 0.45996916]
 [0.06368277 0.41317716 0.58650666 0.02656187 0.02859075 0.4780933
  0.49592757 0.5976992 ]
 [0.04151426 0.36827883 0.44964814 0.01580189 0.01769468 0.38118714
  0.39832154 0.38236058]
 [0.03850366 0.35178646 0.4651437  0.01650958 0.01815352 0.39016733
  0.41153672 0.4236331 ]
 [0.04055415 0.26072434 0.3573885  0.01948372 0.01991614 0.2759796
  0.28777894 0.38893175]
 [0.0348067  0.26891524 0.37675762 0.01577876 0.01707529 0.30614036
  0.32128674 0.35189664]
 [0.0402518  0.15566881 0.17558774 0.019112   0.02125538 0.1538275
  0.16339065 0.21120964]
 [0.04585299 0.3277486  0.4773334  0.02284011 0.02460927 0.38065684
  0.39497116 0.4280005 ]
 [0.06160826 0.35380772 0.4580678  0.02796862 0.02880534 0.3842716
  0.39856422 0.48838007]
 [0.06040876 0.35669413 0.4368269  0.02590832 0.02763356 0.34960553
  0.36305013 0.35305837]
 [0.05504619 0.32934043 0.43193367 0.02509433 0.02551861 0.34687918
  0.35884872 0.369353  ]
 [0.06020626 0.26544562 0.2801238  0.02946008 0.03055375 0.22804973
  0.23864768 0.3205031 ]
 [0.04275399 0.22298367 0.2465417  0.01978832 0.02028055 0.18311748
  0.19265924 0.29321644]
 [0.05547593 0.2797089  0.34744564 0.02468361 0.02621287 0.28394482
  0.29606828 0.28250185]
 [0.06232049 0.250349   0.30266032 0.02623497 0.02856224 0.25121722
  0.26445746 0.29395524]
 [0.04421218 0.24809241 0.33463654 0.01919629 0.02114966 0.26348108
  0.27709728 0.34233052]
 [0.05402116 0.32519665 0.4132678  0.02324656 0.02380268 0.34906483
  0.36174768 0.40115702]
 [0.04831278 0.2588498  0.30310374 0.02209311 0.02385012 0.24903043
  0.26026344 0.26307547]
 [0.05673544 0.3242369  0.42771986 0.02515163 0.02741281 0.35676855
  0.37147936 0.43066216]
 [0.06253655 0.32233194 0.42436618 0.03010016 0.03227404 0.33853805
  0.3517327  0.3361441 ]
 [0.04532981 0.40313357 0.5011308  0.01809117 0.01931942 0.42954212
  0.44532743 0.4420268 ]
 [0.05008171 0.17325032 0.19798584 0.01980245 0.02126025 0.16379184
  0.173917   0.2833156 ]
 [0.05340946 0.23516321 0.2865392  0.0266241  0.02886636 0.234322
  0.24632478 0.24470572]
 [0.04351604 0.36649802 0.48445812 0.0206002  0.02269776 0.39821133
  0.41441432 0.40724748]]"
13,experiments/prepump_joint_train_v6_fix/epoch_ckpts/epoch_013.pt,0.0023001092486083508,0.0031761329155415297,0.003622867166996002,0.8743376731872559,0.550757884979248,1.0101497173309326,"[[2.844414   4.222993   1.4707315  1.4628973  1.4651011  2.422434
  2.4208777  0.7043459 ]
 [2.8492918  4.224424   1.4590564  1.4625767  1.4639393  2.4264495
  2.419742   0.70601964]
 [2.8450525  4.219008   1.4646904  1.4605724  1.4634551  2.419109
  2.4161587  0.71034276]
 [2.848395   4.2230053  1.4595631  1.4609109  1.4633131  2.424586
  2.418895   0.71253264]
 [2.8515694  4.2185574  1.4590154  1.4610877  1.4630474  2.4241886
  2.4179313  0.7066526 ]
 [2.8471563  4.217857   1.4583764  1.4611691  1.463318   2.4183788
  2.414637   0.7018135 ]
 [2.8499715  4.2249637  1.4516603  1.4608421  1.4632672  2.4248495
  2.4211326  0.7255846 ]
 [2.8543515  4.22921    1.4558607  1.4625876  1.4650147  2.433923
  2.4273634  0.73931116]
 [2.8489628  4.220879   1.4597774  1.4617722  1.4663482  2.423234
  2.4191303  0.748336  ]
 [2.8667846  4.2122436  1.4394479  1.466054   1.4691987  2.4278193
  2.4180992  0.73781204]
 [2.8556683  4.221715   1.4296588  1.4584333  1.459981   2.433197
  2.4229734  0.7650914 ]
 [2.8441696  4.246744   1.4460138  1.459784   1.4610704  2.4600637
  2.4552333  0.86933553]
 [2.875987   4.177835   1.4456552  1.462359   1.4636111  2.4522882
  2.4447162  0.91059554]
 [2.8632202  4.227038   1.4229044  1.4669995  1.4712089  2.4401345
  2.4379036  0.8609737 ]
 [2.8703012  4.3290434  1.6322159  1.4610269  1.4618804  2.594321
  2.5994046  0.97055167]
 [2.9105117  4.4339075  2.1947372  1.4731743  1.4681468  2.9542167
  2.9858267  1.5148996 ]
 [2.8694568  4.418545   2.1170826  1.449115   1.4485048  2.9168758
  2.9439483  1.6095319 ]
 [2.8659077  4.4896812  1.8414036  1.465357   1.4654635  2.7720532
  2.788134   1.1240441 ]
 [2.8846674  4.449603   1.9791416  1.4710039  1.4690065  2.8212152
  2.8472674  1.1810703 ]
 [2.845908   4.54169    1.9040588  1.4525323  1.4533377  2.8084726
  2.8314621  1.0381511 ]
 [2.9061582  4.3047934  1.5171175  1.4683036  1.4719441  2.5543118
  2.563448   0.9246977 ]
 [2.8785033  4.3606358  1.666723   1.4590045  1.4606442  2.6298037
  2.640605   0.9757066 ]
 [2.912035   4.6582904  1.9577588  1.4722719  1.4715694  2.9510822
  2.963881   1.3435544 ]
 [2.9630835  4.544967   1.9309293  1.5125542  1.5138441  2.9164748
  2.940401   1.3895835 ]
 [2.9522998  4.4976096  1.7667233  1.5001304  1.5014732  2.796943
  2.8054643  1.2078328 ]
 [2.8981333  4.417216   2.0182452  1.467348   1.4700449  2.909002
  2.939515   1.7119633 ]
 [2.9336538  4.330289   1.6590973  1.4898366  1.4934534  2.6817105
  2.6946812  1.27528   ]
 [2.9638338  4.1075325  1.3203995  1.4991179  1.5057335  2.4065547
  2.404863   0.93326724]
 [2.958774   4.4480457  1.7086465  1.4952519  1.4985826  2.7620804
  2.7767148  1.2330201 ]
 [2.9562638  4.375007   1.8830158  1.5032805  1.5070883  2.8425758
  2.871303   1.5190433 ]
 [2.9297879  4.40621    1.8061169  1.4885097  1.4924268  2.7882364
  2.8129656  1.3474803 ]
 [2.9416451  4.3527055  1.633994   1.4832044  1.4880182  2.6884198
  2.7041886  1.2786791 ]
 [2.9304135  4.1116676  1.6321607  1.4930898  1.4995782  2.5991905
  2.627153   1.3909453 ]
 [2.8983517  4.150536   1.6769776  1.4773581  1.4828136  2.6035676
  2.629187   1.2811126 ]
 [2.9714386  4.271539   1.4549009  1.5034372  1.5082248  2.5599732
  2.567641   1.0688221 ]
 [2.9724393  4.1528716  1.4208525  1.507733   1.5138168  2.496851
  2.5089605  1.0832012 ]
 [2.901072   4.4200726  1.7442735  1.4775264  1.479361   2.7250028
  2.7440543  1.1062483 ]
 [2.9744139  4.3669267  1.7250775  1.5102785  1.5140266  2.762701
  2.7816987  1.4036548 ]
 [2.9620798  4.198864   1.4908797  1.5060449  1.5124168  2.5519614
  2.5662122  1.1529088 ]
 [2.9835334  4.3841166  1.6810639  1.5055882  1.5088983  2.748873
  2.7611527  1.3610154 ]
 [2.9745846  4.339366   1.4965516  1.5002424  1.5048993  2.6150193
  2.6234531  1.1149822 ]
 [2.9695072  4.5017843  1.79641    1.5028478  1.5043595  2.8446555
  2.8590467  1.3528013 ]
 [2.941766   4.139371   1.4442172  1.4922754  1.4977615  2.4920416
  2.5038645  1.0986612 ]
 [2.9257812  4.2678404  1.4354755  1.4760146  1.4807734  2.5130339
  2.512069   0.91626745]
 [2.9221156  4.6442223  1.8868363  1.4758801  1.475964   2.9053414
  2.918768   1.172561  ]]","[[0.0056836  0.00957374 0.01295717 0.00338407 0.00371101 0.00772876
  0.00866256 0.02033746]
 [0.0061864  0.01457113 0.01661411 0.00330493 0.00400642 0.01245756
  0.0142489  0.02791816]
 [0.00580127 0.00761315 0.01527342 0.00338831 0.00325384 0.00718631
  0.00764038 0.02243622]
 [0.00411065 0.01303552 0.01352532 0.0033923  0.00347729 0.01005312
  0.01072032 0.01821063]
 [0.00406454 0.00795976 0.01279146 0.00339504 0.0032634  0.00700182
  0.00767072 0.01840158]
 [0.00656691 0.01124645 0.01296542 0.00281245 0.00348593 0.00785049
  0.00890957 0.02793815]
 [0.00475664 0.01410735 0.01813978 0.00336725 0.00373853 0.01215517
  0.01375067 0.02320021]
 [0.00822239 0.02438757 0.02985501 0.00412244 0.004599   0.0213338
  0.0231555  0.04806707]
 [0.00878891 0.01271477 0.02597357 0.0041546  0.00419459 0.0135219
  0.01440128 0.0552035 ]
 [0.01273944 0.03566303 0.03444503 0.00591173 0.00654953 0.02727789
  0.02990257 0.0634387 ]
 [0.01009957 0.0362274  0.03212271 0.00415933 0.00488982 0.03335764
  0.03644006 0.04791359]
 [0.01551704 0.05457279 0.05427545 0.00543257 0.00681598 0.04807867
  0.05162222 0.08492497]
 [0.01910493 0.08207127 0.06843479 0.00690707 0.00757213 0.05489199
  0.05826411 0.12469611]
 [0.01472967 0.03490608 0.05212446 0.00679213 0.00743605 0.03592118
  0.0378989  0.10181778]
 [0.02500828 0.1668234  0.23656566 0.00928492 0.009671   0.17800628
  0.18793043 0.26442352]
 [0.0382059  0.22637567 0.421402   0.01577999 0.01165835 0.2844755
  0.29798457 0.5694729 ]
 [0.04264297 0.18770073 0.46641862 0.01943753 0.01857724 0.30808672
  0.32104573 0.65705615]
 [0.02963998 0.24976927 0.37971762 0.01443789 0.01567196 0.30831322
  0.3154626  0.47571245]
 [0.02479745 0.21207282 0.3840695  0.01057766 0.01125218 0.27713972
  0.2898465  0.48935357]
 [0.04535434 0.25478244 0.3516071  0.01999319 0.02165389 0.2899955
  0.29537058 0.37070492]
 [0.04921503 0.19465198 0.2496246  0.02228713 0.02315282 0.20642103
  0.2122557  0.24037306]
 [0.03540919 0.17065193 0.3477697  0.01788218 0.01907962 0.25459674
  0.26510257 0.4288664 ]
 [0.05939833 0.43489426 0.59460115 0.02659452 0.02919691 0.50163054
  0.5050365  0.6223552 ]
 [0.0347514  0.3592601  0.4209354  0.01511483 0.01594087 0.37642154
  0.3817386  0.4049131 ]
 [0.0380103  0.31746    0.41000158 0.01703299 0.01651883 0.3664195
  0.37616235 0.42911166]
 [0.0331011  0.25827965 0.3295303  0.01692621 0.01715965 0.2673365
  0.27214435 0.39705577]
 [0.03350106 0.25559902 0.33391464 0.01493011 0.01542147 0.28976694
  0.29677287 0.35200456]
 [0.03614334 0.16214685 0.17125605 0.01783121 0.01910464 0.16030881
  0.1656053  0.20812471]
 [0.03694068 0.30311048 0.42459476 0.01945177 0.02016741 0.36003625
  0.3646042  0.42599908]
 [0.04250731 0.34068978 0.42906687 0.01993309 0.01986176 0.37718004
  0.3783053  0.48541334]
 [0.0399434  0.3455348  0.40295878 0.01821476 0.0205397  0.34143856
  0.34558344 0.33940881]
 [0.03639425 0.3050383  0.3659946  0.01757643 0.01793465 0.3164152
  0.31909108 0.3265699 ]
 [0.04584523 0.26961076 0.25026208 0.02181375 0.02286583 0.22799496
  0.22999327 0.29549906]
 [0.03401604 0.21482643 0.22067639 0.01575277 0.01685987 0.17638026
  0.18114254 0.2779361 ]
 [0.04666662 0.26999265 0.32629037 0.02201469 0.02343907 0.28071797
  0.2850044  0.28829035]
 [0.05115405 0.26099882 0.29170626 0.02186525 0.02369837 0.26045632
  0.26520178 0.28306764]
 [0.03622045 0.23536557 0.29763776 0.01677341 0.01885089 0.25111356
  0.25851426 0.30447668]
 [0.04709309 0.3185183  0.37569475 0.02016559 0.01884204 0.3425664
  0.3455688  0.39385843]
 [0.03926301 0.24943297 0.2651948  0.01876291 0.01992746 0.23990712
  0.24403429 0.24783076]
 [0.05066701 0.32525867 0.40902212 0.02340136 0.02419853 0.35951984
  0.36309832 0.43216804]
 [0.050324   0.32122394 0.41729644 0.02519244 0.02788185 0.34657806
  0.34979466 0.35859522]
 [0.03964382 0.381171   0.4594524  0.01775026 0.01706806 0.414388
  0.41815305 0.4504621 ]
 [0.03908154 0.18099046 0.17887573 0.0157266  0.01683878 0.16956265
  0.17311983 0.26808384]
 [0.04354292 0.22515094 0.2735108  0.02175381 0.02365727 0.23384568
  0.23924482 0.2482577 ]
 [0.03905691 0.3478487  0.4486597  0.0198315  0.02113919 0.38651973
  0.39311504 0.4161533 ]]"
14,experiments/prepump_joint_train_v6_fix/epoch_ckpts/epoch_014.pt,0.002835665363818407,0.003557364223524928,0.0038744956254959106,0.8627403974533081,0.5557732582092285,1.0836421251296997,"[[2.8434958  4.219894   1.4665259  1.4653826  1.4645821  2.4221516
  2.418409   0.7273338 ]
 [2.8467548  4.2228727  1.4547858  1.4644098  1.4631616  2.4270704
  2.419495   0.74505365]
 [2.8445315  4.2194734  1.4635943  1.4636467  1.4638553  2.4224021
  2.4164228  0.7392651 ]
 [2.8477569  4.2195683  1.4564388  1.4631526  1.4631686  2.4224312
  2.4147198  0.73034674]
 [2.850522   4.215759   1.4593339  1.4630312  1.4622365  2.4225338
  2.413199   0.7197845 ]
 [2.8455474  4.2194     1.4579446  1.4638008  1.4630449  2.421832
  2.4166121  0.7353551 ]
 [2.8500006  4.2212815  1.452679   1.4637867  1.4635445  2.4239745
  2.4190376  0.73835254]
 [2.8536706  4.2226496  1.4536467  1.4650505  1.4651455  2.4341803
  2.4266584  0.77651864]
 [2.846512   4.2167845  1.4587288  1.4643228  1.4664496  2.4285605
  2.4227006  0.7990177 ]
 [2.8634603  4.2034855  1.4349961  1.4672093  1.4671837  2.4297905
  2.4217806  0.80103564]
 [2.8553965  4.219218   1.4292786  1.4601102  1.459954   2.4324906
  2.4250128  0.7960172 ]
 [2.8448038  4.231094   1.4383996  1.4630585  1.4634014  2.4590669
  2.4570465  0.9348161 ]
 [2.8745785  4.129356   1.4381636  1.4654576  1.4654323  2.447693
  2.4481313  1.0593973 ]
 [2.8591516  4.220681   1.4241427  1.469179   1.4720864  2.450641
  2.450107   0.9579196 ]
 [2.8644326  4.2495174  1.6203841  1.463841   1.4636073  2.5755484
  2.5773897  1.1003098 ]
 [2.8954632  4.196304   2.1347246  1.4704568  1.4674964  2.8624024
  2.8872013  1.657155  ]
 [2.8584585  4.2541533  2.046948   1.4507172  1.4529146  2.8496454
  2.8750188  1.7247968 ]
 [2.8717828  4.340921   1.7412099  1.4720525  1.4727054  2.6825798
  2.7001252  1.2002774 ]
 [2.8758075  4.2550263  1.9134952  1.4720104  1.4707139  2.7275999
  2.7484243  1.2581761 ]
 [2.8473186  4.3436227  1.7549803  1.460217   1.4620504  2.66793
  2.6918137  1.0817108 ]
 [2.9179223  4.2242327  1.438725   1.4800884  1.4820344  2.4997365
  2.5168662  1.0333736 ]
 [2.8859968  4.2535787  1.6020694  1.4652835  1.4664737  2.570622
  2.584651   1.0666709 ]
 [2.924668   4.468619   1.791781   1.4865533  1.486549   2.8030093
  2.8191652  1.340277  ]
 [2.9933634  4.3120112  1.7398776  1.5342133  1.536431   2.7540119
  2.7807062  1.4317604 ]
 [2.9604754  4.3506613  1.6588295  1.5108467  1.5114151  2.7050323
  2.714668   1.3182013 ]
 [2.900165   4.1559925  1.8359857  1.4760578  1.4832239  2.7506096
  2.789853   1.8034266 ]
 [2.947873   4.1669292  1.5481687  1.5036209  1.5077859  2.5897717
  2.610694   1.4151326 ]
 [2.9713058  4.0440607  1.2719842  1.504977   1.508667   2.3701127
  2.3731694  1.0658448 ]
 [2.9786005  4.2990475  1.5745281  1.5133363  1.5158287  2.657123
  2.679305   1.3293184 ]
 [2.9849977  4.153548   1.6774875  1.5259194  1.5311861  2.6779428
  2.7159634  1.5405048 ]
 [2.955425   4.2069106  1.6427519  1.5079628  1.5129222  2.660543
  2.6934958  1.4597164 ]
 [2.9637     4.1904387  1.4865761  1.5009177  1.5052943  2.574589
  2.599535   1.3825165 ]
 [2.9584424  3.9203382  1.4670143  1.511654   1.5188996  2.4738193
  2.5102012  1.4813857 ]
 [2.9210691  3.9436798  1.5364904  1.4918759  1.4988991  2.490859
  2.5265653  1.4243306 ]
 [2.983138   4.1729264  1.364666   1.513196   1.5150243  2.4845698
  2.4981687  1.136259  ]
 [2.9944577  4.0246625  1.305031   1.521315   1.5247442  2.402096
  2.4185116  1.1651326 ]
 [2.9221601  4.237045   1.6061261  1.4919075  1.4942901  2.6132085
  2.6390793  1.2426939 ]
 [2.9941015  4.173784   1.5560457  1.5275605  1.531402   2.6320846
  2.6594238  1.5184633 ]
 [2.992533   4.0516224  1.3767264  1.5224758  1.5275764  2.4683695
  2.487825   1.3197014 ]
 [2.9966812  4.2171364  1.5237153  1.5208676  1.5232418  2.6182842
  2.637446   1.41157   ]
 [2.9825308  4.2426367  1.4076867  1.5090288  1.5110456  2.5420077
  2.556617   1.1987559 ]
 [2.9860907  4.3029346  1.6298773  1.5188954  1.5208129  2.7042556
  2.7246609  1.4467413 ]
 [2.951707   3.9974117  1.326268   1.5008495  1.5051599  2.3966675
  2.4172547  1.2247225 ]
 [2.931865   4.2106047  1.3818816  1.4829216  1.4854226  2.4702306
  2.4758744  1.0010339 ]
 [2.9282296  4.4761114  1.740634   1.4842999  1.4844176  2.775314
  2.788412   1.2309092 ]]","[[0.00675472 0.01045958 0.0132683  0.00360793 0.00373902 0.00689335
  0.00806644 0.02786608]
 [0.00603081 0.01191463 0.01592481 0.00323849 0.00351766 0.0107703
  0.01162044 0.03967952]
 [0.00587324 0.01023498 0.01469603 0.00346626 0.00328296 0.00735251
  0.00862227 0.03240559]
 [0.00517269 0.0106354  0.01249138 0.00340618 0.00363634 0.00816065
  0.00865715 0.02870986]
 [0.00475789 0.00781408 0.01328646 0.00373767 0.00351924 0.00725586
  0.00720508 0.02453149]
 [0.0062269  0.01184148 0.01226457 0.00272177 0.00301871 0.0073384
  0.00827616 0.03656163]
 [0.005287   0.01153918 0.01759613 0.00326707 0.00363012 0.01015543
  0.01149008 0.0301302 ]
 [0.00856144 0.0258752  0.02733633 0.00455013 0.00467727 0.01664117
  0.0181213  0.06602342]
 [0.00893989 0.01788896 0.02506712 0.00390085 0.00405199 0.01218543
  0.01309967 0.0696371 ]
 [0.01410856 0.03961162 0.03260487 0.00703532 0.00720761 0.02480578
  0.02568762 0.08218894]
 [0.01046844 0.02728863 0.0274076  0.00464705 0.00459772 0.02677692
  0.02871058 0.05736817]
 [0.01434414 0.04989666 0.04296902 0.00475106 0.00534332 0.03831843
  0.04046249 0.10662881]
 [0.02090022 0.09802969 0.05914112 0.00839498 0.00891153 0.04267119
  0.0445387  0.16673848]
 [0.01414679 0.02648084 0.04419866 0.00620997 0.00641427 0.02833479
  0.02957908 0.11363568]
 [0.02380073 0.16533723 0.23343277 0.00921757 0.00932196 0.15570714
  0.16332573 0.30439126]
 [0.03190733 0.23903312 0.41097263 0.01357945 0.01122331 0.25146174
  0.2654637  0.5509976 ]
 [0.03854144 0.18840659 0.46192157 0.01959538 0.01832812 0.28484625
  0.296204   0.6277952 ]
 [0.03669473 0.19725463 0.35850257 0.01823458 0.01749676 0.27106884
  0.27575415 0.48659566]
 [0.02136612 0.18975475 0.36579028 0.01215111 0.01259814 0.23672543
  0.24879771 0.49209565]
 [0.05022848 0.18892407 0.31646368 0.0231001  0.02197106 0.24039786
  0.24361719 0.37120512]
 [0.04940392 0.14999838 0.21573202 0.02341775 0.02271854 0.16803156
  0.17109926 0.23217475]
 [0.03768995 0.10787295 0.3352919  0.02013504 0.01920651 0.22306779
  0.23224974 0.44378117]
 [0.05846954 0.33374622 0.519529   0.02748604 0.02710629 0.42763308
  0.42635053 0.58140653]
 [0.03818386 0.32506427 0.3937415  0.01895326 0.01878835 0.34633383
  0.34969348 0.38740095]
 [0.04096767 0.25348336 0.3604997  0.0201919  0.01983094 0.31351718
  0.31922925 0.41051212]
 [0.03652437 0.23744611 0.30475917 0.0201711  0.01976624 0.23451708
  0.23754846 0.37151507]
 [0.0376269  0.21384668 0.29615146 0.01876885 0.01900982 0.24936332
  0.2539933  0.33935055]
 [0.03627484 0.13380398 0.1311698  0.01994529 0.02018005 0.12767254
  0.13112976 0.22280738]
 [0.04031773 0.2448958  0.38017672 0.02337428 0.02335298 0.31513622
  0.3170953  0.40525815]
 [0.04255826 0.32284522 0.4171712  0.02186017 0.02157932 0.36406407
  0.36518663 0.473902  ]
 [0.04748574 0.31322882 0.38337836 0.02325147 0.02406842 0.30883223
  0.30916947 0.3221263 ]
 [0.0391601  0.26266778 0.32506883 0.02014981 0.01964899 0.27665266
  0.27689376 0.31218073]
 [0.04991513 0.2482788  0.22310087 0.02645396 0.02610813 0.19865261
  0.20273691 0.2938472 ]
 [0.04279104 0.20861718 0.20685983 0.02191064 0.02202672 0.1503484
  0.15436845 0.2798994 ]
 [0.04488621 0.21135119 0.26757333 0.02236507 0.02193855 0.22529438
  0.22709917 0.2513587 ]
 [0.04947796 0.2224282  0.24955341 0.02365262 0.02435439 0.2251772
  0.2297685  0.29226437]
 [0.0508313  0.21733916 0.28987405 0.02431536 0.02561772 0.23095661
  0.2349894  0.3235878 ]
 [0.04966284 0.28103212 0.3377343  0.02448631 0.02340703 0.3028044
  0.30367854 0.3636804 ]
 [0.04365754 0.23358242 0.23348865 0.0239707  0.02422418 0.21195261
  0.21484976 0.23481528]
 [0.05259887 0.2640537  0.34788263 0.02684727 0.02700285 0.3030236
  0.3047087  0.40192562]
 [0.05066889 0.2525725  0.3601692  0.02546433 0.02559244 0.29150283
  0.29154503 0.33484638]
 [0.03941532 0.3173713  0.3950097  0.02065724 0.01976735 0.3527148
  0.3530541  0.41094175]
 [0.04081006 0.17059714 0.13510628 0.01941697 0.02037769 0.1349687
  0.1381336  0.283246  ]
 [0.0420622  0.1685553  0.22311972 0.02259768 0.02300683 0.18590601
  0.18847549 0.2323985 ]
 [0.042216   0.28117725 0.4015549  0.02186276 0.02249245 0.33456033
  0.33521423 0.4022886 ]]"
15,experiments/prepump_joint_train_v6_fix/epoch_ckpts/epoch_015.pt,0.00577500881627202,0.005926370620727539,0.005566895008087158,0.809921145439148,0.4856393337249756,0.8239908218383789,"[[2.8480945  4.231066   1.47206    1.4667199  1.4650787  2.4285376
  2.4348574  0.7278987 ]
 [2.8558092  4.230901   1.4615282  1.4685035  1.4659469  2.4300354
  2.4340076  0.7216024 ]
 [2.8494754  4.231645   1.4652417  1.4647136  1.4634024  2.4274638
  2.432378   0.7332614 ]
 [2.8542128  4.230411   1.4626645  1.4663498  1.464818   2.4291108
  2.433123   0.7289687 ]
 [2.8563018  4.225493   1.4589195  1.4656078  1.4631484  2.4270906
  2.4293282  0.7185856 ]
 [2.8531396  4.22901    1.4620169  1.4666959  1.4644192  2.4257703
  2.431588   0.71887213]
 [2.8549151  4.231721   1.4565635  1.4664357  1.4649278  2.428673
  2.4347198  0.7370493 ]
 [2.8588586  4.235772   1.4530897  1.4661747  1.4644194  2.437272
  2.4405944  0.7523716 ]
 [2.8539276  4.23421    1.4578357  1.4660722  1.4665768  2.4300306
  2.4348006  0.75829506]
 [2.8722303  4.2199497  1.4338323  1.4711567  1.469548   2.4271204
  2.4287148  0.7217151 ]
 [2.8599672  4.219253   1.4206445  1.4640285  1.4614731  2.4266064
  2.429145   0.77670515]
 [2.8481002  4.2358594  1.4217546  1.4659418  1.464524   2.4472103
  2.4544663  0.8918985 ]
 [2.877072   4.162115   1.3867792  1.4685006  1.4666662  2.4245608
  2.4272654  0.9232864 ]
 [2.8688967  4.221046   1.3969483  1.473352   1.4739871  2.4308271
  2.4406025  0.8814289 ]
 [2.863691   4.281378   1.5631729  1.4634818  1.4623805  2.5474398
  2.556539   0.98013383]
 [2.8794813  4.3046646  2.0327308  1.4603862  1.4599371  2.8166769
  2.8446107  1.4129316 ]
 [2.8421826  4.3257246  1.9850142  1.4412462  1.444065   2.8163438
  2.8491154  1.5425764 ]
 [2.8707733  4.381577   1.6907583  1.4667997  1.4665397  2.6528735
  2.67791    1.0123224 ]
 [2.8750052  4.317631   1.8033464  1.4672439  1.4677788  2.6741972
  2.7010937  1.0488743 ]
 [2.8525627  4.350496   1.6530478  1.4555845  1.4561619  2.6002882
  2.6316202  0.8592249 ]
 [2.9173281  4.222138   1.3861586  1.473358   1.472058   2.462704
  2.4846206  0.8771333 ]
 [2.8866777  4.28873    1.5520892  1.4627337  1.4621942  2.5493476
  2.5697873  0.9214191 ]
 [2.918664   4.435596   1.6450973  1.4739712  1.4719409  2.6809769
  2.70937    0.98040146]
 [2.9777093  4.297853   1.5495911  1.5133564  1.5136906  2.5978947
  2.6279907  0.97655874]
 [2.9493923  4.355461   1.544148   1.4977154  1.4959091  2.6130722
  2.629744   0.98150736]
 [2.9174957  4.2100835  1.6105187  1.484235   1.4898051  2.6190054
  2.6561103  1.3613541 ]
 [2.9526649  4.197458   1.4088054  1.4994601  1.5001931  2.4977798
  2.5192842  1.0494784 ]
 [2.9689324  4.065811   1.2228097  1.4986883  1.4968765  2.3362966
  2.3417132  0.8434094 ]
 [2.9641962  4.296903   1.4522347  1.4956026  1.4945143  2.5538108
  2.5827656  0.9514844 ]
 [2.9879007  4.1440835  1.4413345  1.5122751  1.5143075  2.4879112
  2.5279968  0.95599145]
 [2.9612985  4.2079716  1.4625705  1.5004677  1.5022181  2.5283995
  2.5618548  1.0349891 ]
 [2.9662962  4.2010636  1.3682497  1.4936566  1.4941266  2.4869428
  2.5157561  1.0243706 ]
 [2.9783642  3.9501226  1.2976798  1.514001   1.5174744  2.3539734
  2.3819075  1.0485214 ]
 [2.9432697  3.9927874  1.3807709  1.4987531  1.5034772  2.3988574
  2.4279482  1.0735102 ]
 [2.9779696  4.1722755  1.2998664  1.5016726  1.4988589  2.43026
  2.447624   0.9021294 ]
 [2.9865746  4.04459    1.2297572  1.5085803  1.5070457  2.3457305
  2.359657   0.8894835 ]
 [2.9219565  4.2474976  1.4821738  1.4845792  1.4845768  2.5244417
  2.5539026  0.92564833]
 [2.986911   4.1766005  1.3938522  1.514026   1.5140436  2.4964325
  2.5248096  1.0407754 ]
 [2.9875536  4.0735946  1.2733779  1.514647   1.5153335  2.3907707
  2.4084864  0.9861256 ]
 [2.9852417  4.203422   1.374046   1.5041476  1.5021966  2.4894135
  2.5119038  0.9716257 ]
 [2.975753   4.225295   1.327634   1.497265   1.4946784  2.4698102
  2.4922814  0.93058527]
 [2.9686332  4.279051   1.4652721  1.4993262  1.4976726  2.558774
  2.5836027  0.9795543 ]
 [2.9592688  4.038166   1.2404193  1.498832   1.4983058  2.3384466
  2.3606856  0.88742685]
 [2.9246387  4.1987514  1.3406192  1.4747691  1.4732095  2.433245
  2.442756   0.85418427]
 [2.913415   4.435762   1.6188663  1.4719795  1.4699273  2.6667416
  2.6911144  0.91795915]]","[[0.00652139 0.0079157  0.01192423 0.00335514 0.00367349 0.00590632
  0.00704367 0.02445166]
 [0.00595761 0.01041797 0.01277126 0.00337593 0.00401359 0.00853621
  0.00976768 0.0243046 ]
 [0.00639833 0.0065929  0.01420621 0.00306374 0.00308795 0.00613951
  0.00751979 0.02446702]
 [0.00445238 0.0079146  0.00937261 0.00305431 0.00339969 0.00627647
  0.006537   0.0195909 ]
 [0.00472046 0.00687218 0.01029961 0.00336335 0.00334234 0.00580308
  0.0062505  0.02063727]
 [0.00589108 0.00831854 0.01150078 0.00288717 0.00336935 0.00592951
  0.00714559 0.02262349]
 [0.0048643  0.00958697 0.01223949 0.00322668 0.00359368 0.0081348
  0.00887347 0.02425741]
 [0.00847323 0.01601835 0.01998098 0.004172   0.00476618 0.0133054
  0.01396956 0.05190003]
 [0.00803857 0.01044874 0.02068897 0.00402473 0.00438274 0.0103975
  0.01072367 0.05026245]
 [0.01352195 0.03035668 0.02541626 0.00731148 0.0079709  0.01951092
  0.02090446 0.05577949]
 [0.00975061 0.02176728 0.02401547 0.00453487 0.00450241 0.02023373
  0.02200508 0.04343289]
 [0.01484642 0.04287939 0.04246315 0.00512786 0.00586829 0.03483604
  0.03666659 0.08675273]
 [0.01931357 0.07686329 0.04455929 0.00790987 0.00832813 0.03789023
  0.03885158 0.11923919]
 [0.01458198 0.02807361 0.04704169 0.00707103 0.00734333 0.02846814
  0.02854608 0.09747593]
 [0.02184227 0.13014638 0.20085824 0.00946159 0.00991878 0.1354598
  0.14189732 0.25169808]
 [0.02806975 0.21029873 0.3919814  0.0131521  0.0127038  0.23853017
  0.2528793  0.5102195 ]
 [0.04904599 0.17998567 0.45882323 0.02599722 0.02462348 0.28331688
  0.29448715 0.6299904 ]
 [0.04030851 0.196256   0.32714146 0.01940344 0.01759237 0.2446656
  0.25064012 0.3945298 ]
 [0.02381776 0.16452345 0.330909   0.01513733 0.01498754 0.21038477
  0.22356758 0.4203696 ]
 [0.04832759 0.16416962 0.2573793  0.02111508 0.01901734 0.18646005
  0.1940468  0.22886021]
 [0.0445545  0.12801126 0.1832578  0.0201881  0.01892969 0.13377044
  0.14042687 0.17147899]
 [0.0395663  0.12498487 0.30561113 0.02045008 0.01828207 0.20328215
  0.21322098 0.36163637]
 [0.05818679 0.32080498 0.42892423 0.02460197 0.02353164 0.34663343
  0.35400587 0.35806838]
 [0.03364121 0.27522197 0.28533435 0.01593069 0.01755436 0.25415692
  0.26659974 0.18143064]
 [0.03403449 0.23926517 0.28713045 0.01466137 0.0151335  0.24827193
  0.25868377 0.22120367]
 [0.03211688 0.2175301  0.22582687 0.01782026 0.01813136 0.18443933
  0.18892999 0.24632204]
 [0.0312384  0.18500257 0.20993593 0.01582925 0.01706061 0.18207961
  0.18940842 0.1869615 ]
 [0.03022555 0.10964992 0.095595   0.01687721 0.01801267 0.09392304
  0.09730398 0.16654517]
 [0.03730618 0.21353292 0.28030887 0.01933311 0.01949505 0.2301279
  0.23742343 0.19109015]
 [0.03323793 0.26159266 0.26681292 0.01759046 0.01952618 0.24819453
  0.2557423  0.24689493]
 [0.0456246  0.26918718 0.28867632 0.02273412 0.02366127 0.23336664
  0.24058609 0.16897842]
 [0.03486628 0.23133017 0.24980132 0.01723227 0.0172888  0.21195588
  0.21819691 0.16119222]
 [0.03711575 0.21183366 0.1384318  0.01803875 0.01935298 0.14353402
  0.1495995  0.21232845]
 [0.0372382  0.18218413 0.13991243 0.0173455  0.0182813  0.11079934
  0.11606713 0.17959757]
 [0.04255198 0.17135113 0.20394416 0.01941525 0.01890184 0.16439065
  0.17105044 0.14787683]
 [0.04515566 0.18180235 0.17971916 0.02081882 0.02174808 0.16116878
  0.16880372 0.19320658]
 [0.04884191 0.17825623 0.21334833 0.02292259 0.02385103 0.16555801
  0.1725714  0.17965336]
 [0.03615832 0.23030022 0.232192   0.01615897 0.01717416 0.21348974
  0.21965863 0.20515893]
 [0.03622643 0.19168578 0.16946357 0.01943217 0.02075283 0.15428904
  0.16164856 0.13522026]
 [0.04637699 0.21424468 0.2485569  0.02268262 0.0234598  0.21392211
  0.22065681 0.2223167 ]
 [0.05062656 0.21417838 0.28038847 0.02342501 0.02276902 0.21640591
  0.22281016 0.18066251]
 [0.03074246 0.26434028 0.28907692 0.01529512 0.01641502 0.260143
  0.26764375 0.22137392]
 [0.03191659 0.14151172 0.08992248 0.01612196 0.01816492 0.09809639
  0.10160496 0.19827731]
 [0.04025772 0.13372365 0.17287192 0.01941058 0.01924627 0.13533244
  0.14085874 0.14390795]
 [0.04069548 0.2521202  0.32198057 0.01999669 0.02053035 0.26288956
  0.26938346 0.21593748]]"
16,experiments/prepump_joint_train_v6_fix/epoch_ckpts/epoch_016.pt,0.003016522852703929,0.004059394355863333,0.003604188561439514,0.7257735729217529,0.44838380813598633,0.7946996092796326,"[[2.847219   4.2286024  1.4692051  1.4616498  1.4628431  2.4253526
  2.4290512  0.70942336]
 [2.8517067  4.2298813  1.4604486  1.4621419  1.4625006  2.4283903
  2.4279907  0.71117014]
 [2.8487175  4.226491   1.4639972  1.4597788  1.4618946  2.4238663
  2.424009   0.7171877 ]
 [2.8508828  4.2269716  1.4595431  1.460057   1.461883   2.425703
  2.4244676  0.7160876 ]
 [2.852232   4.2221775  1.4577336  1.4586906  1.4597491  2.4256675
  2.4211793  0.7113311 ]
 [2.8495178  4.2284837  1.4613197  1.4607692  1.4615134  2.4246376
  2.4265285  0.70967424]
 [2.8523831  4.228966   1.4539233  1.4602003  1.4622056  2.426619
  2.427782   0.728568  ]
 [2.8571503  4.2305293  1.4528999  1.4608316  1.4624879  2.4346805
  2.432898   0.7453005 ]
 [2.8508778  4.229375   1.4557904  1.4606074  1.4647483  2.4279094
  2.429004   0.76456714]
 [2.8679094  4.220765   1.436741   1.4653119  1.4670521  2.4289086
  2.4273622  0.72942144]
 [2.8560543  4.2182655  1.4288641  1.4565921  1.4576627  2.4306104
  2.4247522  0.7734732 ]
 [2.849143   4.239284   1.4405451  1.4600009  1.4615698  2.453239
  2.454682   0.8666079 ]
 [2.8777072  4.172902   1.4240335  1.463271   1.4645386  2.4421897
  2.4395187  0.92043716]
 [2.8643181  4.222744   1.4162629  1.46292    1.4672049  2.4376104
  2.4397748  0.87490714]
 [2.869021   4.2544346  1.5563304  1.4589244  1.4604428  2.5287485
  2.531747   0.96568274]
 [2.905358   4.2272277  2.001954   1.4663379  1.4668216  2.772726
  2.7966354  1.4071171 ]
 [2.8666456  4.272185   1.9368433  1.4462742  1.4504656  2.7636688
  2.7950604  1.4847305 ]
 [2.8786917  4.3682437  1.6988972  1.4667909  1.4687518  2.6449287
  2.670914   1.0073392 ]
 [2.8842852  4.272426   1.7927343  1.4666643  1.468888   2.6440527
  2.6692593  1.0235126 ]
 [2.85868    4.3511763  1.6867865  1.457005   1.4606643  2.6079147
  2.6416965  0.86204946]
 [2.9155402  4.2397423  1.4283844  1.4693259  1.4731152  2.4811056
  2.5002482  0.89128184]
 [2.888616   4.271812   1.5625435  1.4592847  1.462305   2.5414197
  2.559189   0.92843217]
 [2.9141498  4.452203   1.700923   1.4731112  1.4741536  2.7096188
  2.7380674  1.0568126 ]
 [2.976558   4.324094   1.6237195  1.5175993  1.5223976  2.6517138
  2.6841853  1.1105452 ]
 [2.9507346  4.381814   1.611779   1.4977651  1.4997504  2.6560364
  2.671981   1.0647813 ]
 [2.9014542  4.2634125  1.7526453  1.477611   1.4865705  2.7108538
  2.751346   1.504123  ]
 [2.9413364  4.2378483  1.5051651  1.4947618  1.5006053  2.5602822
  2.5830338  1.1608455 ]
 [2.966907   4.0923924  1.2761805  1.4962773  1.5017201  2.3724887
  2.3718896  0.8982362 ]
 [2.961269   4.3414974  1.5503615  1.4962775  1.5005791  2.6190603
  2.6498175  1.0783482 ]
 [2.9754233  4.1996336  1.5995501  1.514249   1.523182   2.6025825
  2.6474457  1.1996896 ]
 [2.9481783  4.265906   1.5938562  1.4985737  1.5062906  2.6150534
  2.6549716  1.1781026 ]
 [2.9510293  4.249448   1.481005   1.4880077  1.4944819  2.558954
  2.5898895  1.1575016 ]
 [2.9575126  4.012677   1.4450432  1.5077618  1.5186703  2.4639165
  2.4985237  1.2457058 ]
 [2.9208431  4.055236   1.5137756  1.4892044  1.4998391  2.491639
  2.5253685  1.2099513 ]
 [2.972849   4.2105207  1.3672677  1.4999171  1.5036902  2.4775393
  2.4930935  0.9847295 ]
 [2.9863954  4.081427   1.3026897  1.5100802  1.5161396  2.4004574
  2.41473    0.9888035 ]
 [2.915021   4.314883   1.5947856  1.4825939  1.4867711  2.5998275
  2.6336184  1.0020092 ]
 [2.9808314  4.2297664  1.5107965  1.5149194  1.5208775  2.5850413
  2.6163886  1.2195448 ]
 [2.9776416  4.1281524  1.3736187  1.5099756  1.5173436  2.4644291
  2.485434   1.1002526 ]
 [2.982435   4.256781   1.4764147  1.5062512  1.51031    2.5660813
  2.5893433  1.1139588 ]
 [2.9686184  4.267597   1.4062942  1.4942659  1.4978508  2.5208566
  2.5399735  1.0124036 ]
 [2.9692008  4.3261495  1.5644753  1.5022396  1.5055034  2.6302161
  2.6557925  1.1169108 ]
 [2.944855   4.085637   1.3387691  1.4922949  1.4986584  2.4108334
  2.4327147  1.0259321 ]
 [2.9231615  4.214024   1.3742981  1.4711434  1.4754153  2.4523869
  2.4543436  0.887524  ]
 [2.9159887  4.461061   1.6741118  1.4730453  1.4738593  2.6990128
  2.7249856  0.98654616]]","[[0.00552576 0.00715948 0.01096389 0.00281739 0.00298373 0.00547133
  0.00772544 0.02127361]
 [0.00535461 0.00995913 0.01356205 0.00282272 0.00320435 0.00873096
  0.01104464 0.02293692]
 [0.00486751 0.00752902 0.0123624  0.00293535 0.00266731 0.00584879
  0.00846879 0.02132335]
 [0.00411406 0.00860757 0.0103696  0.00281664 0.00304423 0.00665335
  0.00816203 0.02045147]
 [0.00392423 0.00603061 0.00966012 0.00316506 0.00297735 0.00535706
  0.00672583 0.0203944 ]
 [0.00553212 0.00795178 0.0116626  0.00257738 0.00287136 0.00560229
  0.00807966 0.02246523]
 [0.00429767 0.00883561 0.01234036 0.00285676 0.00312535 0.00716453
  0.00886745 0.02596794]
 [0.0078921  0.01841092 0.01830347 0.00386707 0.00420766 0.01268071
  0.01507681 0.05159894]
 [0.0079789  0.0125547  0.01925501 0.00375724 0.00403031 0.01038983
  0.01171417 0.05657753]
 [0.01303912 0.02624646 0.02492376 0.00702748 0.00752125 0.01700156
  0.01883244 0.06117389]
 [0.00897594 0.02260668 0.02316096 0.00424842 0.00396976 0.02032165
  0.02376503 0.04136876]
 [0.01222705 0.04130939 0.04108215 0.0041379  0.00443052 0.03486484
  0.03865696 0.08128883]
 [0.01824633 0.07067814 0.04537499 0.00840605 0.00913263 0.03262473
  0.03542359 0.12589417]
 [0.01208533 0.02434165 0.03706656 0.00542999 0.00567761 0.02277113
  0.02483998 0.09339016]
 [0.02096337 0.12359539 0.18314771 0.00783891 0.00816082 0.12050588
  0.12898703 0.24427104]
 [0.03152497 0.21320601 0.38251877 0.01227348 0.01012757 0.22477743
  0.23981442 0.534565  ]
 [0.03435498 0.16998239 0.4286733  0.01769777 0.01676182 0.25953242
  0.27333257 0.6166772 ]
 [0.02854658 0.1830953  0.30493248 0.01407709 0.01385775 0.23043752
  0.23815568 0.39854178]
 [0.018633   0.154068   0.31257385 0.01015706 0.01090094 0.19314289
  0.2070045  0.42431885]
 [0.03838808 0.16254461 0.25432232 0.01676014 0.01629107 0.18985085
  0.19961558 0.254177  ]
 [0.04039163 0.13991761 0.18792848 0.01836449 0.01821912 0.14446487
  0.15419225 0.18187848]
 [0.02994014 0.10438012 0.28701103 0.01590711 0.01536303 0.18803577
  0.2007368  0.37099344]
 [0.05153996 0.30863643 0.4346108  0.02249633 0.0231959  0.35396948
  0.3654807  0.42550236]
 [0.03439843 0.27537644 0.30605465 0.01710758 0.0185599  0.26873747
  0.28180668 0.25584832]
 [0.03462791 0.23711742 0.30720237 0.01738085 0.01754245 0.26539537
  0.27894527 0.29730183]
 [0.03188267 0.20673777 0.24969861 0.01692751 0.01760646 0.19542076
  0.20248234 0.32070595]
 [0.03194921 0.18175581 0.23498183 0.01602663 0.01709487 0.19800243
  0.20742396 0.24519044]
 [0.03317059 0.11323705 0.10638943 0.01818672 0.01937178 0.10210517
  0.10897177 0.18295741]
 [0.03685579 0.2316942  0.3312092  0.02039046 0.02108254 0.27120858
  0.28127086 0.300495  ]
 [0.03888535 0.26694378 0.31420103 0.01934934 0.02027033 0.2762285
  0.28454745 0.3471085 ]
 [0.04232264 0.25866917 0.2982719  0.01964602 0.02179038 0.23462944
  0.24335238 0.23772416]
 [0.03675754 0.23413855 0.27652025 0.01821387 0.01873891 0.22954541
  0.23727457 0.23733008]
 [0.04418839 0.21052498 0.16762301 0.02065498 0.02173788 0.14853874
  0.1564302  0.2664977 ]
 [0.03752555 0.18131301 0.16197199 0.0171143  0.01830016 0.11690695
  0.12464081 0.25401822]
 [0.04353767 0.1987136  0.24562508 0.02078835 0.02120541 0.19950607
  0.2093419  0.20448922]
 [0.04739615 0.19446445 0.20788254 0.02207869 0.02364585 0.18199705
  0.19226755 0.23625147]
 [0.04181438 0.17450725 0.23077498 0.01993003 0.02206194 0.17863165
  0.1887962  0.24105065]
 [0.04286924 0.23984124 0.2676925  0.02019112 0.02008613 0.24014227
  0.24725045 0.2810304 ]
 [0.03899829 0.20273961 0.1987374  0.02109593 0.02269044 0.17554142
  0.18474518 0.18865483]
 [0.04855885 0.23390749 0.29101783 0.0241349  0.02520227 0.24865077
  0.25807688 0.29963505]
 [0.05214306 0.24039742 0.3254546  0.02424877 0.02540234 0.25508964
  0.26516107 0.26037398]
 [0.03290056 0.27395877 0.31854793 0.01725858 0.01761934 0.2835181
  0.29387495 0.2951808 ]
 [0.03585958 0.13798597 0.11459506 0.01640802 0.01818225 0.10604765
  0.11338788 0.24575533]
 [0.03829995 0.14876558 0.1886484  0.01857273 0.01944176 0.15159678
  0.16180392 0.17196137]
 [0.03697759 0.24827147 0.33406666 0.01877422 0.02020595 0.27441373
  0.28568363 0.28536442]]"
17,experiments/prepump_joint_train_v6_fix/epoch_ckpts/epoch_017.pt,0.001713718636892736,0.0019723176956176758,0.00199967622756958,0.6097334623336792,0.42282557487487793,0.5464626550674438,"[[2.8476336  4.2202196  1.4556738  1.4624786  1.4623016  2.419318
  2.4205096  0.7267663 ]
 [2.849711   4.2199354  1.452258   1.4620619  1.4609392  2.4231157
  2.419617   0.72375643]
 [2.848307   4.220873   1.4565915  1.4606708  1.4609233  2.4204912
  2.419266   0.72472334]
 [2.848814   4.220602   1.4540149  1.4604796  1.4606274  2.4232562
  2.4194958  0.7292246 ]
 [2.849252   4.218134   1.4521377  1.4596559  1.4587388  2.4245539
  2.4187279  0.7267189 ]
 [2.8484032  4.2213726  1.4520291  1.4612308  1.4605695  2.4198232
  2.419917   0.72348845]
 [2.850626   4.2206955  1.4480345  1.4609886  1.4610866  2.4210284
  2.4205005  0.7307989 ]
 [2.8540967  4.220527   1.4435726  1.4610041  1.4614339  2.4249613
  2.4217021  0.74390364]
 [2.8507535  4.223302   1.4457681  1.4614645  1.4643698  2.4192765
  2.4198685  0.7527569 ]
 [2.8637989  4.204453   1.4200342  1.4639688  1.4646847  2.414783
  2.409328   0.7308688 ]
 [2.8548214  4.207503   1.4200188  1.4569046  1.456763   2.4214811
  2.4168224  0.7751716 ]
 [2.849703   4.2168345  1.4183098  1.4593326  1.4608002  2.4286346
  2.4306064  0.83868355]
 [2.8755038  4.1473026  1.3741002  1.4596814  1.461079   2.4028804
  2.3980498  0.86818814]
 [2.865154   4.2108183  1.4021267  1.4631175  1.4664795  2.4172378
  2.4201236  0.8202673 ]
 [2.8626108  4.230832   1.4906119  1.4573953  1.458775   2.4773662
  2.478265   0.87853295]
 [2.8869483  4.1834764  1.8181752  1.4583042  1.4611171  2.6448324
  2.6638906  1.1775593 ]
 [2.8636925  4.205832   1.7416326  1.444308   1.4500134  2.6209388
  2.6487648  1.2272801 ]
 [2.8862443  4.275817   1.5448488  1.4678813  1.4685246  2.5294187
  2.5474699  0.8589794 ]
 [2.8804474  4.219959   1.642611   1.463785   1.4659076  2.5467207
  2.5628622  0.90363944]
 [2.8722587  4.257356   1.5250112  1.4597194  1.4604415  2.5000906
  2.5211601  0.76719546]
 [2.917478   4.1817     1.3482296  1.4673669  1.4686757  2.4209619
  2.4296212  0.84690094]
 [2.8895736  4.211638   1.4560156  1.4588618  1.4606022  2.4631882
  2.472003   0.8388632 ]
 [2.9218714  4.3404975  1.5366942  1.4706221  1.4697136  2.586838
  2.6032474  0.92763853]
 [2.9844513  4.1954513  1.4395889  1.511271   1.5130887  2.5119653
  2.5280132  0.981878  ]
 [2.9460504  4.286749   1.4740365  1.4899958  1.4903737  2.545808
  2.5501041  0.94873774]
 [2.924836   4.1406355  1.5190997  1.4805887  1.4885985  2.538549
  2.569096   1.2699511 ]
 [2.9506943  4.1426105  1.3602357  1.4897112  1.4935042  2.4442682
  2.4519434  1.0195537 ]
 [2.9663253  4.0490026  1.2265221  1.4880241  1.4901376  2.3333547
  2.3123598  0.8828725 ]
 [2.968058   4.2256956  1.3776255  1.4895631  1.4903053  2.4861534
  2.5004265  0.92937297]
 [3.0009692  4.064552   1.3617817  1.5145252  1.5185188  2.4292026
  2.452013   0.99227583]
 [2.9702163  4.14516    1.3910779  1.4991617  1.5028628  2.4716525
  2.494039   1.031343  ]
 [2.9659858  4.1447496  1.3187507  1.4847461  1.4875947  2.4340584
  2.4496305  1.0094227 ]
 [2.9821885  3.917672   1.2762047  1.5097543  1.5168478  2.3355167
  2.3474488  1.088236  ]
 [2.9461067  3.962247   1.3440303  1.4937192  1.5022004  2.37066
  2.3901699  1.0789223 ]
 [2.9747064  4.1352944  1.2767698  1.4922812  1.4927771  2.4039483
  2.400829   0.92472506]
 [2.9912992  4.0085883  1.2084417  1.5032134  1.5051516  2.327417
  2.3179607  0.9421005 ]
 [2.9353714  4.1892004  1.4121798  1.4835173  1.4847076  2.4641974
  2.4822683  0.86174285]
 [2.989075   4.1085777  1.3349456  1.507863   1.5103221  2.439756
  2.4492776  1.0446782 ]
 [2.9832542  4.0426464  1.2524153  1.5018873  1.505972   2.3668907
  2.3668423  1.0099331 ]
 [2.9828408  4.154507   1.3341887  1.4962405  1.496607   2.4462373
  2.4488442  0.9674397 ]
 [2.9698064  4.1850195  1.3075355  1.4866005  1.4869065  2.4383347
  2.4391472  0.9297728 ]
 [2.9704623  4.198585   1.3944801  1.4932865  1.4938871  2.4903927
  2.49689    0.977057  ]
 [2.9605463  4.011041   1.2296907  1.4892266  1.4921211  2.3206277
  2.3236253  0.90677106]
 [2.9222958  4.167691   1.3265079  1.467139   1.4694223  2.412641
  2.4006495  0.8693897 ]
 [2.9184012  4.339036   1.516069   1.468766   1.4673533  2.5712843
  2.5843868  0.8536911 ]]","[[0.0033563  0.00560813 0.00799288 0.00245513 0.00250577 0.00441361
  0.00541733 0.01958606]
 [0.00393474 0.00768549 0.00922101 0.00280666 0.00291138 0.00648793
  0.00764363 0.02147237]
 [0.00315954 0.00507497 0.00906871 0.00278507 0.00239022 0.005275
  0.00645133 0.01888212]
 [0.00296306 0.00597543 0.00702841 0.00248326 0.00259533 0.00475367
  0.00516192 0.01741376]
 [0.00350703 0.00638155 0.00787194 0.00290208 0.00250033 0.00500258
  0.00583683 0.01844914]
 [0.00372928 0.0062554  0.00808204 0.00236051 0.002546   0.0050274
  0.0054435  0.02109173]
 [0.00339161 0.00663581 0.00891045 0.00258913 0.00275212 0.00496687
  0.00576354 0.01884518]
 [0.00540624 0.01035127 0.01330747 0.00343198 0.00330318 0.00789654
  0.00925075 0.03481854]
 [0.00497115 0.00764555 0.01343425 0.00315534 0.0034492  0.00706555
  0.00753253 0.04346605]
 [0.01131876 0.02757517 0.02478714 0.00631701 0.00654694 0.01809537
  0.01829481 0.0532856 ]
 [0.00765416 0.01532735 0.02158189 0.00382376 0.00336301 0.01297386
  0.01532127 0.03378704]
 [0.00954947 0.03149823 0.03239487 0.00375769 0.00389987 0.02388891
  0.02679354 0.0644597 ]
 [0.01738958 0.0682412  0.03571393 0.00757811 0.00790324 0.02928012
  0.03010281 0.09503616]
 [0.00985407 0.01827526 0.03162571 0.00531141 0.00512583 0.01511967
  0.01547219 0.07458453]
 [0.01486272 0.0872262  0.12931447 0.00637025 0.00674165 0.08258346
  0.08962177 0.17133074]
 [0.02173327 0.1820797  0.34117588 0.01010663 0.00943225 0.18976885
  0.20853594 0.46138006]
 [0.02980823 0.13852206 0.36963952 0.01943407 0.01676947 0.21094362
  0.2292304  0.5258002 ]
 [0.02708879 0.1333583  0.22444764 0.01313343 0.01193431 0.16729675
  0.17754164 0.28937086]
 [0.01533414 0.12241422 0.2532903  0.01191951 0.0112156  0.15114395
  0.16792156 0.33856115]
 [0.03040453 0.11956608 0.17615215 0.01315123 0.0125311  0.13336502
  0.14526045 0.16410777]
 [0.03522205 0.09580623 0.12212671 0.014719   0.01435412 0.09541145
  0.10493226 0.14491394]
 [0.02508972 0.06686147 0.20395193 0.01340402 0.01240296 0.12772681
  0.14204574 0.26673895]
 [0.04451457 0.25260338 0.33762375 0.01933559 0.01901459 0.28099358
  0.2961632  0.3167326 ]
 [0.03516605 0.23071098 0.22870636 0.01854983 0.01993641 0.21113919
  0.22767259 0.17290002]
 [0.03283266 0.18728426 0.22175705 0.01605389 0.01599537 0.19830392
  0.2127172  0.19720238]
 [0.02683478 0.17635667 0.17539987 0.016429   0.01806948 0.14629388
  0.15460931 0.23755373]
 [0.03067306 0.14346121 0.15730491 0.0166966  0.01725832 0.14185171
  0.15143898 0.16903527]
 [0.03005814 0.09509185 0.0731433  0.0164694  0.01710765 0.07613809
  0.08055364 0.16153565]
 [0.03516524 0.16935258 0.21634221 0.01898852 0.01878659 0.18724531
  0.19935714 0.17979999]
 [0.0371828  0.22842027 0.22111449 0.02076611 0.02284439 0.21518195
  0.22847247 0.24554244]
 [0.03796832 0.22966501 0.23604245 0.0194379  0.02156969 0.19589058
  0.20805392 0.16974735]
 [0.03425176 0.18733628 0.18679805 0.0176135  0.01754869 0.1677686
  0.17718583 0.1543661 ]
 [0.0383729  0.18500903 0.1108501  0.0200828  0.02198377 0.1137342
  0.12497568 0.2105436 ]
 [0.03344549 0.16034666 0.11719062 0.01715983 0.01900607 0.08569247
  0.09309942 0.18417086]
 [0.03807849 0.14234628 0.16310629 0.01812219 0.01749296 0.13416526
  0.14488983 0.14670558]
 [0.04250517 0.16269305 0.15271376 0.02087498 0.02163605 0.14040011
  0.15179498 0.19473839]
 [0.04141768 0.14947632 0.17368399 0.01955558 0.02136429 0.1385601
  0.1500129  0.1671512 ]
 [0.03945628 0.19379184 0.18004857 0.0203108  0.02057294 0.1759235
  0.18543963 0.19612025]
 [0.03594789 0.16624582 0.13251667 0.02058779 0.02137922 0.1270413
  0.1367601  0.12629984]
 [0.0411351  0.18051524 0.19901985 0.02177919 0.0222974  0.17904662
  0.19171856 0.20615958]
 [0.04060155 0.17568006 0.2202929  0.01832919 0.01815693 0.17656337
  0.18969607 0.17101474]
 [0.03040158 0.21375571 0.22044437 0.01688698 0.01741578 0.20740387
  0.22057535 0.20550111]
 [0.02844689 0.12650591 0.06738883 0.01550349 0.01760898 0.07881658
  0.08389809 0.19754453]
 [0.03199589 0.09816618 0.11605518 0.01426889 0.0144673  0.0944148
  0.1056914  0.12440915]
 [0.03153889 0.19661085 0.24735491 0.01549081 0.01678114 0.20989333
  0.22252095 0.1953055 ]]"
18,experiments/prepump_joint_train_v6_fix/epoch_ckpts/epoch_018.pt,0.001529267872683704,0.0014640887966379523,0.0027697160840034485,0.5927201509475708,0.4167194366455078,0.6127126812934875,"[[2.8494341  4.2195177  1.4596655  1.4631071  1.46361    2.4176502
  2.4269416  0.7370488 ]
 [2.8517148  4.219011   1.4558281  1.4635242  1.4626622  2.4206343
  2.4250731  0.7314537 ]
 [2.8502533  4.2205067  1.4595908  1.4615265  1.4619935  2.419121
  2.4260075  0.73120546]
 [2.850624   4.220659   1.4587532  1.4622972  1.4623493  2.4214568
  2.4266129  0.73378545]
 [2.8510103  4.218491   1.4574573  1.4614064  1.4602183  2.4236588
  2.426676   0.7309343 ]
 [2.850142   4.221369   1.454543   1.4623331  1.4620742  2.4190028
  2.4259121  0.73672247]
 [2.8528192  4.2206674  1.4508607  1.4623401  1.4626471  2.4194498
  2.426909   0.73648715]
 [2.8574166  4.2198424  1.4483088  1.4625591  1.4633057  2.4226916
  2.4264774  0.7415118 ]
 [2.8546166  4.2207637  1.4501652  1.4634888  1.4670627  2.416661
  2.4220521  0.751566  ]
 [2.8672824  4.203127   1.4283086  1.465751   1.467194   2.4149969
  2.4133134  0.7382295 ]
 [2.858148   4.2098656  1.418603   1.4587294  1.4581627  2.4198246
  2.4207726  0.77323484]
 [2.8533213  4.214272   1.417457   1.4601853  1.4626755  2.4266813
  2.4327073  0.8508184 ]
 [2.8817987  4.138687   1.3786714  1.461574   1.4636785  2.402028
  2.397434   0.89165604]
 [2.872985   4.205545   1.3976773  1.4669152  1.4711831  2.4109714
  2.4164448  0.8133805 ]
 [2.8676224  4.221348   1.4885062  1.4590082  1.46193    2.4717126
  2.475705   0.895856  ]
 [2.8968542  4.165665   1.8224472  1.4627738  1.4664379  2.6389112
  2.6583536  1.1882528 ]
 [2.8719828  4.189943   1.7505261  1.4476644  1.4549829  2.6229782
  2.6528492  1.2726    ]
 [2.8954155  4.266352   1.5454609  1.472281   1.4733909  2.5208652
  2.5437417  0.8496732 ]
 [2.8894646  4.202039   1.6409864  1.4685727  1.4712828  2.5334852
  2.5520525  0.89340955]
 [2.8778036  4.252169   1.5307856  1.4623511  1.4628148  2.4923925
  2.5188234  0.7447384 ]
 [2.9274056  4.176157   1.3494111  1.4716763  1.4731379  2.417765
  2.4258006  0.83776605]
 [2.897926   4.2046976  1.4600285  1.4628466  1.4650667  2.4609802
  2.4719334  0.8471383 ]
 [2.9350426  4.334665   1.540183   1.4770001  1.4757974  2.58507
  2.600894   0.9174601 ]
 [2.9927323  4.218505   1.48981    1.5173885  1.5196579  2.5501544
  2.5617173  1.0320442 ]
 [2.9571922  4.302593   1.510903   1.4961243  1.4966273  2.569845
  2.57221    0.9590454 ]
 [2.9357712  4.162598   1.5774109  1.4837272  1.4933468  2.5801227
  2.609644   1.343647  ]
 [2.9629855  4.15098    1.388218   1.4961312  1.5008165  2.4630117
  2.4685702  1.0466596 ]
 [2.97876    4.039887   1.2388648  1.4973466  1.4982365  2.3372164
  2.305219   0.87028617]
 [2.9772525  4.232477   1.4055219  1.4956877  1.4970069  2.502269
  2.5140753  0.94595575]
 [3.012295   4.10208    1.437414   1.5226315  1.5277638  2.4850988
  2.508667   1.0500605 ]
 [2.9772484  4.167118   1.4408857  1.5034142  1.5081424  2.5052116
  2.5269473  1.0674419 ]
 [2.9741738  4.157736   1.3509761  1.488983   1.4927984  2.4552238
  2.469611   1.0368713 ]
 [2.9924417  3.9315062  1.3200443  1.5162799  1.524656   2.3644254
  2.376403   1.1214688 ]
 [2.9526331  3.971239   1.3853652  1.4969277  1.5066698  2.395476
  2.414608   1.1212521 ]
 [2.9841952  4.130939   1.288412   1.4991368  1.4993118  2.4093304
  2.399448   0.92647356]
 [3.0015688  4.010211   1.229727   1.5109411  1.5126519  2.3400881
  2.324153   0.95168257]
 [2.9416587  4.212247   1.4502645  1.4873123  1.4888482  2.4897664
  2.5110302  0.8809315 ]
 [3.0014648  4.1288934  1.3785026  1.515546   1.5187384  2.4738488
  2.4813485  1.0856111 ]
 [2.9926498  4.0429106  1.2768378  1.5082968  1.5130303  2.381302
  2.3759098  1.0354952 ]
 [2.9967852  4.1657424  1.3649689  1.50492    1.505396   2.4693072
  2.468171   0.9899459 ]
 [2.9817011  4.181593   1.3139416  1.4943265  1.4941078  2.4408863
  2.4370317  0.9208857 ]
 [2.983825   4.2141023  1.4315627  1.5005434  1.5010399  2.5185637
  2.521388   1.0039997 ]
 [2.9757648  4.0124846  1.2463284  1.4983193  1.501245   2.3303015
  2.3316255  0.91096896]
 [2.9302225  4.161385   1.3319782  1.4727801  1.4737997  2.4127297
  2.3949053  0.85162467]
 [2.9262989  4.3482256  1.5362046  1.472599   1.4709414  2.5821111
  2.598551   0.8555499 ]]","[[0.00351045 0.00627485 0.00832173 0.00276503 0.00282055 0.00530583
  0.00597164 0.01961865]
 [0.00451969 0.00752279 0.00942315 0.00328172 0.00340791 0.00653873
  0.00796369 0.0223806 ]
 [0.00372181 0.00627297 0.00988328 0.00304394 0.00273085 0.00634787
  0.00762113 0.01876443]
 [0.00355611 0.0065072  0.00808374 0.00277751 0.00298668 0.00563313
  0.00586599 0.01891863]
 [0.00414077 0.00711299 0.00898187 0.00303715 0.00281586 0.00582344
  0.00729442 0.01944748]
 [0.00404256 0.00678912 0.00880042 0.00265667 0.00279245 0.00613591
  0.00602992 0.02192146]
 [0.00423012 0.0065201  0.01013162 0.00284522 0.00326105 0.00581002
  0.00694147 0.02003638]
 [0.00636661 0.01084096 0.01449994 0.00387947 0.00386647 0.0079488
  0.0084436  0.03541441]
 [0.00544582 0.00885259 0.01499736 0.00348851 0.00384625 0.0078795
  0.00790799 0.04409735]
 [0.01211966 0.02743243 0.02447978 0.00688249 0.00723009 0.01645201
  0.01780654 0.05275254]
 [0.00837635 0.01502491 0.02164201 0.00428817 0.00392222 0.01221362
  0.01501333 0.0366712 ]
 [0.00987665 0.03116475 0.03113033 0.0045262  0.00449871 0.02242964
  0.02537821 0.0739411 ]
 [0.01840251 0.06884905 0.0366088  0.0084453  0.00856088 0.0282438
  0.03048952 0.10535979]
 [0.01163362 0.01815492 0.03358128 0.00671967 0.00643943 0.01544545
  0.01485819 0.07796491]
 [0.01686374 0.08933927 0.13613594 0.00738116 0.00769384 0.0859748
  0.09275042 0.19686179]
 [0.02465345 0.18504547 0.3626425  0.01111624 0.01061349 0.2021511
  0.21966803 0.49322408]
 [0.03395769 0.14114536 0.39238876 0.02116867 0.01903279 0.22818546
  0.24365164 0.56934977]
 [0.0299578  0.13288604 0.23491564 0.0153714  0.01373762 0.17300981
  0.18153521 0.31386605]
 [0.01657137 0.11931113 0.26344085 0.01218231 0.01176104 0.15635316
  0.17193195 0.3602191 ]
 [0.03123922 0.1217704  0.18271743 0.01392467 0.01315205 0.13730599
  0.14918852 0.17161463]
 [0.03509116 0.10329467 0.12888467 0.01546608 0.01488414 0.10318527
  0.11364784 0.16288815]
 [0.02570163 0.06565918 0.21647555 0.01449647 0.0131094  0.13583876
  0.14983314 0.29595062]
 [0.043969   0.25937775 0.34981424 0.01994628 0.01964528 0.29371232
  0.30823186 0.35269403]
 [0.03685622 0.25439072 0.25931177 0.0195098  0.02115362 0.23803996
  0.2554248  0.2059693 ]
 [0.03463016 0.2151315  0.26052654 0.01669881 0.01709311 0.23264273
  0.24837236 0.2430355 ]
 [0.02855718 0.19225088 0.20714347 0.01761899 0.01925644 0.17224744
  0.18089212 0.27377003]
 [0.03197206 0.16417825 0.18727027 0.0180663  0.0191744  0.16731153
  0.1774612  0.19885391]
 [0.03101035 0.09624377 0.07902396 0.01780671 0.01895876 0.08131635
  0.08578409 0.1807201 ]
 [0.03721881 0.1912896  0.25157222 0.02037381 0.02080464 0.21590325
  0.22872041 0.22184357]
 [0.0371361  0.2581316  0.2776067  0.02099592 0.02389439 0.25684404
  0.26835665 0.301599  ]
 [0.03888664 0.25407946 0.26717237 0.02072077 0.0234429  0.22034062
  0.23340125 0.20088606]
 [0.035506   0.20980284 0.21951297 0.01912959 0.01925508 0.19493447
  0.20537226 0.18396774]
 [0.04028933 0.18901801 0.1319855  0.0220271  0.0240262  0.12542802
  0.13699062 0.23933911]
 [0.03471766 0.16487427 0.13548613 0.01816256 0.02001101 0.09745788
  0.10711497 0.21034499]
 [0.03923918 0.14947748 0.17218597 0.01973111 0.01931097 0.14220256
  0.15458247 0.16725242]
 [0.04303735 0.1689644  0.16912027 0.02196826 0.02323831 0.15236379
  0.16376247 0.21922745]
 [0.04226076 0.16755165 0.19934916 0.02096265 0.02345422 0.15912746
  0.1713244  0.19545671]
 [0.04063567 0.2106383  0.21242075 0.02111592 0.02166956 0.20258124
  0.21177006 0.23017842]
 [0.03760209 0.17692962 0.14943069 0.02227229 0.02351682 0.14078587
  0.15167874 0.14434052]
 [0.0435604  0.20402727 0.23151253 0.02337699 0.02468321 0.20728911
  0.22104785 0.24823286]
 [0.04211978 0.1863494  0.23768985 0.02037967 0.02038088 0.19047707
  0.2047815  0.19953169]
 [0.03218603 0.23516378 0.25005832 0.01784298 0.01891593 0.2344234
  0.2488988  0.24986601]
 [0.0295421  0.12810692 0.08129835 0.01671467 0.01952204 0.08785306
  0.0940967  0.22262573]
 [0.03426947 0.10365808 0.12252484 0.01656608 0.01660247 0.09895615
  0.11271914 0.14017239]
 [0.03313433 0.21395929 0.27421954 0.0167645  0.01847235 0.23126183
  0.24397579 0.22890171]]"
19,experiments/prepump_joint_train_v6_fix/epoch_ckpts/epoch_019.pt,0.001748953596688807,0.0016733407974243164,0.003389120101928711,0.7198230028152466,0.43060898780822754,0.7227920889854431,"[[2.849354   4.224545   1.4606309  1.4645567  1.4655662  2.4215043
  2.4270945  0.7371875 ]
 [2.851294   4.2263837  1.4559228  1.4643044  1.4643838  2.4253144
  2.4261165  0.73659414]
 [2.8508537  4.2248716  1.4594014  1.4624591  1.4640229  2.4226978
  2.4253206  0.73615074]
 [2.851467   4.2245545  1.4577992  1.4627668  1.4640523  2.4242854
  2.4250364  0.73631305]
 [2.852079   4.2229457  1.4552519  1.4614917  1.4620645  2.4256372
  2.4238522  0.73407525]
 [2.8500528  4.2269435  1.4562649  1.4635992  1.4641445  2.4224179
  2.4263358  0.73719525]
 [2.852274   4.225313   1.4515243  1.462809   1.46437    2.4230223
  2.4262648  0.7440436 ]
 [2.855969   4.2262044  1.4489082  1.4625239  1.463561   2.4300063
  2.4306867  0.75635254]
 [2.8516831  4.226576   1.4522688  1.4631847  1.4671434  2.4242847
  2.4274805  0.7732622 ]
 [2.8642128  4.215475   1.4339306  1.4652971  1.4663873  2.4241242
  2.4240427  0.741126  ]
 [2.8565073  4.2146654  1.4249916  1.4590704  1.4590354  2.426178
  2.4235795  0.77550286]
 [2.8485017  4.231288   1.4342345  1.4610152  1.46244    2.4425042
  2.4471922  0.8581522 ]
 [2.8733456  4.172659   1.4075463  1.4627489  1.4637936  2.425742
  2.4288294  0.8766958 ]
 [2.8661752  4.216428   1.4093966  1.4654921  1.4689156  2.422974
  2.4284127  0.82773095]
 [2.8621933  4.2462687  1.5310163  1.4589413  1.4613179  2.5091097
  2.517074   0.94568324]
 [2.8835309  4.2228465  1.9606392  1.4597082  1.4644241  2.7399728
  2.7748754  1.3375893 ]
 [2.8448064  4.247765   1.8983325  1.4386511  1.4471494  2.7304735
  2.771019   1.4568673 ]
 [2.8774402  4.3385224  1.6497986  1.4660463  1.4685888  2.602638
  2.6363153  0.9503583 ]
 [2.8732986  4.2606783  1.7542881  1.4635202  1.4678499  2.6147509
  2.6499395  0.9919311 ]
 [2.8563015  4.3233037  1.6304129  1.4552771  1.4578035  2.5614886
  2.6024451  0.7970302 ]
 [2.916387   4.221412   1.3937706  1.4698306  1.4718708  2.4529467
  2.4762201  0.84562296]
 [2.8845465  4.2568865  1.5345377  1.4581566  1.4610306  2.5182762
  2.5414722  0.90268904]
 [2.9131289  4.400044   1.6241053  1.4707946  1.4708256  2.6439254
  2.674844   0.96443415]
 [2.9796305  4.289741   1.5616431  1.5170949  1.5200537  2.5935116
  2.6309621  0.98245025]
 [2.9428394  4.365265   1.5668472  1.4938455  1.4941573  2.6121643
  2.6335468  0.9469089 ]
 [2.8987668  4.2499537  1.7053827  1.4728577  1.4856895  2.662505
  2.7120697  1.3890407 ]
 [2.9427407  4.2162676  1.4537631  1.4934713  1.4993117  2.5115662
  2.5389893  1.0450553 ]
 [2.9736526  4.0719385  1.2408162  1.498716   1.4995792  2.3446157
  2.337305   0.8263046 ]
 [2.9616168  4.305838   1.485045   1.4940258  1.496428   2.5598829
  2.594247   0.9515469 ]
 [2.9886336  4.1636114  1.5136445  1.5179741  1.5261365  2.5286064
  2.5817227  1.0355995 ]
 [2.9524777  4.2360973  1.5346271  1.4980909  1.506181   2.5610082
  2.6092434  1.0677487 ]
 [2.9559052  4.2171984  1.4215814  1.4877995  1.4937773  2.5036988
  2.5406337  1.0363059 ]
 [2.9717615  3.9791496  1.3774214  1.5134066  1.5250561  2.4019783
  2.4431     1.1124485 ]
 [2.9276037  4.025998   1.4682176  1.4907624  1.5042083  2.4441013
  2.4890096  1.1214896 ]
 [2.9784024  4.1752563  1.3128841  1.5005673  1.500231   2.432263
  2.4436066  0.89248323]
 [2.9981656  4.04981    1.2469792  1.5143701  1.5163149  2.355792
  2.366574   0.89413613]
 [2.9172306  4.281035   1.5398076  1.4804622  1.4839656  2.545991
  2.588184   0.89275354]
 [2.9893525  4.1875877  1.4352344  1.5171673  1.5217401  2.515435
  2.54929    1.0664096 ]
 [2.987305   4.087136   1.3119788  1.5129875  1.518618   2.4074214
  2.427065   0.9871147 ]
 [2.9860785  4.2190557  1.404      1.5058045  1.5067852  2.502702
  2.5262988  0.9711088 ]
 [2.9735007  4.229269   1.348429   1.4949378  1.4947145  2.4700685
  2.4869812  0.90139407]
 [2.9705896  4.2851887  1.4944628  1.5011901  1.5022832  2.567214
  2.5955558  0.9879695 ]
 [2.9620895  4.0467544  1.2765535  1.4984746  1.5028682  2.355542
  2.3800066  0.9109519 ]
 [2.923477   4.1947827  1.3466895  1.4719349  1.4726944  2.4289923
  2.4268014  0.83399165]
 [2.9096723  4.4097586  1.6080894  1.4693885  1.4683629  2.634372
  2.6633744  0.8804071 ]]","[[0.00406475 0.00542698 0.0089807  0.00262133 0.00266134 0.00419888
  0.00503598 0.02202983]
 [0.00404223 0.00756242 0.01077043 0.00301581 0.00310948 0.00659416
  0.00769897 0.02357851]
 [0.00354293 0.00507297 0.00958947 0.0028724  0.00243789 0.00493104
  0.00576037 0.01886519]
 [0.00317934 0.00607082 0.00771908 0.00258184 0.00277079 0.00473345
  0.00504676 0.01883733]
 [0.00319338 0.00579244 0.00792606 0.00306837 0.00261327 0.00508654
  0.00507585 0.01930938]
 [0.00440156 0.00594534 0.00903647 0.00246145 0.00258856 0.00468969
  0.00555856 0.02255036]
 [0.00352033 0.0069174  0.00976876 0.0027984  0.00301283 0.00589418
  0.00647838 0.02159727]
 [0.00632372 0.01160167 0.01430879 0.00355927 0.00378067 0.00988059
  0.01110393 0.04473607]
 [0.00634192 0.0088896  0.01567945 0.00338963 0.00384373 0.00838745
  0.00872747 0.05152167]
 [0.01132106 0.02398431 0.02323499 0.00663568 0.00694629 0.01578798
  0.01676471 0.05805982]
 [0.00738821 0.01665956 0.02057721 0.00393055 0.00358004 0.01477426
  0.01713739 0.0339655 ]
 [0.01125957 0.03461558 0.03606872 0.00392121 0.0044013  0.02982693
  0.03318338 0.07141128]
 [0.01770549 0.06375634 0.04144046 0.00842703 0.00921056 0.02950389
  0.03200445 0.10678548]
 [0.01154751 0.01998225 0.03407991 0.00591428 0.00599917 0.01907156
  0.01985743 0.07890036]
 [0.01898286 0.10719228 0.1769857  0.00823547 0.00829125 0.11056303
  0.1205164  0.24231888]
 [0.02682873 0.2098341  0.39973983 0.01328891 0.01210458 0.2269608
  0.24653088 0.5393351 ]
 [0.04375589 0.16678873 0.43869534 0.02498571 0.02254858 0.2623731
  0.27890483 0.63596815]
 [0.03575258 0.16941272 0.29525614 0.0182331  0.01549766 0.2166989
  0.22551402 0.3900821 ]
 [0.02050372 0.14560805 0.3153706  0.01452207 0.01337361 0.18826486
  0.20552772 0.42726326]
 [0.0422264  0.1404128  0.23039699 0.01897263 0.0161894  0.16382702
  0.17447579 0.21447593]
 [0.04306166 0.1210553  0.17282297 0.02009589 0.01829629 0.1269079
  0.13756104 0.1732451 ]
 [0.03536691 0.09731106 0.28687745 0.01998799 0.0165785  0.18406588
  0.1999098  0.3814784 ]
 [0.05537696 0.2864976  0.40473056 0.02440447 0.02305092 0.32302248
  0.3371842  0.38731748]
 [0.03862689 0.27815026 0.29808885 0.0187897  0.0214553  0.25909227
  0.27628553 0.21293941]
 [0.03423485 0.23547599 0.2956951  0.01615234 0.01708177 0.25044012
  0.26716867 0.2409108 ]
 [0.03338378 0.21092094 0.24723469 0.01879545 0.01959205 0.1923701
  0.19993553 0.29373297]
 [0.03242652 0.18832986 0.2268811  0.01679419 0.01882764 0.19116946
  0.20277151 0.21298736]
 [0.03387207 0.10928927 0.09564234 0.01922183 0.02085891 0.09431192
  0.1013714  0.1708347 ]
 [0.04162855 0.23094988 0.31985947 0.02190176 0.02258673 0.25596982
  0.26928896 0.25121462]
 [0.04132015 0.28278732 0.31741112 0.02103423 0.02417599 0.27478728
  0.2859161  0.3100278 ]
 [0.05148316 0.27181125 0.3036565  0.02486834 0.027067   0.23433752
  0.24478394 0.20850255]
 [0.04076926 0.23743209 0.27108696 0.02085412 0.02154239 0.22285637
  0.23270066 0.20491596]
 [0.04776879 0.20805217 0.16768304 0.02381249 0.02512427 0.1450885
  0.15562096 0.25671375]
 [0.04394124 0.17735808 0.1617699  0.02108886 0.02195879 0.10953194
  0.11812672 0.23587257]
 [0.04614867 0.17202969 0.2147772  0.02258449 0.02210868 0.17028712
  0.18247199 0.18346354]
 [0.04862507 0.18803205 0.19698    0.02409736 0.02582138 0.17015032
  0.18266143 0.22265173]
 [0.0482209  0.17747514 0.2259478  0.02343304 0.02568299 0.17093211
  0.18200848 0.20540449]
 [0.04138582 0.2376971  0.2519431  0.02040461 0.02164645 0.22565989
  0.23670581 0.24396975]
 [0.04040913 0.19813998 0.18368591 0.0229533  0.02515925 0.16245392
  0.17458047 0.16125725]
 [0.04673843 0.22132176 0.26520738 0.02432038 0.02611413 0.22550553
  0.23844613 0.25421828]
 [0.05454832 0.21379492 0.29125774 0.02574221 0.0253176  0.22276953
  0.2357415  0.2225809 ]
 [0.03328607 0.26666328 0.3013717  0.01739739 0.01937095 0.26541573
  0.279022   0.25763255]
 [0.03290044 0.13733158 0.10282954 0.0174045  0.02100852 0.0997283
  0.10797369 0.23310904]
 [0.04027463 0.1257714  0.16644035 0.01948259 0.01911689 0.1281613
  0.13970158 0.15320615]
 [0.03767192 0.23702396 0.31368598 0.01866922 0.02014918 0.25301394
  0.2663171  0.23922949]]"
20,experiments/prepump_joint_train_v6_fix/epoch_ckpts/epoch_020.pt,0.001088908757083118,0.0015727678546682,0.001595817506313324,0.6663205623626709,0.4245753288269043,0.6704814434051514,"[[2.848474   4.2230206  1.4620559  1.4631459  1.4633876  2.4223304
  2.4237363  0.7282884 ]
 [2.8510215  4.223959   1.4561924  1.4634498  1.4624676  2.4251173
  2.4214602  0.72544676]
 [2.8495913  4.2228613  1.4606652  1.4609687  1.46157    2.4229312
  2.4212685  0.7267339 ]
 [2.8506286  4.2228603  1.4586202  1.4615287  1.4619064  2.4245088
  2.4207313  0.7257247 ]
 [2.851335   4.2208652  1.4566482  1.460412   1.4596689  2.4257824
  2.4191494  0.7211132 ]
 [2.849353   4.2252183  1.4560978  1.4625313  1.4621897  2.422672
  2.422029   0.7290672 ]
 [2.8511567  4.2234516  1.4519103  1.4613945  1.4621155  2.4232442
  2.422206   0.737102  ]
 [2.855679   4.2234993  1.448976   1.4611943  1.4615257  2.429828
  2.4262993  0.7507246 ]
 [2.8509727  4.22225    1.453324   1.4616232  1.4651107  2.4237933
  2.4236155  0.7715065 ]
 [2.866143   4.2070174  1.4298671  1.4649069  1.4658405  2.4209673
  2.4159324  0.7430875 ]
 [2.8564565  4.21292    1.4222827  1.4583766  1.4573141  2.4255488
  2.4177935  0.76837456]
 [2.847947   4.2253847  1.4294307  1.4597213  1.4608155  2.4412699
  2.4424756  0.87127614]
 [2.8784308  4.1525397  1.3922244  1.4620948  1.463158   2.4155982
  2.4124384  0.8962293 ]
 [2.8672986  4.2123275  1.4078865  1.465081   1.468066   2.422854
  2.424283   0.83045125]
 [2.8629882  4.230457   1.5133972  1.4572998  1.459295   2.4938588
  2.4973004  0.9355335 ]
 [2.8904102  4.171673   1.8904426  1.4584167  1.4642226  2.6787705
  2.7072227  1.2727857 ]
 [2.854455   4.2060614  1.8344842  1.4385971  1.4479609  2.6760437
  2.7135239  1.3915946 ]
 [2.8876143  4.294395   1.5888988  1.4675747  1.4696144  2.5553174
  2.5833116  0.8969602 ]
 [2.8825178  4.2137804  1.6864479  1.4646069  1.4689436  2.5614805
  2.5875049  0.9377729 ]
 [2.8713236  4.2763658  1.5650473  1.4592355  1.4609005  2.5170197
  2.5493174  0.76660407]
 [2.9247785  4.193479   1.3651685  1.4706537  1.472116   2.4336772
  2.44845    0.85221815]
 [2.8925974  4.225563   1.4948162  1.4594791  1.4619305  2.4885588
  2.5045166  0.87957245]
 [2.9272025  4.349767   1.558025   1.4741596  1.4734994  2.5955775
  2.619237   0.9252899 ]
 [2.9951572  4.2146807  1.4763069  1.5198299  1.5221052  2.5355682
  2.556133   0.99097663]
 [2.9521964  4.3172727  1.5122807  1.4944069  1.4941407  2.5723548
  2.5831754  0.9358129 ]
 [2.92474    4.182025   1.6045275  1.4812883  1.4941049  2.5970118
  2.6396182  1.3647577 ]
 [2.9566553  4.170473   1.3990107  1.4949026  1.5001953  2.474031
  2.490894   1.0447361 ]
 [2.9775753  4.054442   1.2324754  1.4966724  1.4968224  2.3425918
  2.3183048  0.8662232 ]
 [2.9744067  4.2600417  1.425687   1.4958109  1.4971985  2.52073
  2.5445313  0.94336873]
 [3.0127058  4.105765   1.4257411  1.5234098  1.5297977  2.4749665
  2.5102098  1.0184126 ]
 [2.9775553  4.1775346  1.4483371  1.5047295  1.5110785  2.509434
  2.5439045  1.060127  ]
 [2.972731   4.1685333  1.3584636  1.4905162  1.4951072  2.461666
  2.4866295  1.0311744 ]
 [2.9949868  3.939475   1.3143413  1.517982   1.5281188  2.3647983
  2.3861609  1.1111958 ]
 [2.9527185  3.9804173  1.3970777  1.4980937  1.5105673  2.4041119
  2.4349737  1.1264263 ]
 [2.9829473  4.1463957  1.2912463  1.4990287  1.4980333  2.4180443
  2.4149482  0.9201644 ]
 [3.0050583  4.0186963  1.224122   1.5125327  1.5134497  2.3428786
  2.3329442  0.9380329 ]
 [2.9358728  4.233472   1.472033   1.4848977  1.487149   2.5049999
  2.5355232  0.8825142 ]
 [3.0025196  4.1387258  1.372596   1.5177281  1.5211742  2.4731627
  2.49145    1.0648482 ]
 [2.9945447  4.055895   1.2782893  1.5106725  1.515318   2.3878462
  2.3915133  1.0215877 ]
 [2.9949896  4.1802764  1.3573608  1.5052534  1.50518    2.4698212
  2.4793825  0.9684655 ]
 [2.9783964  4.200561   1.3222837  1.4939189  1.4931464  2.452858
  2.4578295  0.92314583]
 [2.9813328  4.230184   1.4329437  1.5013907  1.5016654  2.522155
  2.5361648  0.9827755 ]
 [2.9732494  4.0240374  1.245504   1.4983047  1.5016862  2.3374627
  2.3474555  0.9189105 ]
 [2.9274664  4.1766033  1.3351125  1.4718875  1.4720334  2.4218879
  2.4092367  0.85084605]
 [2.9192998  4.3640504  1.5507958  1.4705184  1.4687418  2.5924456
  2.614082   0.85750985]]","[[0.00431386 0.00534194 0.00928006 0.00287346 0.00295218 0.00429317
  0.00533065 0.0235565 ]
 [0.00400152 0.00719124 0.01057713 0.00306269 0.00323943 0.00632503
  0.00780132 0.02435964]
 [0.00383284 0.00570447 0.01033997 0.00293353 0.00256144 0.00505418
  0.0063582  0.02118331]
 [0.00343784 0.00613674 0.00824406 0.00266815 0.00292343 0.00464411
  0.00498076 0.02181893]
 [0.00332426 0.00567391 0.00835438 0.00303379 0.00264042 0.00519197
  0.00539616 0.02165512]
 [0.00446712 0.00585057 0.00900028 0.00255352 0.00273519 0.00477524
  0.00565754 0.02453732]
 [0.00366723 0.00631864 0.00992124 0.00284095 0.00322053 0.00557776
  0.00654866 0.02474664]
 [0.00666784 0.01191232 0.01484871 0.00365538 0.00394125 0.00898198
  0.01070604 0.04834921]
 [0.00696732 0.01062527 0.01704268 0.00366039 0.00411767 0.00823059
  0.00895875 0.05676514]
 [0.01293586 0.02752926 0.02492696 0.00765022 0.00815261 0.01686913
  0.01750376 0.06175243]
 [0.00807146 0.01628477 0.02131393 0.00411633 0.00384435 0.01392946
  0.01708741 0.03815998]
 [0.01145523 0.03402068 0.034455   0.00412366 0.00457971 0.02756358
  0.031284   0.08058579]
 [0.0195482  0.06979693 0.0382116  0.00901469 0.00995421 0.02874585
  0.03060981 0.1091342 ]
 [0.01171025 0.01965117 0.03412796 0.00616249 0.00620253 0.01696409
  0.01824598 0.08607826]
 [0.01863781 0.10078288 0.16039102 0.00872587 0.00855346 0.09421261
  0.10429949 0.22900431]
 [0.02534338 0.205721   0.37677595 0.01307245 0.01168486 0.20245793
  0.22311234 0.519985  ]
 [0.04169442 0.16091678 0.4172852  0.02580982 0.02232818 0.23911473
  0.25749412 0.61264676]
 [0.03224931 0.14477004 0.25641692 0.0173594  0.0145424  0.18282714
  0.19320899 0.34410238]
 [0.01806209 0.13094711 0.2824102  0.014525   0.01298868 0.15856823
  0.17694241 0.39461434]
 [0.03534535 0.11933266 0.19435242 0.01643078 0.01411111 0.13735451
  0.14995915 0.18484968]
 [0.03935313 0.10533836 0.14553958 0.01827634 0.01669813 0.10657751
  0.11867911 0.16268258]
 [0.03028375 0.07695999 0.25046712 0.01826868 0.01504042 0.15347177
  0.17102532 0.34258783]
 [0.05008002 0.25347927 0.35451546 0.02280413 0.02143058 0.2842579
  0.3017195  0.34440947]
 [0.03906415 0.24907608 0.25098464 0.02013488 0.02276285 0.22386745
  0.24485855 0.18534748]
 [0.0352697  0.21002533 0.25602195 0.01689054 0.01784314 0.22054504
  0.23876114 0.21727124]
 [0.03137403 0.19713916 0.21346025 0.01867113 0.02056073 0.16958138
  0.17854    0.26902434]
 [0.03358191 0.16488107 0.18698525 0.01794765 0.0198759  0.1615331
  0.17355657 0.18779431]
 [0.03266794 0.10125493 0.08278605 0.01845744 0.01984111 0.08316044
  0.09120751 0.17166634]
 [0.03929187 0.20244737 0.27042475 0.02114107 0.021978   0.2217714
  0.23760755 0.2156489 ]
 [0.03846106 0.25452682 0.2681346  0.02128007 0.02505406 0.24135862
  0.25696254 0.27738178]
 [0.04489641 0.24768013 0.26219317 0.02293352 0.02593906 0.2066331
  0.22034422 0.18663074]
 [0.03890976 0.21252249 0.22506323 0.02031732 0.02097215 0.19200371
  0.20413095 0.17855385]
 [0.04385105 0.1924274  0.13414754 0.02287346 0.02518502 0.12470425
  0.13983805 0.2350088 ]
 [0.04054504 0.16993573 0.13856415 0.02004577 0.02202917 0.09598318
  0.10596638 0.21130423]
 [0.04249333 0.15603107 0.18745524 0.0208137  0.02036082 0.14931174
  0.16348664 0.17041011]
 [0.04617489 0.17355432 0.17286961 0.02334453 0.0248289  0.15234964
  0.16749345 0.21580225]
 [0.04613822 0.16129282 0.19662952 0.02246979 0.02506493 0.14978051
  0.16264528 0.18757121]
 [0.0417566  0.21266039 0.2093782  0.02168854 0.02313993 0.19445036
  0.20723844 0.21691535]
 [0.03986266 0.18169902 0.1542524  0.02299036 0.02491182 0.14125301
  0.15475985 0.14475363]
 [0.04487902 0.19748971 0.22699021 0.02370388 0.02516097 0.19584866
  0.21163988 0.22534439]
 [0.04728225 0.19220746 0.25388947 0.02251012 0.0219112  0.195746
  0.21175478 0.2012829 ]
 [0.0333171  0.23669267 0.25302455 0.01825898 0.02018511 0.22899535
  0.24567826 0.23101352]
 [0.03132091 0.12927821 0.08072391 0.01725283 0.02097026 0.08505982
  0.0936849  0.22150435]
 [0.03751057 0.11309397 0.14438733 0.01820006 0.01781981 0.11070817
  0.12491389 0.14526944]
 [0.03597541 0.21165876 0.27606976 0.01807389 0.01954748 0.22422758
  0.23927401 0.2152204 ]]"
21,experiments/prepump_joint_train_v6_fix/epoch_ckpts/epoch_021.pt,0.0012196472380310297,0.0007892449502833188,0.0015290826559066772,0.6326777935028076,0.43060874938964844,0.6009714007377625,"[[2.850099   4.221939   1.4606818  1.4632396  1.4620118  2.4240212
  2.4260473  0.7276175 ]
 [2.8519287  4.222269   1.4555788  1.4634074  1.4610554  2.4266706
  2.4238431  0.7252998 ]
 [2.8510504  4.2213225  1.4594437  1.461302   1.4602246  2.4243703
  2.4237523  0.7235642 ]
 [2.8513384  4.220391   1.4572098  1.4615488  1.4601587  2.426103
  2.422959   0.7250652 ]
 [2.8515399  4.2184277  1.4550813  1.460726   1.4582372  2.427321
  2.421793   0.72274774]
 [2.8505392  4.2236333  1.4551721  1.4624676  1.4607673  2.4242737
  2.4242537  0.7285584 ]
 [2.8526483  4.221688   1.4505703  1.4617981  1.4607488  2.4243505
  2.4239275  0.73048025]
 [2.856865   4.222721   1.4477884  1.4616275  1.4604045  2.429725
  2.4268656  0.7372779 ]
 [2.8532531  4.2241464  1.4509584  1.4621292  1.4640207  2.4231493
  2.423633   0.7496532 ]
 [2.8661706  4.210367   1.4290847  1.4648836  1.464368   2.4218664
  2.417493   0.7260303 ]
 [2.8574538  4.2102513  1.4224719  1.4584229  1.4558852  2.4269865
  2.4198606  0.76407385]
 [2.8508952  4.226616   1.4307383  1.4599689  1.4600396  2.44006
  2.441151   0.8419114 ]
 [2.878792   4.163231   1.393039   1.4615271  1.4616963  2.4167526
  2.4141603  0.8601881 ]
 [2.8696601  4.213789   1.4069507  1.4648106  1.466136   2.4205887
  2.423068   0.79547155]
 [2.8641105  4.243876   1.5104064  1.4573196  1.4580683  2.4942589
  2.4980555  0.89421743]
 [2.8875268  4.2119102  1.8666083  1.4572812  1.4621466  2.6747413
  2.7030292  1.1978319 ]
 [2.854091   4.240552   1.8158507  1.4377103  1.4462804  2.6711292
  2.7081084  1.3139024 ]
 [2.8850324  4.3172555  1.5955403  1.4651854  1.4657804  2.5645468
  2.5945823  0.86182946]
 [2.879848   4.244378   1.6822668  1.4627799  1.4656382  2.5670767
  2.5952418  0.8927954 ]
 [2.8655338  4.303951   1.5845469  1.4550445  1.4551544  2.535405
  2.5703402  0.744347  ]
 [2.9215827  4.2137246  1.3780303  1.4677566  1.4678894  2.4429688
  2.4612904  0.80492693]
 [2.8902984  4.244065   1.4982476  1.4573232  1.4581391  2.4941237
  2.5124545  0.83662057]
 [2.921632   4.3852706  1.5921708  1.4703722  1.4685292  2.6242154
  2.650743   0.90792054]
 [2.9922051  4.2518854  1.503177   1.5169821  1.5184892  2.558733
  2.5830722  0.9619332 ]
 [2.950776   4.351213   1.539151   1.4925132  1.4912     2.5970774
  2.6123376  0.91376466]
 [2.9216013  4.2219186  1.6314751  1.4774519  1.4900833  2.6173697
  2.6616569  1.3237191 ]
 [2.9554937  4.1989045  1.4170618  1.4929026  1.4975263  2.4879928
  2.5083396  1.0004327 ]
 [2.9784212  4.0674257  1.2368141  1.4961     1.4949831  2.344788
  2.3248134  0.8083978 ]
 [2.9690979  4.2926326  1.4534291  1.4911983  1.4916857  2.5416017
  2.5697722  0.9046852 ]
 [3.006716   4.1418567  1.4480976  1.5182693  1.5242288  2.4917722
  2.5327141  0.9750283 ]
 [2.9709885  4.214703   1.4754566  1.4994519  1.5055999  2.5294175
  2.5684261  1.0211693 ]
 [2.9690313  4.1982784  1.3806936  1.4870231  1.4913272  2.4778914
  2.5073779  0.98906237]
 [2.989694   3.9652343  1.3265946  1.513508   1.5237051  2.3693805
  2.3964188  1.048953  ]
 [2.9475033  4.008698   1.4116797  1.4933707  1.5058761  2.411853
  2.4469562  1.0742205 ]
 [2.9823213  4.1672454  1.3034337  1.4974     1.495386   2.4271173
  2.4289637  0.87111056]
 [3.0027509  4.0403767  1.2339305  1.5102671  1.5105715  2.348813
  2.3443842  0.8805995 ]
 [2.9298878  4.265752   1.498517   1.4801913  1.4818214  2.525435
  2.5607483  0.85332114]
 [3.0001664  4.171162   1.394845   1.5148364  1.5177406  2.4905295
  2.513441   1.0234575 ]
 [2.9937916  4.0781903  1.2889866  1.5085974  1.5126143  2.3937082
  2.4008393  0.96088874]
 [2.9938002  4.207861   1.3781886  1.50304    1.5021036  2.4864051
  2.5009353  0.925024  ]
 [2.9769633  4.223813   1.3396066  1.4917784  1.4899476  2.4658737
  2.4757612  0.8770496 ]
 [2.9785678  4.2625327  1.4568421  1.4986614  1.4980721  2.5423088
  2.5607946  0.9465299 ]
 [2.9727356  4.0423713  1.2537774  1.4961568  1.4988045  2.3423715
  2.357607   0.86562175]
 [2.9260025  4.189934   1.345367   1.4703925  1.4689345  2.428955
  2.4192243  0.8071101 ]
 [2.914687   4.395843   1.5846949  1.4672531  1.4643037  2.621122
  2.646069   0.84461975]]","[[0.00376579 0.00578635 0.00877407 0.00262899 0.00280153 0.00432829
  0.00547955 0.01962752]
 [0.00403496 0.00764504 0.0100307  0.00296678 0.00316756 0.00623736
  0.007722   0.02096929]
 [0.0034417  0.00536601 0.00956175 0.00279284 0.00245192 0.00517134
  0.00661481 0.01846552]
 [0.00323696 0.00627634 0.00767405 0.00248315 0.00278469 0.00503527
  0.00517619 0.0182335 ]
 [0.00351087 0.00667579 0.0080927  0.00286164 0.00258615 0.00507256
  0.00588529 0.01931872]
 [0.00404354 0.00628845 0.00849041 0.0024189  0.00264783 0.0047484
  0.00545134 0.02096585]
 [0.00362344 0.00705034 0.0094879  0.00270073 0.00314361 0.0057232
  0.006626   0.01911955]
 [0.00593646 0.01067662 0.01380606 0.00347875 0.00370547 0.00871553
  0.01034223 0.03760778]
 [0.00580481 0.00843511 0.01493627 0.00343712 0.00398175 0.00770266
  0.0082118  0.04588966]
 [0.01224512 0.0248902  0.02400021 0.00708848 0.00770935 0.01640913
  0.01706015 0.05433864]
 [0.00779886 0.01657932 0.0208145  0.00384436 0.00374886 0.01340352
  0.01639631 0.0335152 ]
 [0.01074323 0.03321034 0.03482987 0.00403373 0.0043655  0.02787304
  0.0314379  0.07256632]
 [0.01887332 0.06522191 0.03816724 0.00855437 0.00953606 0.02901288
  0.03081133 0.10406448]
 [0.01129173 0.01939959 0.03317796 0.00596383 0.00590308 0.01750436
  0.01809824 0.07604819]
 [0.01769761 0.09633152 0.15285905 0.00842718 0.00824407 0.0965756
  0.10575382 0.20857288]
 [0.02476954 0.19499372 0.36511287 0.01249338 0.01100346 0.20219204
  0.22115654 0.49955097]
 [0.0405743  0.15463997 0.4045189  0.0250269  0.02080189 0.23727247
  0.2539491  0.5960274 ]
 [0.03241559 0.15469567 0.25487164 0.0168824  0.01394994 0.18914889
  0.19798763 0.32991686]
 [0.01775306 0.13042025 0.27406883 0.01374318 0.0121576  0.16131249
  0.1785809  0.37174496]
 [0.03623885 0.13401054 0.20120123 0.01680303 0.01454076 0.14871667
  0.16009453 0.18094182]
 [0.03989946 0.11621703 0.15501733 0.01846528 0.0171255  0.11818429
  0.129575   0.16062303]
 [0.03102972 0.08775952 0.24853908 0.0183517  0.01495098 0.15771024
  0.17402814 0.33261198]
 [0.05275172 0.28050366 0.38340664 0.02376523 0.02231099 0.31049514
  0.325875   0.36445722]
 [0.03882747 0.26455054 0.2687999  0.0197841  0.02254176 0.24249606
  0.2625785  0.19761741]
 [0.0349775  0.23084196 0.2782982  0.01645802 0.0176446  0.24222237
  0.25963634 0.23173109]
 [0.03162612 0.20282072 0.22381115 0.01872421 0.02050991 0.18052217
  0.18858124 0.27886987]
 [0.03276673 0.17688023 0.20226987 0.01722253 0.0193882  0.17668328
  0.18844931 0.1981814 ]
 [0.03301889 0.10586416 0.08948725 0.01826444 0.02019549 0.08986136
  0.09799448 0.16766852]
 [0.03983077 0.22293095 0.29441133 0.02087833 0.0218244  0.24277382
  0.2575159  0.22994699]
 [0.03859398 0.27042106 0.28596765 0.0210484  0.02490819 0.25954586
  0.27321032 0.28724825]
 [0.04609487 0.2644954  0.2834854  0.02285139 0.02592142 0.2273409
  0.23972684 0.19155769]
 [0.03902819 0.22756152 0.24620639 0.02014652 0.0209039  0.21058884
  0.22193967 0.18680377]
 [0.04335035 0.1989801  0.14283416 0.02238926 0.02474461 0.13512264
  0.1484501  0.23604248]
 [0.04067356 0.1726001  0.14432485 0.01992442 0.021872   0.10356678
  0.11280242 0.21238473]
 [0.04405852 0.16892383 0.20336501 0.02124789 0.0209493  0.16381094
  0.17745596 0.1777859 ]
 [0.04701339 0.18344389 0.1832634  0.02337575 0.02515852 0.16281523
  0.1774895  0.2165201 ]
 [0.04713283 0.17330377 0.21179102 0.02263995 0.0252845  0.16439751
  0.17654407 0.18721539]
 [0.04094528 0.22571823 0.22567096 0.02110312 0.02273767 0.21081367
  0.22298299 0.22427206]
 [0.03905931 0.19088507 0.16721252 0.02221587 0.02443578 0.15429783
  0.16811137 0.14623569]
 [0.04617072 0.2137744  0.24723561 0.02379688 0.02568142 0.21408413
  0.2287646  0.23662779]
 [0.05124133 0.2114211  0.27954343 0.02397472 0.02349463 0.21673056
  0.23139125 0.2133325 ]
 [0.03310255 0.25278306 0.27333716 0.01775301 0.02001192 0.24807455
  0.2637734  0.24079375]
 [0.0316964  0.13249119 0.08972622 0.01701806 0.02113865 0.09318136
  0.10137177 0.21760693]
 [0.03941773 0.12331401 0.15844524 0.018711   0.01850348 0.12272963
  0.13597594 0.14702518]
 [0.03742315 0.23153025 0.2982657  0.01839649 0.02000611 0.24441202
  0.25826818 0.22627273]]"
22,experiments/prepump_joint_train_v6_fix/epoch_ckpts/epoch_022.pt,0.0008108275360427797,0.0007747809286229312,0.0009619295597076416,0.668192982673645,0.4374425411224365,0.6630536913871765,"[[2.850791   4.2225947  1.4608011  1.4640911  1.4633838  2.4234722
  2.4252496  0.7254023 ]
 [2.85278    4.2229977  1.4549903  1.4641619  1.4622872  2.4259703
  2.422635   0.72300506]
 [2.851449   4.2224464  1.459682   1.4618618  1.4614358  2.4239523
  2.4227567  0.72324723]
 [2.8521192  4.221353   1.4573677  1.4622738  1.4615287  2.4251826
  2.4214866  0.72239   ]
 [2.8524516  4.219461   1.455241   1.4611878  1.4594214  2.4263885
  2.420001   0.71975154]
 [2.851122   4.224279   1.4546912  1.4633307  1.462162   2.4233851
  2.4228508  0.7275001 ]
 [2.8533008  4.2225494  1.4505379  1.4624333  1.4619699  2.4238553
  2.4229898  0.73030853]
 [2.8578417  4.223238   1.4472685  1.4622592  1.4615104  2.429991
  2.426765   0.7404433 ]
 [2.8536007  4.2234817  1.4509132  1.4629352  1.465436   2.4234366
  2.4235747  0.75787634]
 [2.8686109  4.2077074  1.4265567  1.4660485  1.4659657  2.420645
  2.4161143  0.7287753 ]
 [2.8582602  4.210869   1.4206613  1.4588743  1.4569097  2.4260213
  2.4181967  0.76533896]
 [2.8511164  4.2263083  1.4288498  1.4606202  1.4609891  2.4412196
  2.4425318  0.8548672 ]
 [2.8817022  4.15804    1.3916054  1.4627713  1.4633754  2.4187434
  2.4169505  0.8862022 ]
 [2.8705194  4.2128296  1.4052907  1.4656448  1.4675156  2.4216568
  2.4236023  0.8093591 ]
 [2.8663073  4.243061   1.5150082  1.4583671  1.4595577  2.5000737
  2.5039546  0.9196788 ]
 [2.8934813  4.210146   1.893228   1.4594842  1.4649864  2.6957245
  2.7243207  1.2625223 ]
 [2.8564696  4.2392     1.8395485  1.4386704  1.4478296  2.6904883
  2.7281098  1.3786691 ]
 [2.8900297  4.3184514  1.6012379  1.467309   1.4686623  2.572878
  2.602955   0.89315516]
 [2.8847637  4.2424717  1.6965982  1.4650241  1.4688263  2.5793076
  2.6075363  0.9349773 ]
 [2.8716624  4.3032103  1.586148   1.4579107  1.4588838  2.539791
  2.5751553  0.76688313]
 [2.9275558  4.207447   1.3703744  1.470358   1.4710283  2.442867
  2.460244   0.83454055]
 [2.8946717  4.241622   1.5006305  1.4589828  1.4605521  2.4991243
  2.5170546  0.8672061 ]
 [2.928687   4.384594   1.5894645  1.4736955  1.4723941  2.6290178
  2.654399   0.94163114]
 [3.0016706  4.2494826  1.4993987  1.5215908  1.5231994  2.5651574
  2.5878837  0.9974393 ]
 [2.9574537  4.350893   1.5380495  1.495523   1.4945337  2.603251
  2.617251   0.94533193]
 [2.9268668  4.222906   1.6438793  1.479992   1.4932698  2.633269
  2.67879    1.3828052 ]
 [2.9613678  4.1968117  1.4159857  1.4954767  1.5005401  2.4948096
  2.5150297  1.0413835 ]
 [2.9835844  4.06023    1.2283288  1.4981276  1.4973552  2.344936
  2.3218784  0.84081507]
 [2.9771757  4.291244   1.4487692  1.4950843  1.4957908  2.5467494
  2.573623   0.93911844]
 [3.0171292  4.142271   1.4467746  1.523395   1.5294243  2.5018878
  2.540208   1.0169609 ]
 [2.9794192  4.2159233  1.4758086  1.5035242  1.5099082  2.5389009
  2.577384   1.0606841 ]
 [2.9755247  4.1952367  1.3760233  1.4899194  1.4944187  2.4824069
  2.5107183  1.0264695 ]
 [2.9983683  3.9614136  1.3229622  1.5175884  1.528038   2.3765566
  2.4017313  1.0925488 ]
 [2.9548113  4.0025764  1.4132376  1.4969345  1.5100844  2.4201386
  2.4556506  1.1220746 ]
 [2.9880724  4.15996    1.2942085  1.499843   1.4979773  2.4269288
  2.4262247  0.9017057 ]
 [3.0100472  4.0332904  1.2250351  1.5133109  1.5136895  2.35009
  2.342624   0.9138766 ]
 [2.9373612  4.264457   1.4959183  1.4832819  1.4854165  2.5305574
  2.5653107  0.8838508 ]
 [3.0088062  4.168327   1.3903548  1.5188859  1.5218693  2.4965444
  2.5176733  1.0614778 ]
 [3.0005114  4.0728664  1.2819623  1.5115641  1.5157342  2.396499
  2.402307   0.9951757 ]
 [3.0012712  4.202562   1.3697544  1.5065203  1.5056777  2.488645
  2.5001867  0.9618759 ]
 [2.9827263  4.2182446  1.3312793  1.4944206  1.4928066  2.466734
  2.474132   0.9096217 ]
 [2.98699    4.261133   1.4538825  1.5025644  1.5021733  2.5490098
  2.565683   0.98487353]
 [2.9790301  4.036125   1.2460047  1.4987328  1.5017562  2.3439155
  2.3568068  0.89942145]
 [2.9305735  4.184453   1.3381815  1.4721452  1.4712416  2.428855
  2.4169812  0.8359108 ]
 [2.9213057  4.398856   1.5841578  1.4702182  1.4678259  2.6274958
  2.6516607  0.873431  ]]","[[0.00400675 0.00570909 0.00937976 0.00270882 0.0029189  0.00436342
  0.00563643 0.02132548]
 [0.00404911 0.0079136  0.01096017 0.00301195 0.00325088 0.00666893
  0.00826268 0.02222751]
 [0.0035844  0.00531542 0.01002393 0.00282338 0.00252371 0.00502235
  0.00655196 0.01888011]
 [0.00337871 0.00634364 0.00820449 0.00256956 0.00295848 0.0048821
  0.00529139 0.01912265]
 [0.00350144 0.00626476 0.00847851 0.00296684 0.0026537  0.00506432
  0.00572071 0.02000523]
 [0.00416978 0.00625803 0.00892445 0.00249534 0.00270234 0.00481876
  0.00573792 0.02237894]
 [0.00367956 0.0070478  0.01016888 0.00278604 0.00323409 0.00588597
  0.00698993 0.02089454]
 [0.00651425 0.01151201 0.01491614 0.00359784 0.00392337 0.00938795
  0.01127174 0.04323922]
 [0.00638395 0.00930583 0.0162762  0.00358997 0.00422643 0.00824161
  0.0088635  0.05084018]
 [0.01328958 0.02689175 0.02565467 0.00757347 0.00824063 0.01734855
  0.01803003 0.0585505 ]
 [0.00825613 0.01721071 0.02204939 0.0040036  0.00386013 0.01427726
  0.01757633 0.03573209]
 [0.01117435 0.03531496 0.03654803 0.00412122 0.00453755 0.02931325
  0.03312077 0.07807412]
 [0.0201637  0.06808111 0.04022881 0.0091225  0.01027901 0.02953944
  0.03175173 0.11171472]
 [0.01165857 0.02031378 0.0349906  0.00608974 0.0061014  0.01827176
  0.01932023 0.08057587]
 [0.01836541 0.10103258 0.1616897  0.00857641 0.00853769 0.10183039
  0.11134637 0.2246149 ]
 [0.025854   0.20096165 0.37874368 0.01295163 0.01158531 0.21182784
  0.23101377 0.5230276 ]
 [0.04153286 0.15948734 0.42023245 0.02552921 0.02159671 0.2479091
  0.26474574 0.61783594]
 [0.03285858 0.15997615 0.26677036 0.01717885 0.01425965 0.19771022
  0.20687158 0.3519815 ]
 [0.01841237 0.1355001  0.28723785 0.01425351 0.01274921 0.17032589
  0.18789229 0.397224  ]
 [0.03705346 0.13783418 0.20962062 0.01711168 0.01474967 0.1545635
  0.16624801 0.19584775]
 [0.04037683 0.11870502 0.15789728 0.01870517 0.01708953 0.12015826
  0.13204342 0.16624044]
 [0.03161926 0.09127219 0.25990817 0.01859971 0.015136   0.16567898
  0.18252853 0.35144025]
 [0.05318378 0.28578055 0.39026457 0.02399341 0.02245213 0.3169694
  0.33312818 0.37720916]
 [0.03982898 0.27107412 0.27547503 0.02050859 0.02315046 0.24853705
  0.2691934  0.20697604]
 [0.03633736 0.2376316  0.28615987 0.01729594 0.01827524 0.24981627
  0.26750386 0.24423164]
 [0.03283333 0.20821567 0.23476265 0.01937488 0.02100759 0.18783286
  0.19597429 0.29009467]
 [0.03416114 0.18199515 0.20884584 0.01804416 0.02008883 0.1827089
  0.19454512 0.20746793]
 [0.03341505 0.10719227 0.09084202 0.01866184 0.02032775 0.09121467
  0.10011425 0.17071207]
 [0.04054303 0.22871935 0.30103463 0.02153801 0.02237616 0.24954098
  0.26465267 0.24114084]
 [0.03938878 0.2766929  0.29409418 0.0216541  0.02534476 0.26659226
  0.28125927 0.297539  ]
 [0.04636114 0.27012962 0.29156163 0.02318466 0.0261542  0.23341493
  0.24619646 0.20067345]
 [0.03975888 0.23270188 0.2507576  0.02063842 0.0212615  0.21555209
  0.22700708 0.1929888 ]
 [0.04465976 0.20128696 0.14865306 0.02317648 0.0253862  0.13873342
  0.15372542 0.24250397]
 [0.04174104 0.17480083 0.1527278  0.02055203 0.02232934 0.10805095
  0.11790401 0.21964057]
 [0.04361359 0.17082448 0.20346212 0.02126009 0.0208387  0.16503654
  0.17936184 0.17878716]
 [0.04699946 0.18592598 0.18519886 0.02369021 0.02531436 0.16521394
  0.18102533 0.21913858]
 [0.04763452 0.1785967  0.21853071 0.02298755 0.02550467 0.16986853
  0.18211223 0.19722353]
 [0.04239456 0.23069811 0.23133379 0.02210139 0.02345965 0.21648438
  0.22891903 0.23216172]
 [0.04036377 0.1947404  0.17148378 0.0231027  0.02520771 0.1583002
  0.17222157 0.1511671 ]
 [0.04630011 0.2169631  0.24868563 0.02421181 0.02579598 0.21706587
  0.23250723 0.24177963]
 [0.04979759 0.21468455 0.28038257 0.02343984 0.02281958 0.21931022
  0.2347542  0.21700989]
 [0.03420173 0.26007912 0.28057072 0.01861946 0.02055426 0.25551233
  0.27181265 0.25188753]
 [0.03209446 0.13377507 0.09067342 0.01744734 0.02141285 0.09427937
  0.10324478 0.22282617]
 [0.03929336 0.12674595 0.160984   0.01881154 0.01837884 0.12538764
  0.13958053 0.15292302]
 [0.03793471 0.23844415 0.30673265 0.01878497 0.02024645 0.25218505
  0.26648182 0.24019091]]"
