epoch,time_idx,O_N_mean,O_N_std,O_C5_mean,O_C5_std,N_C5_mean,N_C5_std,N_C2_mean,N_C2_std,N_C4_mean,N_C4_std,C5_C2_mean,C5_C2_std,C5_C4_mean,C5_C4_std,h_C5_signed_mean,h_C5_signed_std
1,0,2.845416307449341,0.015838654711842537,4.1866888999938965,0.10240724682807922,1.3643112182617188,0.07188552618026733,1.4688433408737183,0.010025705210864544,1.4784214496612549,0.011148023419082165,2.39152455329895,0.05842854082584381,2.3739633560180664,0.0628916546702385,0.7748178243637085,0.16672714054584503
1,1,2.8396759033203125,0.015929631888866425,4.230050563812256,0.10887157917022705,1.4022680521011353,0.09735773503780365,1.4655629396438599,0.010446448810398579,1.4746211767196655,0.012016039341688156,2.415881395339966,0.08534787595272064,2.39837384223938,0.0912528857588768,0.7555204033851624,0.17052416503429413
1,2,2.842491865158081,0.012766658328473568,4.250288963317871,0.0729440376162529,1.4272841215133667,0.05733104050159454,1.4668834209442139,0.008231567218899727,1.4755557775497437,0.009222532622516155,2.4410088062286377,0.04910913109779358,2.4278440475463867,0.05166278034448624,0.7963393330574036,0.1633347123861313
1,3,2.8462600708007812,0.014299352653324604,4.235045909881592,0.07802458107471466,1.4084945917129517,0.05325149744749069,1.4693324565887451,0.00915189366787672,1.4783741235733032,0.010237883776426315,2.43353009223938,0.04143202677369118,2.4222707748413086,0.04352078586816788,0.8197874426841736,0.16236558556556702
1,4,2.830484390258789,0.01428310852497816,4.284345626831055,0.08390280604362488,1.4423325061798096,0.059288881719112396,1.4591038227081299,0.008827146142721176,1.4665870666503906,0.00996861420571804,2.438593864440918,0.04492639750242233,2.4215385913848877,0.04584767296910286,0.7010353803634644,0.16972783207893372
1,5,2.846224784851074,0.01647062599658966,4.144932746887207,0.10574585199356079,1.3491308689117432,0.07000505179166794,1.4686791896820068,0.01063611265271902,1.4777390956878662,0.011856082826852798,2.374483108520508,0.05765221267938614,2.3547098636627197,0.06459590047597885,0.8166882395744324,0.15437322854995728
1,6,2.849375009536743,0.012484650127589703,4.228970050811768,0.08721163123846054,1.4155386686325073,0.08483864367008209,1.470732569694519,0.008128774352371693,1.4799307584762573,0.009131226688623428,2.4432222843170166,0.07282934337854385,2.4338550567626953,0.0761546790599823,0.880190372467041,0.1741114854812622
1,7,2.843484878540039,0.015819735825061798,4.234415531158447,0.09117001295089722,1.4048457145690918,0.07815364003181458,1.4679368734359741,0.010169119574129581,1.4769154787063599,0.011405224911868572,2.426774024963379,0.06633345037698746,2.4126083850860596,0.07022852450609207,0.7939384579658508,0.2015790343284607
1,8,2.843935012817383,0.017898958176374435,4.194116592407227,0.07987740635871887,1.4054899215698242,0.05972040817141533,1.4678148031234741,0.011636299081146717,1.4761040210723877,0.013161178678274155,2.416501522064209,0.049030814319849014,2.3991799354553223,0.053013432770967484,0.8403618335723877,0.20065858960151672
1,9,2.8586935997009277,0.020830512046813965,4.124948978424072,0.1600881814956665,1.3550024032592773,0.11337597668170929,1.4783092737197876,0.013783693313598633,1.4888293743133545,0.01566382311284542,2.3964297771453857,0.09411654621362686,2.3762099742889404,0.10444287955760956,0.930514395236969,0.20373356342315674
1,10,2.8512868881225586,0.021748922765254974,4.162145614624023,0.17265112698078156,1.405556321144104,0.10940932482481003,1.472668170928955,0.013862412422895432,1.4819080829620361,0.015607110224664211,2.4265482425689697,0.09076405316591263,2.4101057052612305,0.09761852771043777,0.9608292579650879,0.22667017579078674
1,11,2.8657028675079346,0.026596540585160255,4.004106044769287,0.2171913981437683,1.2870588302612305,0.1402827948331833,1.4820985794067383,0.016868824139237404,1.4920974969863892,0.018625525757670403,2.3420827388763428,0.10355004668235779,2.3200032711029053,0.11166683584451675,1.0316137075424194,0.2481055110692978
1,12,2.903109550476074,0.01919400691986084,3.6773877143859863,0.1711130291223526,1.175438642501831,0.1388520896434784,1.5055488348007202,0.011945098638534546,1.516045331954956,0.013653087429702282,2.2571170330047607,0.11243763566017151,2.226168632507324,0.12373565882444382,1.418178677558899,0.19554737210273743
1,13,2.8717923164367676,0.029745610430836678,4.063237190246582,0.16863404214382172,1.4092309474945068,0.13094182312488556,1.485793113708496,0.01864185556769371,1.4956190586090088,0.021359918639063835,2.4413251876831055,0.10490231215953827,2.429636001586914,0.11227444559335709,1.2236638069152832,0.33672669529914856
1,14,2.911991834640503,0.03660345450043678,4.120367050170898,0.18827581405639648,1.7716865539550781,0.228917196393013,1.5090869665145874,0.02069452591240406,1.5223361253738403,0.023591142147779465,2.739888906478882,0.18872468173503876,2.747939109802246,0.20289279520511627,1.9251216650009155,0.5412130355834961
1,15,2.971118450164795,0.03494913876056671,4.056384563446045,0.17052768170833588,2.0687408447265625,0.24932144582271576,1.5426090955734253,0.01897435262799263,1.5616998672485352,0.022057045251131058,2.9840731620788574,0.20391970872879028,3.0146656036376953,0.22165000438690186,2.6054389476776123,0.4708993434906006
1,16,2.9623911380767822,0.03529246896505356,4.048436164855957,0.14035871624946594,1.9175972938537598,0.2614063620567322,1.53999662399292,0.01879693567752838,1.5592718124389648,0.021499693393707275,2.8818933963775635,0.20095452666282654,2.9103140830993652,0.21781879663467407,2.370612144470215,0.5405148267745972
1,17,2.9329042434692383,0.04575689136981964,4.198270797729492,0.17317505180835724,1.6759110689163208,0.30571502447128296,1.5273545980453491,0.02577788010239601,1.549039363861084,0.030407119542360306,2.7260847091674805,0.2644282281398773,2.7466018199920654,0.2886413037776947,1.7004303932189941,0.6542222499847412
1,18,2.962078332901001,0.040356528013944626,4.269209861755371,0.20571286976337433,2.0214295387268066,0.28166547417640686,1.5416210889816284,0.02102101594209671,1.5649434328079224,0.024165606126189232,3.004763603210449,0.24078015983104706,3.041896343231201,0.26058393716812134,2.297802209854126,0.5873699188232422
1,19,2.9130845069885254,0.044278938323259354,4.338541507720947,0.18423552811145782,1.7225394248962402,0.3286372125148773,1.5173410177230835,0.025271790102124214,1.53779935836792,0.029553575441241264,2.761155605316162,0.28493812680244446,2.7798011302948,0.30829232931137085,1.5331004858016968,0.6396864056587219
1,20,2.883748769760132,0.032338548451662064,4.17603874206543,0.19149021804332733,1.3835498094558716,0.21510791778564453,1.4982178211212158,0.020206494256854057,1.5135997533798218,0.023242654278874397,2.465975046157837,0.17931324243545532,2.460829257965088,0.19480788707733154,1.0287643671035767,0.39348936080932617
1,21,2.9231810569763184,0.04621633142232895,4.181299686431885,0.1609049141407013,1.6001287698745728,0.276129812002182,1.521626591682434,0.026730790734291077,1.5420130491256714,0.031515561044216156,2.6612305641174316,0.23467646539211273,2.6747591495513916,0.25723522901535034,1.5507023334503174,0.6289977431297302
1,22,2.9225356578826904,0.04675256460905075,4.259119033813477,0.28962528705596924,1.6432998180389404,0.47416770458221436,1.521925926208496,0.026828644797205925,1.543199896812439,0.03201629966497421,2.7108778953552246,0.4126899540424347,2.7253572940826416,0.4472206234931946,1.525510311126709,0.7539416551589966
1,23,2.9022750854492188,0.02094869874417782,3.6466639041900635,0.13017208874225616,0.9605672955513,0.10950136929750443,1.507859468460083,0.014509803615510464,1.51997971534729,0.017260493710637093,2.125075101852417,0.10473904758691788,2.0764975547790527,0.12036579847335815,1.0374571084976196,0.1930006742477417
1,24,2.925889015197754,0.03088758885860443,3.7933030128479004,0.24413003027439117,1.1885459423065186,0.3135122060775757,1.5223174095153809,0.018645990639925003,1.5388541221618652,0.023446151986718178,2.330824375152588,0.26486843824386597,2.312610387802124,0.2931031286716461,1.3717025518417358,0.42493265867233276
1,25,2.915869951248169,0.02164706028997898,3.464040517807007,0.141095370054245,0.9230656623840332,0.12402903288602829,1.5156655311584473,0.0139789879322052,1.5255199670791626,0.01796051114797592,2.080120801925659,0.11441617459058762,2.026562452316284,0.1305195391178131,1.237878680229187,0.21216914057731628
1,26,2.919602870941162,0.016102803871035576,3.621365547180176,0.11590934544801712,0.9374076724052429,0.11506908386945724,1.5193812847137451,0.010478909127414227,1.5328688621520996,0.012800736352801323,2.1324312686920166,0.09708327800035477,2.086378335952759,0.11156120151281357,1.1011338233947754,0.19625122845172882
1,27,2.8851077556610107,0.020521914586424828,3.7299790382385254,0.15009266138076782,0.922808825969696,0.10656727105379105,1.4959020614624023,0.01411438174545765,1.5084245204925537,0.016197895631194115,2.0935914516448975,0.10097610950469971,2.0452609062194824,0.1182146891951561,0.7658029794692993,0.20186801254749298
1,28,2.916192054748535,0.020864691585302353,3.7988414764404297,0.15231476724147797,1.0530920028686523,0.1597602367401123,1.51789128780365,0.013583683408796787,1.5341131687164307,0.016249850392341614,2.233156681060791,0.13372674584388733,2.20538330078125,0.1515740603208542,1.0793030261993408,0.23763678967952728
1,29,2.895082950592041,0.025640146806836128,3.5463972091674805,0.11521325260400772,0.8459755778312683,0.07104683667421341,1.5024359226226807,0.017988424748182297,1.5125161409378052,0.02065816894173622,2.0302793979644775,0.08498934656381607,1.97104811668396,0.0986390933394432,0.9329013824462891,0.17633311450481415
1,30,2.9091951847076416,0.01966606080532074,3.580667018890381,0.12688606977462769,0.9067704081535339,0.08893108367919922,1.5124703645706177,0.013560703955590725,1.5242488384246826,0.015617471188306808,2.0899057388305664,0.07830654084682465,2.037818670272827,0.08988197892904282,1.04996919631958,0.1504090130329132
1,31,2.9174840450286865,0.01950293593108654,3.65999698638916,0.13880036771297455,0.9732636213302612,0.16465003788471222,1.5181431770324707,0.012726077809929848,1.5319569110870361,0.015796616673469543,2.159132480621338,0.13990849256515503,2.1166434288024902,0.15814049541950226,1.1046985387802124,0.23316101729869843
1,32,2.8964693546295166,0.024383509531617165,3.4987337589263916,0.12740689516067505,0.802554190158844,0.07070518285036087,1.5033847093582153,0.017054464668035507,1.5126172304153442,0.019485101103782654,1.9979861974716187,0.08312306553125381,1.9331605434417725,0.09596175700426102,0.9154021739959717,0.17803949117660522
1,33,2.9061200618743896,0.016730936244130135,3.4585764408111572,0.12669435143470764,0.8401816487312317,0.06092589721083641,1.5098919868469238,0.011465911753475666,1.5182303190231323,0.013288257643580437,2.021733045578003,0.06406207382678986,1.9595592021942139,0.0739760771393776,1.0749319791793823,0.14274653792381287
1,34,2.8931522369384766,0.021410508081316948,3.8507022857666016,0.1839475929737091,1.0108450651168823,0.14705222845077515,1.5032823085784912,0.014336638152599335,1.5180379152297974,0.016335314139723778,2.183495283126831,0.12469649314880371,2.1498050689697266,0.14219853281974792,0.8145703077316284,0.21731646358966827
1,35,2.8792924880981445,0.023836009204387665,3.664788007736206,0.14760859310626984,0.8850056529045105,0.08533009886741638,1.4922285079956055,0.01696970872581005,1.50331711769104,0.019234932959079742,2.050562858581543,0.09265239536762238,1.9945214986801147,0.10807321965694427,0.7455147504806519,0.1758776754140854
1,36,2.9138453006744385,0.020338119938969612,3.6003217697143555,0.15763957798480988,0.9364364743232727,0.1298183798789978,1.5157134532928467,0.013732271268963814,1.528536081314087,0.016088111326098442,2.116859197616577,0.11093920469284058,2.0678021907806396,0.1261214315891266,1.090772271156311,0.17718954384326935
1,37,2.9046130180358887,0.024024853482842445,3.596952438354492,0.11808419972658157,0.8771098256111145,0.08851749449968338,1.5092600584030151,0.01650128699839115,1.521003246307373,0.019108986482024193,2.0715081691741943,0.09078129380941391,2.017747402191162,0.105699323117733,0.9587109088897705,0.20652958750724792
1,38,2.9250833988189697,0.018523987382650375,3.6335713863372803,0.11811283975839615,0.8939423561096191,0.0838746577501297,1.5239259004592896,0.012738948687911034,1.5385947227478027,0.014743460342288017,2.1202661991119385,0.07825565338134766,2.075490951538086,0.09287594258785248,1.0502803325653076,0.16129519045352936
1,39,2.891068458557129,0.022492067888379097,3.6780169010162354,0.18434946238994598,0.9176709055900574,0.1470617949962616,1.499536395072937,0.01559656672179699,1.5114762783050537,0.018722932785749435,2.0912933349609375,0.13764351606369019,2.042775869369507,0.1572534441947937,0.8676301836967468,0.21859809756278992
1,40,2.8999948501586914,0.025243807584047318,3.8617196083068848,0.20328600704669952,1.050736665725708,0.21079476177692413,1.507498025894165,0.01702977530658245,1.5232669115066528,0.02014162205159664,2.2207419872283936,0.17824943363666534,2.190559148788452,0.20005455613136292,0.9041473269462585,0.29338645935058594
1,41,2.9094736576080322,0.024889053776860237,3.728301763534546,0.19589483737945557,1.017585277557373,0.2248254269361496,1.5123916864395142,0.016441477462649345,1.5265856981277466,0.02007458731532097,2.189851760864258,0.19493943452835083,2.1545302867889404,0.21808455884456635,1.079150676727295,0.31451913714408875
1,42,2.885776996612549,0.027630427852272987,3.6039459705352783,0.13369281589984894,0.87816321849823,0.08550070971250534,1.4957895278930664,0.019234929233789444,1.5057255029678345,0.021625272929668427,2.0443131923675537,0.09106772392988205,1.9867262840270996,0.105087049305439,0.8585225939750671,0.20060743391513824
1,43,2.8786656856536865,0.026365267112851143,4.140685081481934,0.19977913796901703,1.2614957094192505,0.21983031928539276,1.4943727254867554,0.017132511362433434,1.5098572969436646,0.019785169512033463,2.372189521789551,0.17616058886051178,2.361546277999878,0.19080428779125214,0.8236822485923767,0.29110443592071533
1,44,2.921372652053833,0.03692341968417168,3.985416889190674,0.34737876057624817,1.3561201095581055,0.438887357711792,1.5202727317810059,0.022415615618228912,1.5384008884429932,0.02754577063024044,2.4708409309387207,0.37544089555740356,2.464463710784912,0.4094986915588379,1.3947720527648926,0.5441277623176575
2,0,2.8478243350982666,0.02356092631816864,4.119645118713379,0.0782894492149353,1.4208474159240723,0.04314688965678215,1.4693487882614136,0.013003957457840443,1.4542739391326904,0.014249123632907867,2.3555855751037598,0.03791007399559021,2.3630635738372803,0.04154206067323685,0.739376425743103,0.1118963360786438
2,1,2.8471646308898926,0.024394499137997627,4.14580774307251,0.0782817080616951,1.4153958559036255,0.05344918742775917,1.4669326543807983,0.013434913009405136,1.451047658920288,0.014233423396945,2.351907968521118,0.05089051276445389,2.361091375350952,0.0538424551486969,0.6803269982337952,0.09977428615093231
2,2,2.847963571548462,0.02023540809750557,4.149713516235352,0.060277145355939865,1.4512606859207153,0.04120335727930069,1.4673670530319214,0.011319511570036411,1.4532073736190796,0.012010854668915272,2.3880112171173096,0.03030666895210743,2.395542621612549,0.029407856985926628,0.7982316613197327,0.15205387771129608
2,3,2.854043483734131,0.021578168496489525,4.160630702972412,0.05564185231924057,1.4367774724960327,0.04128752648830414,1.4696041345596313,0.011922167614102364,1.455247402191162,0.012810341082513332,2.3868155479431152,0.030218476429581642,2.396225690841675,0.029775310307741165,0.7869066596031189,0.1409115195274353
2,4,2.852248430252075,0.021036284044384956,4.141369342803955,0.06827709078788757,1.4260083436965942,0.0430232509970665,1.4678313732147217,0.011383646167814732,1.4520537853240967,0.012745984829962254,2.3578438758850098,0.024438243359327316,2.3659274578094482,0.024558788165450096,0.7031751275062561,0.15282021462917328
2,5,2.8518505096435547,0.018243830651044846,4.1152729988098145,0.10727368295192719,1.4116822481155396,0.05397108197212219,1.4696776866912842,0.01021166518330574,1.455159306526184,0.011280819773674011,2.35105037689209,0.0586915984749794,2.3567354679107666,0.06469044834375381,0.7420504093170166,0.11139191687107086
2,6,2.864436388015747,0.019938163459300995,4.164635181427002,0.0564715750515461,1.4061427116394043,0.04698996990919113,1.4745904207229614,0.011213305406272411,1.4590444564819336,0.012173265218734741,2.36688232421875,0.038429368287324905,2.3778886795043945,0.0387282557785511,0.7091859579086304,0.10635113716125488
2,7,2.8565945625305176,0.023100800812244415,4.142560958862305,0.0824299156665802,1.4298183917999268,0.07074996083974838,1.4710893630981445,0.01266868133097887,1.456803560256958,0.014174490235745907,2.3777506351470947,0.04381229728460312,2.3854732513427734,0.041743986308574677,0.799721896648407,0.17797540128231049
2,8,2.8502328395843506,0.01875052973628044,4.12846565246582,0.06870905309915543,1.4416753053665161,0.053786661475896835,1.4685347080230713,0.010497107170522213,1.4542547464370728,0.011519339866936207,2.371342182159424,0.028900709003210068,2.3763527870178223,0.029902931302785873,0.7893667817115784,0.13930097222328186
2,9,2.8769350051879883,0.03525330871343613,4.066015243530273,0.1591005176305771,1.3530302047729492,0.09167449176311493,1.4840888977050781,0.020527468994259834,1.4704489707946777,0.02246999368071556,2.3202996253967285,0.08468039333820343,2.320319652557373,0.09501316398382187,0.7864060401916504,0.14646542072296143
2,10,2.857532024383545,0.03253217414021492,4.134820461273193,0.12633350491523743,1.3596655130386353,0.08284584432840347,1.4698281288146973,0.018587997183203697,1.4554131031036377,0.019962187856435776,2.339153528213501,0.07442730665206909,2.3504912853240967,0.08240552991628647,0.7476407885551453,0.11794547736644745
2,11,2.8560705184936523,0.02886461839079857,4.055448532104492,0.20345689356327057,1.333177924156189,0.1114150807261467,1.4725626707077026,0.016618384048342705,1.4581800699234009,0.019069548696279526,2.2957231998443604,0.09985522925853729,2.3014936447143555,0.11456453800201416,0.7461156249046326,0.15477120876312256
2,12,2.910773992538452,0.03290760517120361,3.7589025497436523,0.20542855560779572,1.225022554397583,0.0955658033490181,1.5034393072128296,0.01860610581934452,1.497582197189331,0.022138234227895737,2.2044641971588135,0.09191767126321793,2.181340456008911,0.1028473824262619,1.0802433490753174,0.21130020916461945
2,13,2.863189697265625,0.03344898670911789,4.076620578765869,0.13078102469444275,1.3851869106292725,0.11132864654064178,1.4744738340377808,0.01892106421291828,1.4629418849945068,0.021267324686050415,2.3518056869506836,0.08238854259252548,2.355001926422119,0.084071084856987,0.8952850103378296,0.22761808335781097
2,14,2.891658067703247,0.04543256387114525,4.060528755187988,0.27132630348205566,1.6665300130844116,0.21031664311885834,1.4877445697784424,0.02345135435461998,1.4849063158035278,0.030260395258665085,2.532608985900879,0.15693862736225128,2.5212717056274414,0.15664774179458618,1.2924777269363403,0.4455046057701111
2,15,2.9939825534820557,0.051838766783475876,3.7351717948913574,0.26584839820861816,2.032045364379883,0.2718909680843353,1.5291863679885864,0.018817676231265068,1.5451639890670776,0.027438612654805183,2.7256288528442383,0.19671271741390228,2.703629970550537,0.2103167623281479,2.0722153186798096,0.4242049753665924
2,16,2.985431432723999,0.051661137491464615,3.9292659759521484,0.2231956273317337,1.9250335693359375,0.2977071702480316,1.5317177772521973,0.019699133932590485,1.5439180135726929,0.0294415932148695,2.733565092086792,0.20030276477336884,2.718487024307251,0.20645122230052948,1.935745120048523,0.5430567860603333
2,17,2.962237596511841,0.05668039992451668,4.086516857147217,0.22305433452129364,1.6669363975524902,0.32910043001174927,1.5336729288101196,0.028140101581811905,1.5338325500488281,0.03608178719878197,2.580764055252075,0.25318753719329834,2.5691077709198,0.2539483904838562,1.3315062522888184,0.6197237968444824
2,18,2.972661018371582,0.05097247287631035,4.017892837524414,0.24894209206104279,1.9600379467010498,0.3088339567184448,1.5302135944366455,0.01937955804169178,1.5386521816253662,0.02956113964319229,2.7383618354797363,0.23039831221103668,2.7182810306549072,0.2345433384180069,1.7272595167160034,0.5652519464492798
2,19,2.9128384590148926,0.05837785080075264,4.136114120483398,0.24855643510818481,1.7566282749176025,0.30589932203292847,1.5115333795547485,0.029667112976312637,1.511167049407959,0.03487836569547653,2.6198511123657227,0.23184847831726074,2.6095430850982666,0.2317347377538681,1.3026007413864136,0.5212705731391907
2,20,2.9065613746643066,0.06703496724367142,4.120355129241943,0.1482042372226715,1.373469591140747,0.19655795395374298,1.5065151453018188,0.03656875342130661,1.4953685998916626,0.03880549222230911,2.3753225803375244,0.14228390157222748,2.3768765926361084,0.14389391243457794,0.8212394118309021,0.306458055973053
2,21,2.9454214572906494,0.05913044512271881,4.099340438842773,0.14793917536735535,1.5735224485397339,0.2976158559322357,1.5238853693008423,0.031145554035902023,1.5203605890274048,0.03794766962528229,2.5182976722717285,0.21538856625556946,2.5090889930725098,0.21342675387859344,1.1807831525802612,0.5843237638473511
2,22,2.968566656112671,0.07757625728845596,4.312668800354004,0.3282904326915741,1.7609429359436035,0.4890327751636505,1.5377964973449707,0.040970370173454285,1.5395078659057617,0.047685276716947556,2.722759962081909,0.4076983630657196,2.7182276248931885,0.4158969819545746,1.3484185934066772,0.6704005599021912
2,23,3.0334789752960205,0.04427384212613106,3.63777494430542,0.22615031898021698,1.066198706626892,0.18917754292488098,1.572608232498169,0.025999518111348152,1.5746514797210693,0.027555709704756737,2.152003526687622,0.17377032339572906,2.10390043258667,0.18654103577136993,1.1368898153305054,0.28099775314331055
2,24,3.0150561332702637,0.053403954952955246,3.907036542892456,0.28680968284606934,1.3285377025604248,0.32145926356315613,1.5626064538955688,0.028077073395252228,1.563296914100647,0.035550326108932495,2.366189956665039,0.2673165798187256,2.3389453887939453,0.2789389193058014,1.1900886297225952,0.43907901644706726
2,25,2.9692928791046143,0.04030990973114967,3.369486093521118,0.23073366284370422,1.1136258840560913,0.1526084691286087,1.5356407165527344,0.022520320490002632,1.5434544086456299,0.02308221161365509,2.110008955001831,0.12926085293293,2.067054510116577,0.13710597157478333,1.4657214879989624,0.24614310264587402
2,26,3.0045440196990967,0.04148052632808685,3.6427876949310303,0.18377140164375305,1.0915446281433105,0.14136114716529846,1.5561200380325317,0.02328610233962536,1.5564002990722656,0.026391852647066116,2.15519642829895,0.114528588950634,2.1130855083465576,0.12293184548616409,1.1433809995651245,0.25860291719436646
2,27,3.0110342502593994,0.0448627807199955,3.740771532058716,0.17189446091651917,0.9852187633514404,0.11092911660671234,1.5553627014160156,0.0259238313883543,1.5466386079788208,0.029281528666615486,2.077162742614746,0.1113176941871643,2.0371930599212646,0.12386906892061234,0.6418276429176331,0.3069152534008026
2,28,3.067171573638916,0.055492598563432693,3.8653366565704346,0.19103878736495972,1.1202267408370972,0.20554475486278534,1.5929069519042969,0.0316203273832798,1.5921014547348022,0.03821425139904022,2.259927272796631,0.16939768195152283,2.229111433029175,0.18054713308811188,1.0239046812057495,0.3555307984352112
2,29,3.0509631633758545,0.04869261384010315,3.539961338043213,0.14589069783687592,0.9143370985984802,0.07819997519254684,1.5798381567001343,0.02829884923994541,1.5813310146331787,0.03197211027145386,2.0390796661376953,0.10087861120700836,1.9766557216644287,0.11234359443187714,0.9939939975738525,0.2782284915447235
2,30,3.021498680114746,0.05533186346292496,3.6040198802948,0.17959260940551758,1.0057374238967896,0.15014177560806274,1.5673699378967285,0.029566342011094093,1.5670883655548096,0.03191491216421127,2.097604274749756,0.11573366820812225,2.048607110977173,0.12434892356395721,1.0437958240509033,0.2203749418258667
2,31,3.0333173274993896,0.044270411133766174,3.7191202640533447,0.21977604925632477,1.0575352907180786,0.20416341722011566,1.5723252296447754,0.02533370815217495,1.5730795860290527,0.027975084260106087,2.185408115386963,0.1763145476579666,2.1451449394226074,0.188303604722023,1.1283106803894043,0.24303478002548218
2,32,3.007004976272583,0.0453631617128849,3.4471209049224854,0.17422190308570862,0.9356141686439514,0.06205558031797409,1.5551321506500244,0.02577698789536953,1.5576783418655396,0.025633355602622032,2.020087242126465,0.07335079461336136,1.9572594165802002,0.08387092500925064,1.1060508489608765,0.27634644508361816
2,33,2.9759159088134766,0.04316159337759018,3.389230251312256,0.17887836694717407,0.9973605871200562,0.04932442307472229,1.5402244329452515,0.023256735876202583,1.5438662767410278,0.02432631514966488,2.029261827468872,0.05572158098220825,1.9735184907913208,0.06142745539546013,1.2248170375823975,0.21509313583374023
2,34,3.0469696521759033,0.055297549813985825,3.8913521766662598,0.20193010568618774,1.045939564704895,0.16062724590301514,1.579805850982666,0.031384292989969254,1.572776436805725,0.03496115654706955,2.192605495452881,0.14068681001663208,2.162879228591919,0.15532347559928894,0.7483779191970825,0.25652876496315
2,35,3.029538631439209,0.04981216415762901,3.6763601303100586,0.17318476736545563,0.9368923902511597,0.08969203382730484,1.5677173137664795,0.028745045885443687,1.5606279373168945,0.03216589242219925,2.0432486534118652,0.10438846051692963,1.993139624595642,0.1163712590932846,0.6697643399238586,0.3265487253665924
2,36,2.9950482845306396,0.06237480789422989,3.6778218746185303,0.19115892052650452,1.0759003162384033,0.1735592484474182,1.5550504922866821,0.03320733830332756,1.549641728401184,0.03811351954936981,2.107558012008667,0.13921044766902924,2.0644540786743164,0.14948402345180511,0.844846785068512,0.2760481536388397
2,37,3.040379524230957,0.047204479575157166,3.5820529460906982,0.17826752364635468,0.967671811580658,0.1401340812444687,1.5738662481307983,0.027483578771352768,1.5763540267944336,0.029869895428419113,2.0935425758361816,0.1313670128583908,2.040691614151001,0.14173081517219543,1.0997800827026367,0.29282885789871216
2,38,3.0597567558288574,0.04176890477538109,3.674760103225708,0.1539991796016693,0.9766225218772888,0.10010471940040588,1.5862984657287598,0.023922359570860863,1.5862014293670654,0.026232989504933357,2.119065999984741,0.08620740473270416,2.0698723793029785,0.09781824052333832,0.9983968138694763,0.22566421329975128
2,39,3.0309979915618896,0.04773120582103729,3.691481828689575,0.23034493625164032,1.0219228267669678,0.184335395693779,1.5682597160339355,0.027640406042337418,1.56760835647583,0.03199204429984093,2.1378495693206787,0.16928252577781677,2.0953781604766846,0.18313151597976685,0.9894649386405945,0.3744201362133026
2,40,3.0366017818450928,0.061374299228191376,3.9282169342041016,0.22182947397232056,1.080873966217041,0.23429179191589355,1.5741500854492188,0.034324128180742264,1.5665196180343628,0.03823787719011307,2.215273380279541,0.19252018630504608,2.189384698867798,0.20614628493785858,0.7190744280815125,0.3025542199611664
2,41,3.0429961681365967,0.04763512313365936,3.7777504920959473,0.287715882062912,1.113020896911621,0.30039799213409424,1.5769516229629517,0.026818977668881416,1.5774461030960083,0.03178972750902176,2.225830316543579,0.26585713028907776,2.1886534690856934,0.2809221148490906,1.0778025388717651,0.40232053399086
2,42,3.001061201095581,0.04871697723865509,3.567791223526001,0.16543446481227875,0.9381141066551208,0.06788723915815353,1.5501452684402466,0.028258569538593292,1.547680377960205,0.03155795857310295,2.0329694747924805,0.09922429919242859,1.9816787242889404,0.10580810159444809,0.9158594012260437,0.33129262924194336
2,43,2.948371648788452,0.06860736012458801,4.121070384979248,0.1715535819530487,1.2630889415740967,0.19853922724723816,1.52530837059021,0.03783338516950607,1.5125892162322998,0.03993253409862518,2.3241279125213623,0.1505175679922104,2.3252384662628174,0.15892772376537323,0.6731289029121399,0.23279668390750885
2,44,2.9886648654937744,0.06643235683441162,4.1538238525390625,0.3842350244522095,1.524509310722351,0.4545353949069977,1.5484751462936401,0.035474590957164764,1.548337459564209,0.043023064732551575,2.539827346801758,0.3918609321117401,2.5273942947387695,0.4058791399002075,1.1822091341018677,0.5253420472145081
3,0,2.8527352809906006,0.019035544246435165,4.227378845214844,0.06037181243300438,1.4917362928390503,0.04355534538626671,1.4598513841629028,0.011344407685101032,1.4556001424789429,0.012571192346513271,2.4530625343322754,0.032691217958927155,2.4557981491088867,0.03328442946076393,0.8250892758369446,0.0982566550374031
3,1,2.8613779544830322,0.021129874512553215,4.233902931213379,0.06472494453191757,1.4815373420715332,0.05777820572257042,1.4605498313903809,0.011792780831456184,1.456528663635254,0.012820555828511715,2.4425759315490723,0.0512603335082531,2.4430060386657715,0.04838362708687782,0.7643959522247314,0.08599220216274261
3,2,2.8607473373413086,0.01708837039768696,4.2323317527771,0.045716334134340286,1.5062224864959717,0.041763946413993835,1.4644103050231934,0.010142338462173939,1.460889458656311,0.010816308669745922,2.4622936248779297,0.028755266219377518,2.4602315425872803,0.027233431115746498,0.8274903893470764,0.11401911824941635
3,3,2.858041763305664,0.018813617527484894,4.2444748878479,0.04538558050990105,1.4893717765808105,0.044115133583545685,1.4574873447418213,0.011347909457981586,1.4536229372024536,0.01235147938132286,2.462019443511963,0.03139413520693779,2.463961124420166,0.030288897454738617,0.8387594819068909,0.09699516743421555
3,4,2.8704047203063965,0.018243227154016495,4.244482517242432,0.044220153242349625,1.4969494342803955,0.047780171036720276,1.4620147943496704,0.010695013217628002,1.4581550359725952,0.012197891250252724,2.4609310626983643,0.02736949734389782,2.459609031677246,0.02318372204899788,0.7898042798042297,0.10450410097837448
3,5,2.8639049530029297,0.01906582899391651,4.192856311798096,0.08471077680587769,1.4597495794296265,0.041983235627412796,1.464699387550354,0.011374382302165031,1.4610463380813599,0.012430288828909397,2.4192283153533936,0.04321078211069107,2.4186577796936035,0.04693996533751488,0.7717834711074829,0.10095629841089249
3,6,2.8688602447509766,0.018168706446886063,4.251652717590332,0.051250867545604706,1.4757847785949707,0.05325692147016525,1.462184190750122,0.010760490782558918,1.4583220481872559,0.012009628117084503,2.4583349227905273,0.041249774396419525,2.460662603378296,0.03852662071585655,0.8002924919128418,0.07781586050987244
3,7,2.862701416015625,0.025383321568369865,4.231054782867432,0.07072289288043976,1.4988200664520264,0.08523473888635635,1.4589201211929321,0.013198710046708584,1.4553831815719604,0.014869410544633865,2.464390516281128,0.05412674322724342,2.463413953781128,0.047174014151096344,0.8782705068588257,0.1501040905714035
3,8,2.862058639526367,0.023033037781715393,4.1925554275512695,0.05838517099618912,1.4942768812179565,0.06634969264268875,1.4621084928512573,0.013293290510773659,1.4589319229125977,0.014704477041959763,2.4407143592834473,0.03535032644867897,2.4351577758789062,0.03406699746847153,0.8613623976707458,0.12397351115942001
3,9,2.876948356628418,0.03107248619198799,4.117940902709961,0.14768557250499725,1.4267970323562622,0.07374073565006256,1.470343828201294,0.018467769026756287,1.4684067964553833,0.020833877846598625,2.3930134773254395,0.07438202202320099,2.3849852085113525,0.07751256227493286,0.8957192301750183,0.16813066601753235
3,10,2.858860969543457,0.030659181997179985,4.201047897338867,0.11211846768856049,1.420395016670227,0.08533506095409393,1.4525837898254395,0.018283158540725708,1.4486656188964844,0.02043893374502659,2.4053211212158203,0.07553169876337051,2.413458824157715,0.07733301818370819,0.7825363874435425,0.11275552213191986
3,11,2.851381540298462,0.030171038582921028,4.12944221496582,0.1734647899866104,1.4380192756652832,0.09653174877166748,1.4545533657073975,0.017615333199501038,1.4511967897415161,0.01998438872396946,2.392584800720215,0.08837853372097015,2.3952789306640625,0.0949070155620575,0.8864888548851013,0.15699760615825653
3,12,2.930537700653076,0.031951915472745895,3.8545467853546143,0.21119989454746246,1.4060301780700684,0.12194051593542099,1.4934409856796265,0.017250627279281616,1.4981662034988403,0.02028733491897583,2.3392035961151123,0.11536611616611481,2.303469657897949,0.11760532110929489,1.2076313495635986,0.24243241548538208
3,13,2.8734524250030518,0.034301888197660446,4.17800760269165,0.12206035107374191,1.4757040739059448,0.15724147856235504,1.462539553642273,0.017707904800772667,1.460707664489746,0.020492076873779297,2.44559907913208,0.12166710942983627,2.4430336952209473,0.1132875457406044,0.9384360313415527,0.25070855021476746
3,14,2.8913629055023193,0.06194426119327545,4.287360668182373,0.2957577705383301,1.9547539949417114,0.34087038040161133,1.4573603868484497,0.023852985352277756,1.4600273370742798,0.029622206464409828,2.7745656967163086,0.2617418169975281,2.7496590614318848,0.25015705823898315,1.472709059715271,0.5730794072151184
3,15,3.0095486640930176,0.06604580581188202,4.2228803634643555,0.3185134828090668,2.5876119136810303,0.392486035823822,1.4920973777770996,0.014421269297599792,1.5066279172897339,0.019906263798475266,3.221088171005249,0.31702372431755066,3.163848876953125,0.31786686182022095,2.5094869136810303,0.5885973572731018
3,16,2.9705159664154053,0.07353660464286804,4.329233646392822,0.233394056558609,2.4370126724243164,0.4459429979324341,1.4881824254989624,0.01805536262691021,1.5003957748413086,0.02400423027575016,3.162904977798462,0.3404353857040405,3.119154930114746,0.3325912356376648,2.3448073863983154,0.7393563389778137
3,17,2.886080265045166,0.06767292320728302,4.462730884552002,0.24120496213436127,2.087548017501831,0.43096277117729187,1.47227144241333,0.02644617296755314,1.4753626585006714,0.03136325627565384,2.9176583290100098,0.3432602286338806,2.8935818672180176,0.3271135091781616,1.5423814058303833,0.699937641620636
3,18,2.9577817916870117,0.06882929801940918,4.428223133087158,0.27371156215667725,2.464858055114746,0.4225625693798065,1.488584041595459,0.017722783610224724,1.497016429901123,0.023268532007932663,3.1665544509887695,0.3335917890071869,3.114891290664673,0.32396233081817627,2.099306583404541,0.7002160549163818
3,19,2.819812536239624,0.06595798581838608,4.51761531829834,0.20720861852169037,2.142366886138916,0.38535287976264954,1.441373348236084,0.02849992737174034,1.441819429397583,0.032809168100357056,2.9123969078063965,0.2964058518409729,2.8961875438690186,0.27925390005111694,1.3888885974884033,0.599181056022644
3,20,2.811410903930664,0.07233767211437225,4.387843608856201,0.1580895632505417,1.6692537069320679,0.2424943745136261,1.4416760206222534,0.037321314215660095,1.4383604526519775,0.040854599326848984,2.5847246646881104,0.1713152825832367,2.5925467014312744,0.16337354481220245,0.8997829556465149,0.31581252813339233
3,21,2.88739013671875,0.06366484612226486,4.424093246459961,0.17232099175453186,1.9357004165649414,0.4226972162723541,1.4713243246078491,0.026832031086087227,1.473410964012146,0.03094395622611046,2.8095803260803223,0.3255910873413086,2.790173292160034,0.3085809648036957,1.348691701889038,0.6950997710227966
3,22,2.840491533279419,0.08594533801078796,4.60792350769043,0.3320152759552002,2.0651931762695312,0.5207045078277588,1.4544907808303833,0.041929420083761215,1.4542028903961182,0.04644410312175751,2.915081262588501,0.42638909816741943,2.899125576019287,0.4110230803489685,1.296128511428833,0.6765472888946533
3,23,3.026757001876831,0.037900540977716446,3.8566818237304688,0.3126990795135498,1.3634742498397827,0.2981491684913635,1.5508897304534912,0.020474465563893318,1.5613465309143066,0.02274099364876747,2.380852222442627,0.2639988362789154,2.316502571105957,0.263190358877182,1.2250841856002808,0.3638140857219696
3,24,2.9923512935638428,0.060117073357105255,4.1947126388549805,0.30546048283576965,1.670659065246582,0.4071427583694458,1.5293536186218262,0.030744997784495354,1.5372201204299927,0.03473310545086861,2.6461434364318848,0.3317391574382782,2.5937564373016357,0.3256751298904419,1.3057307004928589,0.5236511826515198
3,25,3.0092504024505615,0.038105033338069916,3.5995213985443115,0.33160167932510376,1.5222735404968262,0.32103148102760315,1.5283899307250977,0.01943531259894371,1.5436838865280151,0.021139465272426605,2.4306774139404297,0.2620876133441925,2.3606884479522705,0.26338350772857666,1.726804494857788,0.3852212131023407
3,26,3.0177648067474365,0.041352491825819016,3.799147129058838,0.24013741314411163,1.3628894090652466,0.24533526599407196,1.5451847314834595,0.021455535665154457,1.555815577507019,0.024123983457684517,2.3635175228118896,0.20335689187049866,2.3000364303588867,0.19961170852184296,1.3033349514007568,0.3411356806755066
3,27,2.9914908409118652,0.05225533992052078,3.938776969909668,0.19122909009456635,1.1820846796035767,0.14839862287044525,1.5323313474655151,0.02838975191116333,1.5375980138778687,0.032188259065151215,2.2335622310638428,0.13685962557792664,2.206934928894043,0.13718532025814056,0.6433108448982239,0.3129153251647949
3,28,3.0279064178466797,0.05695946514606476,4.098751068115234,0.25301578640937805,1.4076707363128662,0.3119303286075592,1.5544865131378174,0.03199663385748863,1.5630629062652588,0.035498518496751785,2.4909093379974365,0.251054584980011,2.439772844314575,0.24664436280727386,1.1009738445281982,0.40829649567604065
3,29,3.040844440460205,0.04537026211619377,3.6513071060180664,0.18985135853290558,1.1319327354431152,0.1424444615840912,1.5598671436309814,0.023715045303106308,1.570746898651123,0.026648055762052536,2.176037549972534,0.15935510396957397,2.111356019973755,0.1489512175321579,1.0190207958221436,0.3286340534687042
3,30,3.01212739944458,0.04526635259389877,3.7662899494171143,0.2584249973297119,1.3103941679000854,0.25733423233032227,1.5464303493499756,0.02779422141611576,1.5563735961914062,0.02953934483230114,2.32177996635437,0.19805851578712463,2.262737274169922,0.1990889012813568,1.2259093523025513,0.2900993227958679
3,31,3.027400493621826,0.04045248031616211,3.89140248298645,0.29656803607940674,1.3147093057632446,0.2965748906135559,1.5540893077850342,0.022478315979242325,1.564020037651062,0.024419836699962616,2.3859286308288574,0.2508642375469208,2.326913356781006,0.2505267560482025,1.228895664215088,0.3135770559310913
3,32,3.02117919921875,0.03369045630097389,3.526529550552368,0.21838253736495972,1.1344016790390015,0.09540287405252457,1.5508612394332886,0.019504686817526817,1.5618537664413452,0.02109719067811966,2.1433115005493164,0.10182242095470428,2.0783092975616455,0.09986109286546707,1.1656286716461182,0.31279292702674866
3,33,3.006657600402832,0.03193593770265579,3.475757360458374,0.22894097864627838,1.2354389429092407,0.09520638734102249,1.5395158529281616,0.0193533506244421,1.551345944404602,0.0209239199757576,2.2017385959625244,0.06377144157886505,2.1344950199127197,0.0707082450389862,1.3884929418563843,0.2506864666938782
3,34,3.0006418228149414,0.07764966785907745,4.0853190422058105,0.24951758980751038,1.2630352973937988,0.23650360107421875,1.5411856174468994,0.04154079407453537,1.5465306043624878,0.04584121331572533,2.3611114025115967,0.17681369185447693,2.3300766944885254,0.186772421002388,0.7733101844787598,0.25691714882850647
3,35,2.9991681575775146,0.05551207810640335,3.8644134998321533,0.20867277681827545,1.1551696062088013,0.12662191689014435,1.540970802307129,0.03007454238831997,1.5470471382141113,0.033823393285274506,2.2097692489624023,0.12835702300071716,2.175410270690918,0.12825794517993927,0.7353019714355469,0.3276509642601013
3,36,2.9742250442504883,0.06695476174354553,3.945497751235962,0.25474265217781067,1.4687198400497437,0.2735671103000641,1.526607632637024,0.03679950535297394,1.534204125404358,0.04072380065917969,2.4184677600860596,0.2133413702249527,2.3713104724884033,0.21222516894340515,1.0955009460449219,0.3508731424808502
3,37,3.040959119796753,0.03942972794175148,3.759481430053711,0.24923373758792877,1.2023533582687378,0.22575663030147552,1.5583207607269287,0.02074545994400978,1.5693424940109253,0.023094050586223602,2.269089698791504,0.2087959200143814,2.2068264484405518,0.20303665101528168,1.1115686893463135,0.37255120277404785
3,38,3.0455281734466553,0.039979320019483566,3.8139681816101074,0.21098510921001434,1.2022546529769897,0.16310319304466248,1.5658507347106934,0.021910643205046654,1.5762711763381958,0.024573514237999916,2.285017967224121,0.14656506478786469,2.2248740196228027,0.1466427594423294,1.0696616172790527,0.29374757409095764
3,39,2.9996349811553955,0.0636570006608963,3.9549529552459717,0.2685520648956299,1.2713565826416016,0.2709663510322571,1.534793496131897,0.033381734043359756,1.5420490503311157,0.0378471314907074,2.3222737312316895,0.23011955618858337,2.283130645751953,0.22777682542800903,0.8710700869560242,0.4185403883457184
3,40,2.9811465740203857,0.0921676903963089,4.165717601776123,0.253580242395401,1.337778925895691,0.320497989654541,1.5300531387329102,0.048927560448646545,1.5349470376968384,0.05331818014383316,2.410928964614868,0.2318202704191208,2.3867857456207275,0.23688238859176636,0.7225993871688843,0.30675166845321655
3,41,3.012331008911133,0.05230165645480156,4.02797794342041,0.36202600598335266,1.3814975023269653,0.3898080587387085,1.542060136795044,0.027903176844120026,1.5502822399139404,0.031290266662836075,2.435835599899292,0.3348384201526642,2.387676477432251,0.3306080400943756,1.0523499250411987,0.4634367823600769
3,42,3.0027222633361816,0.049366407096385956,3.713838815689087,0.1948060840368271,1.1250619888305664,0.09285243600606918,1.5385901927947998,0.027004817500710487,1.5463165044784546,0.03067106567323208,2.160183906555176,0.11708484590053558,2.115767240524292,0.10858116298913956,0.892038106918335,0.3696114122867584
3,43,2.880959987640381,0.09092408418655396,4.312840461730957,0.18340425193309784,1.4639935493469238,0.24952711164951324,1.4749741554260254,0.050118036568164825,1.4732357263565063,0.054424528032541275,2.4760820865631104,0.16903775930404663,2.4820144176483154,0.17191681265830994,0.7137364149093628,0.22631892561912537
3,44,2.9235119819641113,0.08458057790994644,4.43898868560791,0.376633882522583,1.8037868738174438,0.4790894091129303,1.4939690828323364,0.04498801752924919,1.4975939989089966,0.05010820925235748,2.754380702972412,0.3913689851760864,2.7239246368408203,0.385640412569046,1.1456708908081055,0.5254355669021606
4,0,2.8545238971710205,0.013486047275364399,4.216952323913574,0.04153530299663544,1.4705071449279785,0.02756616100668907,1.4540116786956787,0.008707955479621887,1.4648419618606567,0.008893175050616264,2.453950881958008,0.023922089487314224,2.441340923309326,0.02575128898024559,0.816567599773407,0.07894504070281982
4,1,2.866201400756836,0.015075686387717724,4.215874671936035,0.04681840166449547,1.4580308198928833,0.03825504705309868,1.4524054527282715,0.00869497936218977,1.463446855545044,0.008855649270117283,2.447746515274048,0.034225743263959885,2.431968927383423,0.03510931879281998,0.7902425527572632,0.0648532286286354
4,2,2.853635787963867,0.012044698931276798,4.212972164154053,0.029058275744318962,1.4760284423828125,0.024880459532141685,1.4525206089019775,0.007553073577582836,1.4633888006210327,0.008031048811972141,2.453031539916992,0.018666192889213562,2.4384169578552246,0.01998935453593731,0.8238468170166016,0.07828108221292496
4,3,2.859689950942993,0.012606375850737095,4.220808506011963,0.02979809045791626,1.460856318473816,0.026888027787208557,1.4508122205734253,0.008498081937432289,1.4614545106887817,0.008773100562393665,2.45786452293396,0.018115004524588585,2.4449424743652344,0.01944705657660961,0.8393123745918274,0.08139064162969589
4,4,2.8572781085968018,0.011139382608234882,4.2092461585998535,0.031243834644556046,1.463119626045227,0.02906462922692299,1.4480221271514893,0.007368491962552071,1.4591360092163086,0.007912086322903633,2.4491045475006104,0.017075980082154274,2.435601234436035,0.0200195275247097,0.8060754537582397,0.06184504181146622
4,5,2.873542070388794,0.016761302947998047,4.203075885772705,0.051283661276102066,1.4498311281204224,0.02654457837343216,1.4613078832626343,0.009101349860429764,1.4728657007217407,0.009834980592131615,2.4340438842773438,0.029354847967624664,2.418286085128784,0.03319019451737404,0.7602792382240295,0.07707566022872925
4,6,2.8589043617248535,0.013329765759408474,4.223389148712158,0.037976447492837906,1.4559968709945679,0.03625025227665901,1.4481960535049438,0.00895458459854126,1.4589545726776123,0.009084533900022507,2.4525094032287598,0.028846917673945427,2.44069766998291,0.03049725666642189,0.807654619216919,0.061054009944200516
4,7,2.8570621013641357,0.016924956813454628,4.212014675140381,0.05032071843743324,1.4663586616516113,0.0537651889026165,1.4483909606933594,0.009444108232855797,1.4582583904266357,0.009658864699304104,2.4572746753692627,0.029315955936908722,2.442946672439575,0.03040187992155552,0.8716514706611633,0.0866556242108345
4,8,2.8647305965423584,0.015596937388181686,4.198137283325195,0.032022733241319656,1.4602227210998535,0.04057851433753967,1.4569157361984253,0.009600370191037655,1.4678239822387695,0.010242793709039688,2.4394595623016357,0.019606852903962135,2.421548843383789,0.0216402318328619,0.8170486688613892,0.08726546913385391
4,9,2.8791680335998535,0.02430531568825245,4.161832332611084,0.09603657573461533,1.4183932542800903,0.04738492891192436,1.4592678546905518,0.012838802300393581,1.4687261581420898,0.012547260150313377,2.4224917888641357,0.049886226654052734,2.403095006942749,0.05371393263339996,0.8918295502662659,0.10861486941576004
4,10,2.8544256687164307,0.027231425046920776,4.187548637390137,0.09154583513736725,1.4166154861450195,0.07600182294845581,1.4431555271148682,0.015911614522337914,1.453598141670227,0.01604447141289711,2.4268605709075928,0.06978128105401993,2.4136452674865723,0.07367601245641708,0.8539350032806396,0.09418332576751709
4,11,2.8370110988616943,0.026135684922337532,4.180184364318848,0.11841302365064621,1.4633570909500122,0.07868365943431854,1.4414856433868408,0.013651620596647263,1.450682520866394,0.013997548259794712,2.4426538944244385,0.07090363651514053,2.42903470993042,0.07487404346466064,0.9143993854522705,0.11312536150217056
4,12,2.901946783065796,0.03218016400933266,3.960604667663574,0.16488732397556305,1.3911761045455933,0.10399314016103745,1.4668221473693848,0.015118546783924103,1.4744296073913574,0.014524489641189575,2.3616302013397217,0.10692819952964783,2.3308582305908203,0.10915430635213852,1.0974116325378418,0.1732165813446045
4,13,2.857775926589966,0.03353182598948479,4.163814544677734,0.09652906656265259,1.4536442756652832,0.11247627437114716,1.452650547027588,0.015633443370461464,1.462519884109497,0.015239614993333817,2.436894178390503,0.08897434920072556,2.4195470809936523,0.08863495290279388,0.9156506061553955,0.16306664049625397
4,14,2.8857922554016113,0.05233342573046684,4.225033283233643,0.2681227922439575,1.8172166347503662,0.29461589455604553,1.446557879447937,0.019614433869719505,1.4509756565093994,0.017793532460927963,2.6628334522247314,0.2384376972913742,2.635415554046631,0.24058520793914795,1.229034423828125,0.41409584879875183
4,15,2.9987878799438477,0.06303321570158005,4.2009806632995605,0.28933995962142944,2.4056808948516846,0.3878415524959564,1.4821233749389648,0.018970048055052757,1.4744929075241089,0.013840539380908012,3.057722568511963,0.3202945590019226,3.0026192665100098,0.3188874125480652,2.056741237640381,0.5564661622047424
4,16,2.9628655910491943,0.07256054878234863,4.273766994476318,0.21602097153663635,2.2748863697052,0.4265090823173523,1.4765102863311768,0.022854866459965706,1.471323847770691,0.017212579026818275,3.019118309020996,0.3212040364742279,2.9806082248687744,0.3139747977256775,2.0227885246276855,0.6320114731788635
4,17,2.884697914123535,0.05871756747364998,4.391043186187744,0.23586423695087433,1.9769515991210938,0.43652358651161194,1.4605555534362793,0.023430662229657173,1.4623963832855225,0.022728953510522842,2.838949680328369,0.3442917466163635,2.8197736740112305,0.3408983051776886,1.4522188901901245,0.6026266813278198
4,18,2.9494948387145996,0.05679592862725258,4.3502912521362305,0.23621924221515656,2.2296228408813477,0.4008318781852722,1.4745378494262695,0.01623927429318428,1.4717944860458374,0.013969222083687782,2.9743235111236572,0.30935096740722656,2.9344539642333984,0.30435770750045776,1.6795735359191895,0.5793831944465637
4,19,2.8574395179748535,0.057899538427591324,4.422776699066162,0.2023712545633316,1.9655566215515137,0.38075709342956543,1.4462345838546753,0.02768775448203087,1.4502439498901367,0.029994908720254898,2.819340467453003,0.2892787456512451,2.8010430335998535,0.28695574402809143,1.3126634359359741,0.4705882966518402
4,20,2.8440890312194824,0.07298639416694641,4.302013397216797,0.14352111518383026,1.5911227464675903,0.23115266859531403,1.447439432144165,0.038164038211107254,1.456923007965088,0.03884708508849144,2.570338487625122,0.15893316268920898,2.5591509342193604,0.1592995822429657,1.0552666187286377,0.24232736229896545
4,21,2.8977527618408203,0.05835769698023796,4.338055610656738,0.16088636219501495,1.8006137609481812,0.4020204246044159,1.4622180461883545,0.027135970070958138,1.467552661895752,0.027294740080833435,2.7253284454345703,0.29787877202033997,2.705251693725586,0.2926628291606903,1.2949942350387573,0.5607448220252991
4,22,2.866112470626831,0.09104707837104797,4.549657344818115,0.32489147782325745,2.0170748233795166,0.5186050534248352,1.455743432044983,0.04337306693196297,1.4564294815063477,0.04432393237948418,2.9208502769470215,0.4292592704296112,2.9060072898864746,0.4275588393211365,1.4901336431503296,0.6197899580001831
4,23,3.0177652835845947,0.043660979717969894,4.008458614349365,0.2643687129020691,1.4461338520050049,0.2950391471385956,1.53664231300354,0.020316090434789658,1.5431286096572876,0.020970718935132027,2.482379913330078,0.26784008741378784,2.4434256553649902,0.2695564925670624,1.2881524562835693,0.34339678287506104
4,24,3.006640672683716,0.05376946181058884,4.170084476470947,0.25008684396743774,1.6003385782241821,0.359390527009964,1.5210038423538208,0.025879262015223503,1.526390790939331,0.025812795385718346,2.6212358474731445,0.2970992624759674,2.5843887329101562,0.2955884337425232,1.366936445236206,0.4493914544582367
4,25,2.9783241748809814,0.036974500864744186,3.803389310836792,0.2808685302734375,1.5997215509414673,0.3131791055202484,1.499895453453064,0.018285520374774933,1.5021814107894897,0.01956794038414955,2.512403964996338,0.26561275124549866,2.4655373096466064,0.265062153339386,1.654859185218811,0.35340172052383423
4,26,2.992424726486206,0.04852902889251709,3.9119720458984375,0.1911322921514511,1.3825197219848633,0.23594164848327637,1.520677924156189,0.02214265987277031,1.5268970727920532,0.02172480896115303,2.407857894897461,0.20208533108234406,2.367107629776001,0.1989438682794571,1.3051263093948364,0.30727773904800415
4,27,2.973118543624878,0.05820964276790619,3.9884161949157715,0.16669349372386932,1.2291417121887207,0.14822030067443848,1.518938422203064,0.030040353536605835,1.5309116840362549,0.029502876102924347,2.3049962520599365,0.133195161819458,2.2791223526000977,0.13627919554710388,0.8731114268302917,0.24320755898952484
4,28,3.0418152809143066,0.04800701141357422,4.111875534057617,0.1977718472480774,1.3853392601013184,0.2851005792617798,1.5447137355804443,0.025888659060001373,1.5513339042663574,0.025693833827972412,2.513704776763916,0.2333158701658249,2.4820046424865723,0.22952480614185333,1.2706246376037598,0.3656919598579407
4,29,3.020397424697876,0.056487586349248886,3.775634527206421,0.17099544405937195,1.1902931928634644,0.14994624257087708,1.535904049873352,0.027239080518484116,1.5451148748397827,0.025185251608490944,2.2581064701080322,0.159880131483078,2.2112085819244385,0.16061978042125702,1.096634030342102,0.2748394310474396
4,30,2.9986650943756104,0.04056766256690025,3.8682570457458496,0.21370919048786163,1.321071743965149,0.23982958495616913,1.5248113870620728,0.026473570615053177,1.5313230752944946,0.026806620880961418,2.368898630142212,0.19384007155895233,2.328767776489258,0.19300906360149384,1.2586911916732788,0.22834911942481995
4,31,3.0172812938690186,0.04704614728689194,3.963984727859497,0.2479413002729416,1.3161132335662842,0.2780751883983612,1.5367017984390259,0.023708296939730644,1.5419983863830566,0.024192972108721733,2.424492597579956,0.24530987441539764,2.3904037475585938,0.24464477598667145,1.327419400215149,0.2923875153064728
4,32,2.9766733646392822,0.04478093609213829,3.64998197555542,0.19917795062065125,1.1737053394317627,0.09937930852174759,1.5215166807174683,0.024421749636530876,1.5293350219726562,0.024282151833176613,2.1904525756835938,0.11451632529497147,2.148808002471924,0.11797021329402924,1.1428704261779785,0.20882941782474518
4,33,2.9518723487854004,0.03177615627646446,3.6350557804107666,0.20262311398983002,1.2662068605422974,0.10592624545097351,1.505323886871338,0.023208031430840492,1.5114662647247314,0.023198282346129417,2.2345404624938965,0.09335273504257202,2.1938421726226807,0.09762950986623764,1.2629188299179077,0.1392883062362671
4,34,3.0016965866088867,0.06880854070186615,4.1294846534729,0.21105705201625824,1.292332649230957,0.23875708878040314,1.536791205406189,0.038462214171886444,1.5460432767868042,0.03869616240262985,2.424957036972046,0.18478253483772278,2.408414125442505,0.18793627619743347,1.0134525299072266,0.22514215111732483
4,35,2.9733593463897705,0.06437278538942337,3.9642953872680664,0.18649642169475555,1.2204383611679077,0.13494689762592316,1.521111011505127,0.033149491995573044,1.532161831855774,0.03165963664650917,2.303281307220459,0.13372968137264252,2.277297019958496,0.13953569531440735,0.9199298620223999,0.2451341450214386
4,36,2.972228765487671,0.05484830588102341,4.004913806915283,0.1990213841199875,1.456337332725525,0.22336964309215546,1.5067131519317627,0.03080078959465027,1.5159318447113037,0.0302805807441473,2.4536075592041016,0.17897671461105347,2.4143974781036377,0.17928817868232727,1.1494102478027344,0.28194400668144226
4,37,3.0287985801696777,0.051760394126176834,3.866337776184082,0.21469777822494507,1.2635068893432617,0.2296745926141739,1.5401970148086548,0.02363339252769947,1.5473484992980957,0.02298729680478573,2.350125312805176,0.21299254894256592,2.310189723968506,0.21252743899822235,1.2385382652282715,0.3306887149810791
4,38,3.024649143218994,0.045942939817905426,3.898853063583374,0.1854100376367569,1.2285007238388062,0.1649494171142578,1.5477370023727417,0.021500511094927788,1.5569401979446411,0.021334823220968246,2.3220746517181396,0.15607576072216034,2.2866525650024414,0.15807610750198364,1.1013203859329224,0.22809715569019318
4,39,2.9979305267333984,0.0635279044508934,4.014490127563477,0.23266346752643585,1.351287841796875,0.266814649105072,1.5232765674591064,0.031234698370099068,1.531705379486084,0.030476894229650497,2.4273009300231934,0.22982937097549438,2.3951926231384277,0.23009055852890015,1.1727826595306396,0.37273555994033813
4,40,2.9970736503601074,0.08873459696769714,4.165515899658203,0.2121088057756424,1.3308746814727783,0.309323787689209,1.5262551307678223,0.04805869981646538,1.536626935005188,0.048833683133125305,2.4539761543273926,0.2232048213481903,2.4357900619506836,0.22443963587284088,0.9868981242179871,0.2779657244682312
4,41,3.0101349353790283,0.05079801753163338,4.101603984832764,0.314153254032135,1.4334617853164673,0.3803459107875824,1.5284062623977661,0.02468695491552353,1.5350940227508545,0.025108924135565758,2.518404722213745,0.33577343821525574,2.4878103733062744,0.3355986773967743,1.2590630054473877,0.4335085153579712
4,42,2.9758689403533936,0.054417431354522705,3.8059442043304443,0.16676761209964752,1.166395664215088,0.09134672582149506,1.5167765617370605,0.02824016474187374,1.5271269083023071,0.02629934437572956,2.2240638732910156,0.11255282163619995,2.187713384628296,0.11587662994861603,0.9784420132637024,0.2652837932109833
4,43,2.897249221801758,0.08653866499662399,4.2765583992004395,0.161271333694458,1.4479565620422363,0.24436606466770172,1.4759931564331055,0.0497230626642704,1.4867280721664429,0.05049392580986023,2.5060067176818848,0.1694551557302475,2.4961769580841064,0.17030678689479828,0.9507893323898315,0.2201867401599884
4,44,2.9634079933166504,0.07520278543233871,4.409819602966309,0.320942759513855,1.7590397596359253,0.43809032440185547,1.497989535331726,0.03730963543057442,1.503725528717041,0.038329288363456726,2.773226737976074,0.3633914291858673,2.747176170349121,0.3631937503814697,1.3223698139190674,0.4803219735622406
5,0,2.833146333694458,0.014475061558187008,4.230276584625244,0.03114977851510048,1.503319501876831,0.023985275998711586,1.4571750164031982,0.007813194766640663,1.450086236000061,0.007845977321267128,2.4533653259277344,0.018019897863268852,2.4404587745666504,0.02053063176572323,0.7579051852226257,0.06194954365491867
5,1,2.8413987159729004,0.013937133364379406,4.2285990715026855,0.03411751613020897,1.492823839187622,0.028799500316381454,1.454169750213623,0.008666841313242912,1.4467140436172485,0.008336186408996582,2.453251361846924,0.025040192529559135,2.4379029273986816,0.02771790139377117,0.7470694184303284,0.05983138084411621
5,2,2.83278751373291,0.01367056556046009,4.226009368896484,0.024098381400108337,1.5151458978652954,0.022547563537955284,1.4550889730453491,0.008361582644283772,1.4483848810195923,0.0079806512221694,2.4548206329345703,0.015158752910792828,2.4403769969940186,0.01816617324948311,0.7498587965965271,0.05865110456943512
5,3,2.845759868621826,0.011521780863404274,4.2298994064331055,0.0218051690608263,1.4914687871932983,0.02172374725341797,1.457524061203003,0.008119535632431507,1.4511380195617676,0.008328362368047237,2.456629753112793,0.013887878507375717,2.4444780349731445,0.016062144190073013,0.7741525173187256,0.059977937489748
5,4,2.8449089527130127,0.009212157689034939,4.2172441482543945,0.026838013902306557,1.4950613975524902,0.02439793199300766,1.457462191581726,0.00686039961874485,1.4507877826690674,0.007052523083984852,2.4495575428009033,0.016628749668598175,2.434420347213745,0.020172707736492157,0.7438803315162659,0.04050161689519882
5,5,2.843937397003174,0.013128483667969704,4.2296576499938965,0.03268353268504143,1.5014184713363647,0.024699389934539795,1.4583287239074707,0.007357293274253607,1.450877070426941,0.007225755136460066,2.4545886516571045,0.021038847044110298,2.439732074737549,0.02402346208691597,0.7446123361587524,0.06240491569042206
5,6,2.8448047637939453,0.012098998762667179,4.2312116622924805,0.024784523993730545,1.485912799835205,0.02530813030898571,1.4558520317077637,0.008045228198170662,1.4484913349151611,0.00866296049207449,2.4521188735961914,0.018373476341366768,2.4399211406707764,0.021378928795456886,0.7496013045310974,0.05329079553484917
5,7,2.8515331745147705,0.014860427007079124,4.227799892425537,0.043315574526786804,1.493026852607727,0.051121536642313004,1.460094928741455,0.009384742006659508,1.4534122943878174,0.009587077423930168,2.4574787616729736,0.02084658481180668,2.4439029693603516,0.022352099418640137,0.7788752913475037,0.07767735421657562
5,8,2.832883834838867,0.018431341275572777,4.216536521911621,0.02931497059762478,1.5151007175445557,0.03597511351108551,1.4548499584197998,0.009957917034626007,1.4488099813461304,0.010218868032097816,2.4503438472747803,0.016144150868058205,2.4344160556793213,0.020080599933862686,0.7728285789489746,0.07364264130592346
5,9,2.874450922012329,0.030323656275868416,4.194921493530273,0.08031364530324936,1.446775197982788,0.060270488262176514,1.4675421714782715,0.014722047373652458,1.4621174335479736,0.01616411842405796,2.4362998008728027,0.046666115522384644,2.42004132270813,0.05044535920023918,0.8220157027244568,0.08408693969249725
5,10,2.8496198654174805,0.03060081973671913,4.210679531097412,0.06506584584712982,1.4406423568725586,0.062357086688280106,1.4547522068023682,0.01649674028158188,1.4492079019546509,0.018203992396593094,2.4318714141845703,0.05143449828028679,2.420032262802124,0.055267106741666794,0.7905430793762207,0.07813147455453873
5,11,2.838446617126465,0.027217816561460495,4.211063385009766,0.09132526069879532,1.470687985420227,0.07194103300571442,1.4574261903762817,0.013500741682946682,1.4514540433883667,0.014832294546067715,2.4400954246520996,0.05801968649029732,2.427696466445923,0.06174122542142868,0.814258337020874,0.08326229453086853
5,12,2.9188952445983887,0.03910079970955849,3.996685266494751,0.14660762250423431,1.3374040126800537,0.07926016300916672,1.4856743812561035,0.016676226630806923,1.487278938293457,0.01893189549446106,2.329968214035034,0.08106923848390579,2.298732042312622,0.086666040122509,0.8929135799407959,0.11875888705253601
5,13,2.846087694168091,0.03843145817518234,4.203094959259033,0.06209271401166916,1.4738717079162598,0.08709868043661118,1.462162733078003,0.018417581915855408,1.4578027725219727,0.019219400361180305,2.440192937850952,0.04990103095769882,2.426473379135132,0.05097559466958046,0.834267795085907,0.13303768634796143
5,14,2.846665382385254,0.04089641198515892,4.19114875793457,0.18990513682365417,1.733507513999939,0.24198928475379944,1.44730544090271,0.015896163880825043,1.4388090372085571,0.017442742362618446,2.5680959224700928,0.1461086869239807,2.5441782474517822,0.14766980707645416,0.9512450695037842,0.3133918046951294
5,15,2.9280502796173096,0.050719816237688065,4.12782621383667,0.21952937543392181,2.254641056060791,0.3742355406284332,1.4704546928405762,0.013489942997694016,1.4617558717727661,0.013983381912112236,2.8762784004211426,0.25722333788871765,2.8389575481414795,0.2580612599849701,1.5820316076278687,0.5398175120353699
5,16,2.8962085247039795,0.0620376393198967,4.161366939544678,0.16263672709465027,2.1124167442321777,0.4232892096042633,1.45643949508667,0.021050378680229187,1.4510011672973633,0.020678507164120674,2.8225884437561035,0.2685723900794983,2.7983615398406982,0.26532673835754395,1.5841747522354126,0.5876265168190002
5,17,2.870759963989258,0.05329466611146927,4.247836589813232,0.17131032049655914,1.7508306503295898,0.35034215450286865,1.4690170288085938,0.027225296944379807,1.4626014232635498,0.02929404005408287,2.6224212646484375,0.24457255005836487,2.6026723384857178,0.2430715262889862,1.0122140645980835,0.42628416419029236
5,18,2.892859697341919,0.04025278240442276,4.201039791107178,0.1767144501209259,1.9729321002960205,0.33640143275260925,1.4710562229156494,0.013973475433886051,1.462031602859497,0.015212152153253555,2.714529514312744,0.22085846960544586,2.6809682846069336,0.22013074159622192,1.1165974140167236,0.4481511116027832
5,19,2.8464691638946533,0.07670335471630096,4.239569187164307,0.15500953793525696,1.7241673469543457,0.2956206500530243,1.4553349018096924,0.03729194775223732,1.449743628501892,0.03928937762975693,2.5929176807403564,0.19887912273406982,2.574566602706909,0.1988145262002945,0.9256148338317871,0.31166553497314453
5,20,2.911464214324951,0.09381742030382156,4.187250137329102,0.10995063185691833,1.4158319234848022,0.20113855600357056,1.4847835302352905,0.04672235995531082,1.4819591045379639,0.04815080016851425,2.445655345916748,0.11015231907367706,2.4362566471099854,0.10927232354879379,0.8359866142272949,0.18256226181983948
5,21,2.890594244003296,0.06676089018583298,4.2190046310424805,0.10711785405874252,1.6165117025375366,0.32714349031448364,1.4691147804260254,0.034500498324632645,1.4642860889434814,0.03611718863248825,2.551644802093506,0.20882770419120789,2.5320920944213867,0.20568455755710602,0.938169538974762,0.39335089921951294
5,22,2.928769826889038,0.10573338717222214,4.331810474395752,0.27173081040382385,1.6584806442260742,0.4204452931880951,1.4870102405548096,0.0498335175216198,1.4813237190246582,0.053164247423410416,2.647503137588501,0.3260705769062042,2.62839412689209,0.3230302035808563,1.0282412767410278,0.38946017622947693
5,23,3.0888636112213135,0.04245051369071007,3.954315423965454,0.20282000303268433,1.2410151958465576,0.21113626658916473,1.568831443786621,0.017160065472126007,1.5726394653320312,0.017200175672769547,2.366694688796997,0.2041955441236496,2.335808277130127,0.2006918489933014,1.097527027130127,0.21923623979091644
5,24,3.041565179824829,0.0572357103228569,4.087823867797852,0.20109538733959198,1.3913519382476807,0.25344958901405334,1.5435175895690918,0.02388528548181057,1.5452985763549805,0.026690788567066193,2.4645934104919434,0.2176656872034073,2.4296553134918213,0.21232332289218903,1.0471069812774658,0.28267496824264526
5,25,3.0289478302001953,0.04355739802122116,3.7693450450897217,0.23210404813289642,1.33711838722229,0.2247311919927597,1.5315059423446655,0.022890834137797356,1.5404163599014282,0.023448796942830086,2.342733383178711,0.19463056325912476,2.3029592037200928,0.19376949965953827,1.2958511114120483,0.2553727626800537
5,26,3.0489895343780518,0.05076639726758003,3.8886220455169678,0.151166632771492,1.2151700258255005,0.15640784800052643,1.5504118204116821,0.019661063328385353,1.5569435358047485,0.019656812772154808,2.307272434234619,0.14503443241119385,2.2729146480560303,0.13989123702049255,1.0844422578811646,0.19905832409858704
5,27,3.0385282039642334,0.04313494265079498,3.9492478370666504,0.12268266826868057,1.1485639810562134,0.09817437827587128,1.5491639375686646,0.020697882398962975,1.5539971590042114,0.021160544827580452,2.2635867595672607,0.09862474352121353,2.2476816177368164,0.1036527156829834,0.838421106338501,0.18547087907791138
5,28,3.0952348709106445,0.041638609021902084,4.005364418029785,0.1413097232580185,1.1949036121368408,0.18006502091884613,1.5661911964416504,0.020157555118203163,1.5690895318984985,0.02132338657975197,2.375502109527588,0.15525874495506287,2.3505876064300537,0.14506323635578156,1.0678126811981201,0.2104974389076233
5,29,3.1004815101623535,0.04459046199917793,3.7652039527893066,0.14064064621925354,1.0595754384994507,0.10583970695734024,1.5680040121078491,0.019192278385162354,1.5751360654830933,0.018257230520248413,2.195857048034668,0.13311736285686493,2.1567225456237793,0.1358472853899002,0.9542197585105896,0.21479131281375885
5,30,3.0824310779571533,0.03524672985076904,3.8341705799102783,0.17115631699562073,1.1444447040557861,0.18080943822860718,1.5599685907363892,0.02027195878326893,1.5663597583770752,0.02037069946527481,2.26904034614563,0.15797460079193115,2.2315523624420166,0.15503661334514618,1.0371594429016113,0.1622709482908249
5,31,3.076418876647949,0.04251120984554291,3.9180822372436523,0.17303653061389923,1.139654517173767,0.16959220170974731,1.5596734285354614,0.01831863634288311,1.5643513202667236,0.018203385174274445,2.3152871131896973,0.16205230355262756,2.2910311222076416,0.15669912099838257,1.134176254272461,0.1662120819091797
5,32,3.0577573776245117,0.04134666174650192,3.6653330326080322,0.17067688703536987,1.0456745624542236,0.07166419923305511,1.5554307699203491,0.019319085404276848,1.565170168876648,0.01768721640110016,2.1288721561431885,0.10587619245052338,2.0932271480560303,0.11436725407838821,0.9698776006698608,0.16557593643665314
5,33,3.0289742946624756,0.037569474428892136,3.647068500518799,0.17999611794948578,1.1071245670318604,0.08086621761322021,1.5411030054092407,0.022603988647460938,1.5513741970062256,0.021863028407096863,2.147160291671753,0.08579894155263901,2.1081900596618652,0.09306483715772629,1.006851077079773,0.11021536588668823
5,34,3.0601727962493896,0.05133378505706787,4.033416748046875,0.13005739450454712,1.1663947105407715,0.1377326399087906,1.5599266290664673,0.02769605442881584,1.5614593029022217,0.02906971424818039,2.3365318775177,0.10849598050117493,2.331629514694214,0.1059715524315834,0.933498740196228,0.15819692611694336
5,35,3.0627505779266357,0.05368437618017197,3.8954620361328125,0.1463765949010849,1.0938293933868408,0.10580086708068848,1.5591247081756592,0.023695379495620728,1.5636606216430664,0.023983841761946678,2.2341012954711914,0.11156325787305832,2.215789318084717,0.11914600431919098,0.8532178401947021,0.19911694526672363
5,36,3.0344274044036865,0.05769693851470947,3.8816192150115967,0.16414041817188263,1.2106114625930786,0.1675240695476532,1.5401484966278076,0.028856616467237473,1.5456130504608154,0.030304916203022003,2.2755959033966064,0.13650573790073395,2.2352755069732666,0.13763801753520966,0.8548080921173096,0.2035875767469406
5,37,3.0853402614593506,0.04444907605648041,3.848839521408081,0.16677223145961761,1.1169919967651367,0.15011179447174072,1.5641669034957886,0.01780589111149311,1.5703436136245728,0.016641046851873398,2.265864849090576,0.15687644481658936,2.237381935119629,0.1558239459991455,1.072930097579956,0.2143951952457428
5,38,3.0778398513793945,0.039340224117040634,3.8737475872039795,0.1462191492319107,1.1050889492034912,0.10737009346485138,1.5699462890625,0.016436370089650154,1.5762884616851807,0.016025114804506302,2.256040096282959,0.11607307195663452,2.23691987991333,0.11827286332845688,1.026306390762329,0.14578115940093994
5,39,3.0719797611236572,0.057585932314395905,3.9442696571350098,0.16078484058380127,1.1628291606903076,0.16779907047748566,1.5581554174423218,0.026914792135357857,1.562089204788208,0.027741366997361183,2.315234899520874,0.15441906452178955,2.292649269104004,0.15175949037075043,1.0226064920425415,0.2511986196041107
5,40,3.04848051071167,0.07116498053073883,4.047855377197266,0.1396574229001999,1.179328441619873,0.19917012751102448,1.5481648445129395,0.036723822355270386,1.549522042274475,0.03865446895360947,2.348468542098999,0.13728667795658112,2.3408453464508057,0.13344202935695648,0.9104659557342529,0.18511386215686798
5,41,3.0720527172088623,0.044487472623586655,4.0002665519714355,0.2344689816236496,1.2379134893417358,0.2586151659488678,1.553483009338379,0.019254712387919426,1.5569374561309814,0.020489618182182312,2.38150691986084,0.24274711310863495,2.3533363342285156,0.23642629384994507,1.055976390838623,0.26704078912734985
5,42,3.0339345932006836,0.04100044444203377,3.8049302101135254,0.13393233716487885,1.0765893459320068,0.060677748173475266,1.543674349784851,0.019064418971538544,1.5513571500778198,0.01903683692216873,2.1766715049743652,0.09034612029790878,2.1491196155548096,0.09865102171897888,0.858791708946228,0.20431217551231384
5,43,2.9676618576049805,0.09290079772472382,4.16380500793457,0.12047257274389267,1.2926353216171265,0.18773171305656433,1.5145753622055054,0.0532468818128109,1.5131503343582153,0.055602747946977615,2.3977620601654053,0.1124039739370346,2.3953638076782227,0.10957209020853043,0.8102244734764099,0.1540871411561966
5,44,2.9979496002197266,0.08608018606901169,4.258471965789795,0.26781535148620605,1.5066096782684326,0.3510097563266754,1.5176228284835815,0.04141128808259964,1.5154025554656982,0.046031124889850616,2.576979398727417,0.2842499017715454,2.5499212741851807,0.2806051969528198,0.9880603551864624,0.3112187683582306
6,0,2.8464736938476562,0.011334131471812725,4.264492034912109,0.020235756412148476,1.483777642250061,0.022552650421857834,1.463486671447754,0.005254202522337437,1.4550317525863647,0.00492178974673152,2.447815418243408,0.013472356833517551,2.470111846923828,0.015289947390556335,0.7407199144363403,0.030048562213778496
6,1,2.857316017150879,0.011033507995307446,4.266890048980713,0.026754077523946762,1.4708021879196167,0.02807774767279625,1.4618520736694336,0.005617660004645586,1.4530497789382935,0.005132098216563463,2.452357769012451,0.02120261825621128,2.4719998836517334,0.023254243656992912,0.7349407076835632,0.03635448217391968
6,2,2.849560022354126,0.009359661489725113,4.2488112449646,0.01827501878142357,1.4823094606399536,0.020145684480667114,1.4648115634918213,0.004508570767939091,1.4569180011749268,0.004945392720401287,2.4393162727355957,0.011628847569227219,2.459421157836914,0.013922888785600662,0.7405399084091187,0.032580483704805374
6,3,2.8599741458892822,0.00919626746326685,4.255573272705078,0.017810063436627388,1.4605462551116943,0.021863043308258057,1.4642529487609863,0.005832124501466751,1.4554145336151123,0.006376144476234913,2.446317672729492,0.01111048273742199,2.4672935009002686,0.012259311974048615,0.7698969841003418,0.03377775847911835
6,4,2.8604485988616943,0.006805358454585075,4.250089168548584,0.01831020973622799,1.46747624874115,0.024688847362995148,1.4629303216934204,0.005252159666270018,1.4541223049163818,0.0058833761140704155,2.4484496116638184,0.013344651088118553,2.4689056873321533,0.01579124853014946,0.7759361267089844,0.02636040933430195
6,5,2.854297161102295,0.010833718813955784,4.263856410980225,0.0221150703728199,1.4776310920715332,0.021000446751713753,1.4621610641479492,0.0055204108357429504,1.4530296325683594,0.005339158233255148,2.4487814903259277,0.014910000376403332,2.4705448150634766,0.017403174191713333,0.7259670495986938,0.03555106744170189
6,6,2.8565235137939453,0.010720538906753063,4.261312007904053,0.021984798833727837,1.4634804725646973,0.028024427592754364,1.4612572193145752,0.006413866300135851,1.452226996421814,0.0064263842068612576,2.449620246887207,0.01756070926785469,2.471637010574341,0.01879654824733734,0.7741124629974365,0.035697102546691895
6,7,2.862548828125,0.011904358863830566,4.264194965362549,0.031758252531290054,1.4671515226364136,0.04465215280652046,1.4648600816726685,0.007699866313487291,1.456324815750122,0.00860741175711155,2.455582618713379,0.02341369539499283,2.4756057262420654,0.024886155501008034,0.7835370898246765,0.04700017720460892
6,8,2.8474340438842773,0.01536581665277481,4.259189605712891,0.024184975773096085,1.4849716424942017,0.032418593764305115,1.460679054260254,0.00747631024569273,1.4536579847335815,0.00774695398285985,2.4507806301116943,0.01850852183997631,2.469853639602661,0.01921951398253441,0.7992892265319824,0.059230782091617584
6,9,2.8836753368377686,0.025586463510990143,4.257436752319336,0.05239172279834747,1.4243111610412598,0.051715634763240814,1.4690306186676025,0.01249560248106718,1.4600259065628052,0.012857886962592602,2.4490866661071777,0.03698983043432236,2.466353178024292,0.041789863258600235,0.7879448533058167,0.055916424840688705
6,10,2.8685102462768555,0.02362850494682789,4.2412872314453125,0.05584074184298515,1.403853416442871,0.06019648164510727,1.461024284362793,0.012280182912945747,1.4512819051742554,0.011946883983910084,2.434981346130371,0.047514088451862335,2.454338312149048,0.05146104469895363,0.8218209147453308,0.055722080171108246
6,11,2.8506393432617188,0.02236725389957428,4.26613187789917,0.06540640443563461,1.4387720823287964,0.06934785842895508,1.4585893154144287,0.010600820183753967,1.4508085250854492,0.009788320399820805,2.4550580978393555,0.04806552827358246,2.472900629043579,0.052950892597436905,0.8537725806236267,0.06221654266119003
6,12,2.913435697555542,0.033890556544065475,4.128543853759766,0.11340527981519699,1.3414549827575684,0.08118312805891037,1.4780064821243286,0.014258756302297115,1.4743996858596802,0.014838123694062233,2.4048290252685547,0.08007914572954178,2.4012322425842285,0.08424756675958633,0.9684280157089233,0.12468359619379044
6,13,2.8542110919952393,0.03741392493247986,4.259090423583984,0.05727867782115936,1.4436393976211548,0.08660547435283661,1.467232346534729,0.015733905136585236,1.4599506855010986,0.014583527110517025,2.4548447132110596,0.056207701563835144,2.471454381942749,0.0564383827149868,0.9055015444755554,0.12103995680809021
6,14,2.8644847869873047,0.03833192214369774,4.360699653625488,0.19046777486801147,1.7226953506469727,0.24943453073501587,1.4580810070037842,0.013527731411159039,1.457212209701538,0.01614503562450409,2.6378118991851807,0.19129781424999237,2.6533091068267822,0.1957077533006668,1.020407795906067,0.2981066405773163
6,15,2.9373953342437744,0.05715877190232277,4.5158867835998535,0.24643848836421967,2.32688045501709,0.39828652143478394,1.4783798456192017,0.016759298741817474,1.484866976737976,0.01880958303809166,3.0637576580047607,0.3158773183822632,3.083803653717041,0.3244471251964569,1.6873124837875366,0.5753598213195801
6,16,2.899845838546753,0.06250452250242233,4.480946063995361,0.19701117277145386,2.181671380996704,0.43526530265808105,1.463791012763977,0.019992442801594734,1.469247579574585,0.020500868558883667,2.9746146202087402,0.32398465275764465,2.9935576915740967,0.32607364654541016,1.6547077894210815,0.6235899329185486
6,17,2.859271287918091,0.04922828450798988,4.500953674316406,0.23997414112091064,1.894383430480957,0.40365999937057495,1.4676743745803833,0.024325843900442123,1.4694863557815552,0.02153794653713703,2.788761615753174,0.3184962272644043,2.815242052078247,0.3231695294380188,1.1634187698364258,0.4927029013633728
6,18,2.895582914352417,0.04443030059337616,4.534144401550293,0.22299787402153015,2.1381068229675293,0.37268778681755066,1.4752132892608643,0.01357108261436224,1.480222225189209,0.014235490933060646,2.935584306716919,0.28846386075019836,2.961648464202881,0.2952175438404083,1.3482203483581543,0.4990675747394562
6,19,2.8343520164489746,0.0696263313293457,4.538133144378662,0.21074920892715454,1.9558181762695312,0.37115657329559326,1.4520546197891235,0.034092482179403305,1.4566137790679932,0.031091712415218353,2.8209388256073,0.2771087884902954,2.855158805847168,0.28170469403266907,1.1430474519729614,0.41428714990615845
6,20,2.9134340286254883,0.08138805627822876,4.311634540557861,0.14818865060806274,1.4929094314575195,0.24302202463150024,1.4872817993164062,0.04145871847867966,1.4835755825042725,0.03677204251289368,2.526381254196167,0.1624605655670166,2.5519351959228516,0.16466160118579865,0.8717066049575806,0.2171446979045868
6,21,2.8878073692321777,0.060478854924440384,4.419930458068848,0.1886262446641922,1.7246824502944946,0.3814027011394501,1.4723817110061646,0.031109793111681938,1.4713984727859497,0.02692929282784462,2.6768767833709717,0.2819327712059021,2.7004928588867188,0.28349199891090393,1.025464653968811,0.4547533690929413
6,22,2.921332597732544,0.09250996261835098,4.57966423034668,0.3853782117366791,1.8703652620315552,0.5503774285316467,1.4858583211898804,0.04482338950037956,1.4842424392700195,0.041501037776470184,2.860330104827881,0.45067253708839417,2.8864831924438477,0.4584963023662567,1.2961337566375732,0.572442352771759
6,23,3.0616893768310547,0.03809446468949318,4.289768695831299,0.31996381282806396,1.521754264831543,0.368965744972229,1.5603214502334595,0.01868954859673977,1.5583256483078003,0.01765654794871807,2.6458542346954346,0.3351220190525055,2.6589887142181396,0.3427789509296417,1.2787501811981201,0.3622530996799469
6,24,3.0224428176879883,0.052430614829063416,4.361728191375732,0.29656049609184265,1.576398491859436,0.3825220763683319,1.5382002592086792,0.02389795333147049,1.5351982116699219,0.023083234205842018,2.681950569152832,0.33882802724838257,2.6898865699768066,0.3449634313583374,1.245210886001587,0.42537692189216614
6,25,3.0028388500213623,0.039402566850185394,4.17453145980835,0.27301841974258423,1.6597026586532593,0.33960777521133423,1.5164570808410645,0.022597037255764008,1.5226516723632812,0.02083255723118782,2.67844820022583,0.28792864084243774,2.6806366443634033,0.2919136881828308,1.5803886651992798,0.39210572838783264
6,26,3.033902645111084,0.04753429815173149,4.143465042114258,0.23612990975379944,1.3802521228790283,0.2950245141983032,1.5453883409500122,0.02130764350295067,1.543594241142273,0.020890744403004646,2.508596897125244,0.26783981919288635,2.5083937644958496,0.2714819610118866,1.2348201274871826,0.3349333107471466
6,27,3.022109031677246,0.04330482706427574,4.037615776062012,0.1368478536605835,1.1698321104049683,0.1378224790096283,1.5455138683319092,0.023229340091347694,1.5374541282653809,0.02203955687582493,2.320168972015381,0.13061723113059998,2.3251118659973145,0.13247732818126678,0.8896450996398926,0.20817618072032928
6,28,3.0695981979370117,0.04234998673200607,4.25203275680542,0.2662224769592285,1.3912335634231567,0.3629890978336334,1.5596911907196045,0.0247650109231472,1.5539077520370483,0.0230418648570776,2.574815034866333,0.3115364611148834,2.586676597595215,0.313671737909317,1.2001829147338867,0.38129401206970215
6,29,3.086289644241333,0.042127612978219986,4.032888889312744,0.238320991396904,1.2787853479385376,0.26342102885246277,1.5676302909851074,0.020360564813017845,1.5666687488555908,0.01921865902841091,2.429929494857788,0.2609572410583496,2.434180498123169,0.26559165120124817,1.1394919157028198,0.3347640931606293
6,30,3.0618386268615723,0.0408359132707119,4.115351676940918,0.26706206798553467,1.349945068359375,0.3192395269870758,1.5552366971969604,0.02639051526784897,1.554076075553894,0.023094411939382553,2.4940202236175537,0.26845645904541016,2.500744342803955,0.27478888630867004,1.1904696226119995,0.2700966000556946
6,31,3.0574700832366943,0.0397188775241375,4.132338523864746,0.26375409960746765,1.2798049449920654,0.30529993772506714,1.552527666091919,0.021289726719260216,1.5468192100524902,0.019429532811045647,2.4762473106384277,0.2728244364261627,2.480290412902832,0.27601274847984314,1.2099041938781738,0.2800396680831909
6,32,3.0473897457122803,0.044385988265275955,3.869582414627075,0.18095920979976654,1.185620903968811,0.15097177028656006,1.554231882095337,0.02362058125436306,1.5548453330993652,0.020124096423387527,2.3021156787872314,0.1502295285463333,2.3000364303588867,0.15379497408866882,1.1117135286331177,0.2214561402797699
6,33,3.013685703277588,0.039838969707489014,3.8853490352630615,0.17290973663330078,1.258277177810669,0.15844373404979706,1.5343250036239624,0.025864146649837494,1.5375382900238037,0.022189946845173836,2.330761194229126,0.12160200625658035,2.3273448944091797,0.12638960778713226,1.126268744468689,0.18529291450977325
6,34,3.044099807739258,0.05247579142451286,4.150787830352783,0.19571083784103394,1.2391307353973389,0.2336176633834839,1.5579050779342651,0.029712559655308723,1.5480331182479858,0.0267691258341074,2.4216058254241943,0.18976321816444397,2.437917709350586,0.19368602335453033,0.9793052673339844,0.19865228235721588
6,35,3.0525317192077637,0.05607705935835838,4.034730911254883,0.17010824382305145,1.177628755569458,0.17574456334114075,1.5608776807785034,0.026497865095734596,1.5543795824050903,0.024135461077094078,2.339512825012207,0.1640528440475464,2.350520372390747,0.1680372953414917,0.9275395274162292,0.23730631172657013
6,36,3.0068161487579346,0.05567946285009384,4.21145486831665,0.2014613002538681,1.4493088722229004,0.2612324059009552,1.529389500617981,0.030615786090493202,1.5307315587997437,0.028509484604001045,2.536623477935791,0.2156211882829666,2.54914927482605,0.22083649039268494,1.0647615194320679,0.2945696711540222
6,37,3.0727529525756836,0.04482634738087654,4.095902919769287,0.25937342643737793,1.2994838953018188,0.2987252473831177,1.5633641481399536,0.02067689225077629,1.5595066547393799,0.019271766766905785,2.4760851860046387,0.28061503171920776,2.4808640480041504,0.2843484580516815,1.2426429986953735,0.3416064977645874
6,38,3.0628976821899414,0.04249473661184311,4.045370101928711,0.2011052966117859,1.2054558992385864,0.20122654736042023,1.5676862001419067,0.02166367508471012,1.5624518394470215,0.02043096348643303,2.3904292583465576,0.1885693520307541,2.397138833999634,0.19266916811466217,1.1202270984649658,0.21000967919826508
6,39,3.0558364391326904,0.05776328593492508,4.176106929779053,0.2573776841163635,1.360903263092041,0.3226451873779297,1.553703784942627,0.029214845970273018,1.548924446105957,0.02777784876525402,2.523639440536499,0.2868790626525879,2.5317113399505615,0.29012250900268555,1.212759256362915,0.3844032883644104
6,40,3.0338563919067383,0.07014697790145874,4.197547912597656,0.23029989004135132,1.2741693258285522,0.3176070749759674,1.5474798679351807,0.039914246648550034,1.5378459692001343,0.03521893545985222,2.460034132003784,0.2414918690919876,2.478205442428589,0.2455456256866455,0.9975438714027405,0.26286908984184265
6,41,3.0545105934143066,0.04328429698944092,4.262442111968994,0.3520531952381134,1.445976734161377,0.4191107153892517,1.5506455898284912,0.020895501598715782,1.5464195013046265,0.019888773560523987,2.603430986404419,0.37986382842063904,2.6123781204223633,0.38531386852264404,1.248396873474121,0.4313478469848633
6,42,3.0172982215881348,0.04523161053657532,3.934222936630249,0.13753579556941986,1.126379132270813,0.09117474406957626,1.5379164218902588,0.02224211022257805,1.5336418151855469,0.021135931834578514,2.27201247215271,0.11328476667404175,2.26955509185791,0.11514951288700104,0.9550595283508301,0.2244114875793457
6,43,2.967632532119751,0.07753665745258331,4.222660064697266,0.1624271273612976,1.3186955451965332,0.22933268547058105,1.516982913017273,0.04656199738383293,1.5077136754989624,0.04248856008052826,2.432361602783203,0.164857417345047,2.4550466537475586,0.1670629233121872,0.8199922442436218,0.1979627162218094
6,44,2.9791862964630127,0.06896638125181198,4.518335342407227,0.33441975712776184,1.7008360624313354,0.4394402801990509,1.5111240148544312,0.035682279616594315,1.5090768337249756,0.03370478376746178,2.7787845134735107,0.3691738545894623,2.8010318279266357,0.3751615285873413,1.1638141870498657,0.43445202708244324
7,0,2.839358329772949,0.011824635788798332,4.22361421585083,0.020439717918634415,1.4446990489959717,0.020307505503296852,1.4701958894729614,0.005756255704909563,1.456658124923706,0.0062019191682338715,2.4051473140716553,0.01128992810845375,2.4039690494537354,0.012834741733968258,0.6832888126373291,0.0424695685505867
7,1,2.848994731903076,0.013007979840040207,4.228679656982422,0.024551810696721077,1.4361045360565186,0.025033777579665184,1.471657395362854,0.006672905292361975,1.4581236839294434,0.00740406196564436,2.408612012863159,0.01940843276679516,2.406886100769043,0.021319035440683365,0.6723602414131165,0.040454234927892685
7,2,2.8478429317474365,0.00999162346124649,4.212862968444824,0.018041176721453667,1.4477304220199585,0.023107636719942093,1.4769008159637451,0.0050330436788499355,1.4655224084854126,0.005824038293212652,2.4005167484283447,0.011696659959852695,2.39522647857666,0.013093853369355202,0.6870878338813782,0.040354471653699875
7,3,2.8511533737182617,0.009807278402149677,4.2206926345825195,0.015624993480741978,1.4314631223678589,0.020091837272047997,1.4748120307922363,0.005727461073547602,1.4637550115585327,0.00674156891182065,2.408034563064575,0.01029960997402668,2.4019062519073486,0.011248916387557983,0.722867488861084,0.04147602245211601
7,4,2.8583223819732666,0.008556541055440903,4.214773178100586,0.01714005134999752,1.4381003379821777,0.024558696895837784,1.4775938987731934,0.005937070120126009,1.465864896774292,0.007394935470074415,2.4059793949127197,0.010837975889444351,2.401392698287964,0.013035019859671593,0.6968653202056885,0.028314542025327682
7,5,2.8471360206604004,0.012853851541876793,4.221262454986572,0.023148393258452415,1.4358693361282349,0.021057341247797012,1.4701354503631592,0.007362816948443651,1.456356167793274,0.008154338225722313,2.4019784927368164,0.015398235991597176,2.4019320011138916,0.01648951694369316,0.6611350774765015,0.04580531269311905
7,6,2.857482671737671,0.01041457336395979,4.2243804931640625,0.018219294026494026,1.425512671470642,0.023156119510531425,1.4747052192687988,0.007210367824882269,1.4622490406036377,0.00856204703450203,2.4077179431915283,0.014265153557062149,2.4072601795196533,0.015963705256581306,0.701880693435669,0.03721816465258598
7,7,2.858259916305542,0.014599386602640152,4.217719554901123,0.034170787781476974,1.430876612663269,0.041804105043411255,1.476946234703064,0.008970703929662704,1.4661871194839478,0.010572003200650215,2.4102272987365723,0.02073594555258751,2.4046595096588135,0.022292179986834526,0.7264294624328613,0.06556078046560287
7,8,2.8458452224731445,0.01258153561502695,4.212732791900635,0.020454339683055878,1.4411228895187378,0.0330817885696888,1.4729681015014648,0.007465445902198553,1.4629311561584473,0.008484235033392906,2.403254747390747,0.015354709699749947,2.3941168785095215,0.01625305786728859,0.7196733951568604,0.0594291090965271
7,9,2.8674795627593994,0.02426917478442192,4.200467109680176,0.04878576844930649,1.3915200233459473,0.04290821775794029,1.4729492664337158,0.010348535142838955,1.4617211818695068,0.011282183229923248,2.394782066345215,0.03262743353843689,2.3941047191619873,0.029051650315523148,0.7194891571998596,0.06659819930791855
7,10,2.8548498153686523,0.025146253407001495,4.2036662101745605,0.05403658375144005,1.3715606927871704,0.05843937024474144,1.4686577320098877,0.012440248392522335,1.4571373462677002,0.013646482490003109,2.390957832336426,0.048907049000263214,2.391573905944824,0.04992552846670151,0.7696546912193298,0.06627305597066879
7,11,2.8394381999969482,0.02562977932393551,4.226313591003418,0.06617934256792068,1.4064041376113892,0.06656157225370407,1.4646207094192505,0.013145802542567253,1.4532194137573242,0.013671224005520344,2.413259506225586,0.051599111407995224,2.4150466918945312,0.05337667092680931,0.7939196825027466,0.07756629586219788
7,12,2.889941692352295,0.03062952309846878,4.088115215301514,0.0954790934920311,1.3305937051773071,0.08293179422616959,1.4764533042907715,0.012476038187742233,1.4705002307891846,0.0135275237262249,2.3498120307922363,0.06987275183200836,2.3609251976013184,0.07002249360084534,0.8518388867378235,0.12767519056797028
7,13,2.8652477264404297,0.02518359199166298,4.215680122375488,0.04990508407354355,1.3901622295379639,0.07877938449382782,1.4840513467788696,0.012089177966117859,1.475286602973938,0.012938988395035267,2.403022050857544,0.05314300209283829,2.4058799743652344,0.05401798337697983,0.7999020218849182,0.10349738597869873
7,14,2.858098030090332,0.036303285509347916,4.334366798400879,0.1956075131893158,1.7100632190704346,0.29131677746772766,1.4641938209533691,0.013721104711294174,1.4569106101989746,0.01531698927283287,2.6217856407165527,0.21830953657627106,2.630913496017456,0.22926366329193115,1.0197150707244873,0.3498624265193939
7,15,2.9109647274017334,0.04996146634221077,4.481075763702393,0.23116877675056458,2.388756513595581,0.46955952048301697,1.4694867134094238,0.013593634590506554,1.466765284538269,0.014117059297859669,3.079896926879883,0.3471595048904419,3.1181342601776123,0.36167219281196594,1.7412039041519165,0.6733527183532715
7,16,2.89762806892395,0.05219445750117302,4.469167709350586,0.19433856010437012,2.2342023849487305,0.5253065824508667,1.4632503986358643,0.017023269087076187,1.4627418518066406,0.015527374111115932,2.999452829360962,0.3739246428012848,3.035478115081787,0.3848299980163574,1.7049391269683838,0.746885359287262
7,17,2.852797746658325,0.0454920157790184,4.463315010070801,0.24411648511886597,1.8744186162948608,0.43846768140792847,1.4723358154296875,0.023776037618517876,1.4675079584121704,0.022270090878009796,2.7512967586517334,0.3429732620716095,2.7867958545684814,0.3535398542881012,1.1138548851013184,0.5485153198242188
7,18,2.8760716915130615,0.04033834859728813,4.488982677459717,0.21473748981952667,2.109768867492676,0.42796459794044495,1.4742231369018555,0.014831789769232273,1.4700742959976196,0.014164364896714687,2.8884432315826416,0.3169618248939514,2.9275972843170166,0.3293133080005646,1.2641899585723877,0.5696905255317688
7,19,2.822561264038086,0.07062318176031113,4.4798197746276855,0.2271997630596161,1.9054930210113525,0.3938130736351013,1.4576201438903809,0.03386617824435234,1.455275058746338,0.03331338241696358,2.7520816326141357,0.2984439432621002,2.801175832748413,0.30747509002685547,1.0533465147018433,0.4508683681488037
7,20,2.9236996173858643,0.07675673067569733,4.2668609619140625,0.16955441236495972,1.449175238609314,0.26629501581192017,1.4987579584121704,0.03556745499372482,1.4948424100875854,0.03610870987176895,2.4729552268981934,0.1908789426088333,2.5104804039001465,0.19478675723075867,0.7965105175971985,0.2402321845293045
7,21,2.8906126022338867,0.0537617951631546,4.368106365203857,0.1926785111427307,1.6832889318466187,0.4205542504787445,1.4796757698059082,0.027821527794003487,1.4744551181793213,0.026272065937519073,2.6266417503356934,0.3082679808139801,2.6591200828552246,0.31567203998565674,0.9732609391212463,0.5117016434669495
7,22,2.9134442806243896,0.0929664894938469,4.5336222648620605,0.3649153411388397,1.819433331489563,0.5615900158882141,1.4864290952682495,0.04220078885555267,1.4845205545425415,0.04280252009630203,2.7966253757476807,0.4472939670085907,2.839803457260132,0.4552253186702728,1.1665741205215454,0.5891657471656799
7,23,3.022240400314331,0.045290280133485794,4.275047302246094,0.30101290345191956,1.557769775390625,0.39430293440818787,1.5387115478515625,0.021516846492886543,1.5442646741867065,0.022355394437909126,2.620978355407715,0.3430277109146118,2.6652209758758545,0.3459421396255493,1.1791609525680542,0.3834269642829895
7,24,2.988283157348633,0.04974055662751198,4.318943977355957,0.26699110865592957,1.5602607727050781,0.38350310921669006,1.525111198425293,0.021277964115142822,1.525610327720642,0.023504197597503662,2.6147284507751465,0.32720986008644104,2.642911911010742,0.332933247089386,1.0759626626968384,0.3990713655948639
7,25,2.921682357788086,0.04309966787695885,4.205427646636963,0.23566223680973053,1.811234712600708,0.36545565724372864,1.4789161682128906,0.027063708752393723,1.4865918159484863,0.02648930996656418,2.707346200942993,0.2806248366832733,2.762052536010742,0.28772154450416565,1.5344629287719727,0.43020614981651306
7,26,2.9937829971313477,0.0432002916932106,4.136847019195557,0.21196863055229187,1.4174256324768066,0.3132688105106354,1.527842402458191,0.019326630979776382,1.5315099954605103,0.020412271842360497,2.475537061691284,0.2674681842327118,2.507493257522583,0.2718604505062103,1.0851022005081177,0.341997891664505
7,27,3.013995409011841,0.042494647204875946,4.0079522132873535,0.13673533499240875,1.1394908428192139,0.14792418479919434,1.5393171310424805,0.018990347161889076,1.538600206375122,0.021010547876358032,2.2524611949920654,0.1350921094417572,2.2867918014526367,0.13429078459739685,0.735396146774292,0.17463453114032745
7,28,3.0429940223693848,0.03941934555768967,4.236679553985596,0.2605679929256439,1.3946633338928223,0.3799169063568115,1.5435023307800293,0.021084941923618317,1.5473284721374512,0.022273531183600426,2.5299489498138428,0.3220634460449219,2.569969892501831,0.3230244517326355,1.0571991205215454,0.3731970191001892
7,29,3.037036657333374,0.041928838938474655,4.066056728363037,0.2531348764896393,1.3660180568695068,0.3174433410167694,1.5404868125915527,0.020388564094901085,1.5492130517959595,0.02075018733739853,2.4407172203063965,0.29652613401412964,2.492144823074341,0.2966756224632263,1.0521637201309204,0.35935646295547485
7,30,3.006486415863037,0.052167858928442,4.149904251098633,0.28015875816345215,1.4541163444519043,0.38336190581321716,1.528125286102295,0.028878089040517807,1.534817099571228,0.029065510258078575,2.508420467376709,0.3096776008605957,2.55692195892334,0.3148077726364136,1.103440761566162,0.3332938551902771
7,31,3.026618003845215,0.042323797941207886,4.125452995300293,0.25081759691238403,1.304893136024475,0.3227611780166626,1.534665584564209,0.02092587947845459,1.5387948751449585,0.021351845934987068,2.4385597705841064,0.28091946244239807,2.477159261703491,0.2815823554992676,1.0614416599273682,0.2967568337917328
7,32,2.9927175045013428,0.05490764603018761,3.895798921585083,0.18262365460395813,1.2732869386672974,0.20564211905002594,1.52669358253479,0.027985988184809685,1.5339934825897217,0.02750684879720211,2.3051252365112305,0.1746845841407776,2.35410737991333,0.17607973515987396,1.0293259620666504,0.25234174728393555
7,33,2.9457626342773438,0.05352788791060448,3.9465997219085693,0.1715606451034546,1.3831173181533813,0.23210375010967255,1.5033537149429321,0.030646296218037605,1.509178638458252,0.030485689640045166,2.3601033687591553,0.16027824580669403,2.409304618835449,0.16694092750549316,1.0476021766662598,0.24396853148937225
7,34,3.034320592880249,0.05592212826013565,4.124330997467041,0.22227145731449127,1.212420105934143,0.27454420924186707,1.5471892356872559,0.026246218010783195,1.5472828149795532,0.027117444202303886,2.3649704456329346,0.22600950300693512,2.406264305114746,0.22764743864536285,0.865241527557373,0.20328903198242188
7,35,3.0328595638275146,0.05979779735207558,4.007401466369629,0.1898423284292221,1.1681208610534668,0.220896378159523,1.5471856594085693,0.02442319132387638,1.5498414039611816,0.025736577808856964,2.285396099090576,0.19364410638809204,2.329730749130249,0.19459113478660583,0.8151555061340332,0.2280205935239792
7,36,2.955519437789917,0.05891652777791023,4.237533092498779,0.20746688544750214,1.5403369665145874,0.30712172389030457,1.509577989578247,0.029033605009317398,1.5125808715820312,0.03105110302567482,2.550290584564209,0.24042735993862152,2.5972704887390137,0.24700623750686646,1.0168424844741821,0.32007983326911926
7,37,3.0325393676757812,0.04777936637401581,4.101302146911621,0.24523048102855682,1.3370802402496338,0.315684050321579,1.5408034324645996,0.020195752382278442,1.5463800430297852,0.020969713106751442,2.4498839378356934,0.2856920659542084,2.4916985034942627,0.28538769483566284,1.1067595481872559,0.344649076461792
7,38,3.0348587036132812,0.04473947361111641,4.045048713684082,0.19353283941745758,1.2185920476913452,0.22219456732273102,1.5499240159988403,0.020506778731942177,1.5543524026870728,0.021799005568027496,2.348616123199463,0.20005381107330322,2.3884506225585938,0.20081329345703125,0.9605308771133423,0.2205016016960144
7,39,3.029221534729004,0.062080372124910355,4.182330131530762,0.26495161652565,1.3876214027404785,0.3556378185749054,1.539101004600525,0.02755526825785637,1.5428773164749146,0.029324090108275414,2.5025322437286377,0.3067847788333893,2.543170928955078,0.3078775405883789,1.099339246749878,0.38088226318359375
7,40,3.023961067199707,0.06922734528779984,4.198531627655029,0.26564210653305054,1.2761424779891968,0.36447152495384216,1.537131667137146,0.0336422435939312,1.5368324518203735,0.03478122502565384,2.429734230041504,0.2863767743110657,2.4728875160217285,0.2893880009651184,0.8981677889823914,0.28198227286338806
7,41,3.0241925716400146,0.04371069371700287,4.251710891723633,0.3279629647731781,1.4582114219665527,0.41851338744163513,1.5338339805603027,0.020243151113390923,1.5371177196502686,0.021142594516277313,2.566530704498291,0.3716432750225067,2.605753183364868,0.37186482548713684,1.1157193183898926,0.40572991967201233
7,42,2.9898645877838135,0.045118700712919235,3.935842990875244,0.12516993284225464,1.1450319290161133,0.11114031076431274,1.5255573987960815,0.019183412194252014,1.5268925428390503,0.021073145791888237,2.2346408367156982,0.1136404275894165,2.2722959518432617,0.11266246438026428,0.8141684532165527,0.20376704633235931
7,43,2.9642977714538574,0.07114122807979584,4.196897983551025,0.1920872926712036,1.2966797351837158,0.2599814534187317,1.5158500671386719,0.03647150099277496,1.5113143920898438,0.038467347621917725,2.3932790756225586,0.19783581793308258,2.428530693054199,0.19960404932498932,0.7727372646331787,0.2032090276479721
7,44,2.9494192600250244,0.06496565788984299,4.504135608673096,0.3122296929359436,1.718350887298584,0.44417932629585266,1.501442313194275,0.031188176944851875,1.500545620918274,0.03324076160788536,2.7541069984436035,0.36272069811820984,2.7934939861297607,0.3677767217159271,1.0800741910934448,0.4226858615875244
8,0,2.84407114982605,0.010308626107871532,4.209897994995117,0.01580420881509781,1.4649025201797485,0.023139122873544693,1.4617379903793335,0.005594426300376654,1.4638437032699585,0.0054863677360117435,2.4127209186553955,0.009731166064739227,2.413025379180908,0.011643726378679276,0.7032192945480347,0.029026081785559654
8,1,2.858475923538208,0.010465064086019993,4.203035354614258,0.021808093413710594,1.4531177282333374,0.030310526490211487,1.4660766124725342,0.005442738067358732,1.4677786827087402,0.0054065389558672905,2.4106996059417725,0.019712431356310844,2.4094834327697754,0.02096565067768097,0.6761948466300964,0.03752175346016884
8,2,2.8413259983062744,0.008268858306109905,4.203102111816406,0.015065164305269718,1.4749876260757446,0.02296546660363674,1.4597172737121582,0.004903275985270739,1.4629327058792114,0.00482645258307457,2.4109694957733154,0.009214985184371471,2.409716844558716,0.010860323905944824,0.7059175372123718,0.027330825105309486
8,3,2.851097822189331,0.007646574638783932,4.203876495361328,0.016022615134716034,1.4524824619293213,0.021480325609445572,1.459720492362976,0.005370656494051218,1.463171362876892,0.005467557813972235,2.41508150100708,0.009972401894629002,2.412438154220581,0.011208334006369114,0.7278210520744324,0.0332164503633976
8,4,2.8546721935272217,0.007577915210276842,4.198017120361328,0.01400040928274393,1.4601378440856934,0.024491015821695328,1.4601227045059204,0.0053119356743991375,1.4639875888824463,0.005377084948122501,2.418574810028076,0.010147460736334324,2.4153153896331787,0.011533522978425026,0.7327399253845215,0.027343157678842545
8,5,2.854605197906494,0.008323955349624157,4.208410263061523,0.018648922443389893,1.466138482093811,0.023631438612937927,1.4645428657531738,0.004845449700951576,1.4656639099121094,0.005071699153631926,2.4132425785064697,0.011648832820355892,2.4160454273223877,0.013375885784626007,0.6699221730232239,0.033325813710689545
8,6,2.8521153926849365,0.008621197193861008,4.202552318572998,0.017982834950089455,1.4483639001846313,0.02899727039039135,1.4594310522079468,0.005185701418668032,1.4623128175735474,0.005746164824813604,2.412327766418457,0.014810570515692234,2.4119369983673096,0.015717236325144768,0.7192410230636597,0.030067233368754387
8,7,2.858976125717163,0.011303292587399483,4.207029342651367,0.03202705457806587,1.452406883239746,0.047136109322309494,1.4632694721221924,0.007071486674249172,1.4667996168136597,0.0073226578533649445,2.4209370613098145,0.018328644335269928,2.417229652404785,0.018644187599420547,0.7388956546783447,0.05091915652155876
8,8,2.8481485843658447,0.013131310231983662,4.212385654449463,0.021570710465312004,1.4759820699691772,0.038997627794742584,1.4631210565567017,0.007012904621660709,1.4666986465454102,0.007145461160689592,2.4164466857910156,0.015216678380966187,2.4144370555877686,0.015537369064986706,0.7129391431808472,0.04449201375246048
8,9,2.889026403427124,0.024384163320064545,4.202435493469238,0.042709823697805405,1.411521553993225,0.04792207106947899,1.47526216506958,0.012255406938493252,1.4768166542053223,0.012053274549543858,2.413334369659424,0.03148728981614113,2.4100890159606934,0.03234315663576126,0.7068827152252197,0.05965598300099373
8,10,2.8648221492767334,0.018879571929574013,4.192566394805908,0.048387471586465836,1.3958653211593628,0.049368664622306824,1.4551420211791992,0.009539726190268993,1.4594753980636597,0.01018135529011488,2.410841941833496,0.041230231523513794,2.4095535278320312,0.043336041271686554,0.7875730991363525,0.04658486321568489
8,11,2.8574864864349365,0.019114123657345772,4.229065418243408,0.0591818206012249,1.4178647994995117,0.06252004206180573,1.4603902101516724,0.009034773334860802,1.4632035493850708,0.009948471561074257,2.4329183101654053,0.04731288552284241,2.434109926223755,0.04915875196456909,0.8147873878479004,0.07079948484897614
8,12,2.9164786338806152,0.02896505407989025,4.112137317657471,0.09952861070632935,1.357192873954773,0.07942596077919006,1.4778882265090942,0.012545042671263218,1.4822906255722046,0.012879747897386551,2.3971781730651855,0.07266131788492203,2.388460636138916,0.07435034960508347,0.9169663190841675,0.13546909391880035
8,13,2.8691375255584717,0.020099101588129997,4.198380470275879,0.0535162016749382,1.4124988317489624,0.08629073947668076,1.468045711517334,0.0103071928024292,1.4726976156234741,0.010794919915497303,2.4195499420166016,0.053340040147304535,2.42085337638855,0.053906723856925964,0.8428972363471985,0.10269106179475784
8,14,2.8727834224700928,0.036380376666784286,4.297350883483887,0.2104751020669937,1.7371318340301514,0.2963106334209442,1.460517406463623,0.014314903877675533,1.4602181911468506,0.013824136927723885,2.628281354904175,0.21599268913269043,2.630580425262451,0.22131168842315674,0.9832268357276917,0.33950427174568176
8,15,2.9238193035125732,0.05001886561512947,4.339166641235352,0.221026211977005,2.3306868076324463,0.42547616362571716,1.4814549684524536,0.016898183152079582,1.4720252752304077,0.01237396989017725,3.00001859664917,0.29885849356651306,3.0099620819091797,0.3004371225833893,1.6201552152633667,0.6009789109230042
8,16,2.894645929336548,0.049349457025527954,4.354997158050537,0.18979550898075104,2.2083871364593506,0.49551376700401306,1.4605555534362793,0.017928948625922203,1.4555476903915405,0.015633350238204002,2.9462954998016357,0.33503180742263794,2.957841396331787,0.3332478404045105,1.6348551511764526,0.6751189827919006
8,17,2.8706002235412598,0.03844849765300751,4.352248191833496,0.2091142237186432,1.7900744676589966,0.39703142642974854,1.4719364643096924,0.01752472296357155,1.4719914197921753,0.019179247319698334,2.675919532775879,0.2969360947608948,2.6907455921173096,0.30024969577789307,1.0196211338043213,0.4538821876049042
8,18,2.888867139816284,0.03588739037513733,4.34984016418457,0.18686287105083466,2.026531934738159,0.3864968717098236,1.4781157970428467,0.011505832895636559,1.4747369289398193,0.011420096270740032,2.7992727756500244,0.26691657304763794,2.814760208129883,0.27023810148239136,1.16387140750885,0.4977373480796814
8,19,2.8474936485290527,0.05528481677174568,4.289280891418457,0.1730567365884781,1.7107669115066528,0.3236399292945862,1.4574047327041626,0.024557102471590042,1.4602400064468384,0.025809448212385178,2.5894060134887695,0.22965243458747864,2.613340139389038,0.23323453962802887,0.8671656250953674,0.3109200596809387
8,20,2.916018486022949,0.05933854728937149,4.146740913391113,0.12397052347660065,1.374672532081604,0.2117360383272171,1.4778026342391968,0.02803555503487587,1.4811054468154907,0.02823554538190365,2.405290126800537,0.13773560523986816,2.419151782989502,0.14220093190670013,0.7904145121574402,0.19295209646224976
8,21,2.8882765769958496,0.04364515841007233,4.272695541381836,0.15788404643535614,1.6276973485946655,0.3789220452308655,1.466728687286377,0.020031504333019257,1.4680653810501099,0.02131619118154049,2.5672662258148193,0.2661753296852112,2.5802080631256104,0.2686431109905243,0.9096401333808899,0.4235524833202362
8,22,2.9243907928466797,0.0644657239317894,4.382193088531494,0.3311340808868408,1.6646255254745483,0.4561982750892639,1.4800300598144531,0.028660709038376808,1.481076955795288,0.030280454084277153,2.6641478538513184,0.37123674154281616,2.6806299686431885,0.376510351896286,0.98150634765625,0.3840080499649048
8,23,3.022428512573242,0.032580893486738205,4.143405914306641,0.2481156438589096,1.3902822732925415,0.27517980337142944,1.5356340408325195,0.018222717568278313,1.5387377738952637,0.018953969702124596,2.4914519786834717,0.2455213963985443,2.4940173625946045,0.25297948718070984,1.0299460887908936,0.20531627535820007
8,24,2.9886105060577393,0.03996177390217781,4.194454193115234,0.2270575314760208,1.4761062860488892,0.2810631990432739,1.5162315368652344,0.018819712102413177,1.5198558568954468,0.0190769974142313,2.538463830947876,0.24556006491184235,2.534071445465088,0.25245609879493713,1.0674355030059814,0.2821332812309265
8,25,2.9660990238189697,0.033517882227897644,4.11574125289917,0.22267892956733704,1.569325566291809,0.28342729806900024,1.5002658367156982,0.020623691380023956,1.5048249959945679,0.02103152498602867,2.571883201599121,0.22797292470932007,2.5778489112854004,0.23072396218776703,1.3214246034622192,0.3109901547431946
8,26,3.005678653717041,0.035005223006010056,4.059948921203613,0.16098321974277496,1.3148467540740967,0.20931950211524963,1.5275613069534302,0.01833479478955269,1.5324134826660156,0.018107566982507706,2.414668321609497,0.18246296048164368,2.408466100692749,0.18518105149269104,1.0634156465530396,0.21588213741779327
8,27,2.9921820163726807,0.03235319256782532,3.9550464153289795,0.10905306041240692,1.1697900295257568,0.10170122981071472,1.5167709589004517,0.019497433677315712,1.5243897438049316,0.01873878389596939,2.275268793106079,0.10107855498790741,2.26550030708313,0.10311666876077652,0.9082069993019104,0.1859857439994812
8,28,3.0136890411376953,0.03761088103055954,4.116105556488037,0.19096295535564423,1.3177850246429443,0.26365599036216736,1.5230610370635986,0.023135973140597343,1.5267515182495117,0.022832905873656273,2.4531545639038086,0.21846044063568115,2.4562337398529053,0.2217494249343872,1.0545214414596558,0.22651033103466034
8,29,3.0364694595336914,0.03236328065395355,3.898855686187744,0.1871824413537979,1.1934372186660767,0.19163821637630463,1.5409878492355347,0.017357591539621353,1.5463783740997314,0.017426667734980583,2.300239086151123,0.19361376762390137,2.2958147525787354,0.19807100296020508,0.9700331687927246,0.22452965378761292
8,30,3.013369083404541,0.03889340162277222,3.988342523574829,0.19737130403518677,1.2645035982131958,0.2290957272052765,1.5296211242675781,0.02355285733938217,1.5342563390731812,0.023758836090564728,2.3684418201446533,0.18421071767807007,2.3672358989715576,0.19132789969444275,1.0220900774002075,0.16375146806240082
8,31,3.018162727355957,0.032131608575582504,4.056988716125488,0.20249368250370026,1.2377852201461792,0.22707803547382355,1.5228838920593262,0.019675441086292267,1.526739478111267,0.019590020179748535,2.3997275829315186,0.19634878635406494,2.3994011878967285,0.20101101696491241,1.0937294960021973,0.1638074666261673
8,32,3.0195484161376953,0.03381948545575142,3.806403875350952,0.1568361520767212,1.1505175828933716,0.1135827898979187,1.5385249853134155,0.01805068925023079,1.544909954071045,0.01790807954967022,2.2334048748016357,0.11556422710418701,2.224165439605713,0.12018100917339325,0.9972336292266846,0.1697186529636383
8,33,2.984999418258667,0.03748118132352829,3.8548574447631836,0.14738668501377106,1.2359262704849243,0.13311393558979034,1.5194125175476074,0.021614419296383858,1.525699496269226,0.02153114043176174,2.2808828353881836,0.09119387716054916,2.2764577865600586,0.09666720777750015,1.007836937904358,0.1573745608329773
8,34,3.0062813758850098,0.041635602712631226,4.0481672286987305,0.14837637543678284,1.2041939496994019,0.1694137006998062,1.5224370956420898,0.02373812161386013,1.5269056558609009,0.023257065564393997,2.3493709564208984,0.13634437322616577,2.3511791229248047,0.14209355413913727,0.9462621808052063,0.14688023924827576
8,35,3.020747423171997,0.043925777077674866,3.9252991676330566,0.13350732624530792,1.1386245489120483,0.1265762597322464,1.5352874994277954,0.021184271201491356,1.540158987045288,0.020914757624268532,2.2655372619628906,0.12109988182783127,2.2595746517181396,0.12533366680145264,0.9074450731277466,0.1856973022222519
8,36,2.9734315872192383,0.05031288042664528,4.057483673095703,0.14832958579063416,1.333159327507019,0.18682751059532166,1.511212944984436,0.02606939896941185,1.5159029960632324,0.02624254859983921,2.388720989227295,0.14551091194152832,2.393413543701172,0.15043680369853973,0.8802096843719482,0.21475166082382202
8,37,3.0270633697509766,0.03447282686829567,3.9958996772766113,0.18985684216022491,1.2365285158157349,0.21021805703639984,1.5350143909454346,0.016554826870560646,1.5393998622894287,0.016101980581879616,2.371446132659912,0.1976451873779297,2.368236780166626,0.2004338651895523,1.0854068994522095,0.23136799037456512
8,38,3.031485080718994,0.033571429550647736,3.965252161026001,0.15290673077106476,1.1707441806793213,0.1438152939081192,1.5414639711380005,0.01914300210773945,1.546768069267273,0.01896892488002777,2.3184635639190674,0.13387198746204376,2.313173532485962,0.13828258216381073,1.0274325609207153,0.14940369129180908
8,39,3.0209624767303467,0.04480285570025444,4.050135135650635,0.1840328723192215,1.2673622369766235,0.21983309090137482,1.526344656944275,0.024920552968978882,1.5300390720367432,0.02443014085292816,2.4001128673553467,0.19966566562652588,2.398897647857666,0.20293262600898743,1.0503255128860474,0.2598688006401062
8,40,2.9952917098999023,0.04726877808570862,4.09116268157959,0.1705450564622879,1.2323706150054932,0.22171570360660553,1.5108190774917603,0.026634037494659424,1.5153311491012573,0.026818042621016502,2.3829448223114014,0.16472718119621277,2.389061212539673,0.1712428629398346,0.960732638835907,0.18429981172084808
8,41,3.0084128379821777,0.03528722748160362,4.129982948303223,0.26785582304000854,1.3557325601577759,0.3053652346134186,1.519396185874939,0.018613170832395554,1.523353099822998,0.018779553472995758,2.4718852043151855,0.27762725949287415,2.472982168197632,0.2834033668041229,1.055953860282898,0.2576323449611664
8,42,2.9882407188415527,0.03458433970808983,3.906931161880493,0.12119042873382568,1.1380956172943115,0.07312866300344467,1.51544988155365,0.017460405826568604,1.5218603610992432,0.017322247847914696,2.2441437244415283,0.09514245390892029,2.2392547130584717,0.09627717733383179,0.8957964181900024,0.18798016011714935
8,43,2.9379851818084717,0.05002318695187569,4.108677864074707,0.13250283896923065,1.276419758796692,0.1686735898256302,1.4852416515350342,0.028014974668622017,1.4909151792526245,0.0285833440721035,2.362083673477173,0.12742924690246582,2.3676445484161377,0.13201037049293518,0.8259851336479187,0.15427254140377045
8,44,2.946465253829956,0.04909127578139305,4.3280205726623535,0.25125694274902344,1.54387629032135,0.3240995705127716,1.4862743616104126,0.026250509545207024,1.4889527559280396,0.027416273951530457,2.5983927249908447,0.27056458592414856,2.6113696098327637,0.27571991086006165,0.9131166338920593,0.2605040669441223
9,0,2.851778268814087,0.007463660556823015,4.23013162612915,0.016024012118577957,1.4589035511016846,0.017991838976740837,1.4612573385238647,0.004462770652025938,1.4631291627883911,0.005153939593583345,2.436415672302246,0.010716517455875874,2.4298501014709473,0.013700910843908787,0.7230109572410583,0.022237565368413925
9,1,2.8566696643829346,0.008426380343735218,4.232669830322266,0.02161094918847084,1.4471834897994995,0.02263360098004341,1.4616479873657227,0.004089872352778912,1.4639662504196167,0.004742686171084642,2.435795783996582,0.018255267292261124,2.4272422790527344,0.019638998433947563,0.7193305492401123,0.029563236981630325
9,2,2.8531453609466553,0.006312013138085604,4.231274604797363,0.011792775243520737,1.4623981714248657,0.018698789179325104,1.4600094556808472,0.004029593430459499,1.4625705480575562,0.004341656342148781,2.437490940093994,0.008502275682985783,2.4309604167938232,0.010412833653390408,0.7251259684562683,0.022161686792969704
9,3,2.8561434745788574,0.006582098081707954,4.232788562774658,0.014257299713790417,1.4475566148757935,0.01708272658288479,1.4603753089904785,0.004537989851087332,1.463735818862915,0.005356625188142061,2.4374332427978516,0.01002943143248558,2.4287936687469482,0.011417722329497337,0.7405507564544678,0.022843308746814728
9,4,2.8585565090179443,0.006829618010669947,4.225955963134766,0.013036028482019901,1.448176383972168,0.01897258125245571,1.4603705406188965,0.004367635119706392,1.4634555578231812,0.004840095993131399,2.4364912509918213,0.010342043824493885,2.4271109104156494,0.01163892075419426,0.7346817851066589,0.018399693071842194
9,5,2.8579132556915283,0.0081880372017622,4.229185104370117,0.017707249149680138,1.452649712562561,0.01681244745850563,1.4626502990722656,0.0035214966628700495,1.4646720886230469,0.0043679350055754185,2.4326889514923096,0.01226814091205597,2.427884340286255,0.014735369943082333,0.707131564617157,0.029557596892118454
9,6,2.860384941101074,0.008055203594267368,4.232883453369141,0.021066788583993912,1.440596580505371,0.024971991777420044,1.460464358329773,0.00485931197181344,1.4632138013839722,0.005805057007819414,2.4373154640197754,0.01733589544892311,2.4327614307403564,0.01877584308385849,0.7395824193954468,0.020867090672254562
9,7,2.8621485233306885,0.010094129480421543,4.239112377166748,0.02472473308444023,1.4444758892059326,0.03461657464504242,1.4624345302581787,0.005817558616399765,1.465868353843689,0.0068523939698934555,2.444401264190674,0.020776964724063873,2.4359641075134277,0.021832207217812538,0.7560950517654419,0.0430532768368721
9,8,2.8572988510131836,0.009835251607000828,4.242398262023926,0.016970355063676834,1.4561467170715332,0.03244078904390335,1.4615346193313599,0.00532112643122673,1.465253472328186,0.006049934308975935,2.442107915878296,0.017575455829501152,2.4352455139160156,0.018049582839012146,0.7573814392089844,0.0499553419649601
9,9,2.8756723403930664,0.016644544899463654,4.221228122711182,0.03701985254883766,1.4064501523971558,0.03423671796917915,1.4655314683914185,0.007191048469394445,1.4692444801330566,0.008098514750599861,2.42838191986084,0.027884481474757195,2.4196338653564453,0.029633598402142525,0.7441133260726929,0.05198274925351143
9,10,2.8612046241760254,0.01664534956216812,4.219581127166748,0.04398282989859581,1.3977164030075073,0.04393167793750763,1.4546459913253784,0.00712721049785614,1.4592589139938354,0.009034179151058197,2.4289796352386475,0.03944757208228111,2.4207403659820557,0.04211195558309555,0.7870216965675354,0.0478295236825943
9,11,2.848290205001831,0.019084196537733078,4.244837760925293,0.055430665612220764,1.4144642353057861,0.056720320135354996,1.456714153289795,0.007890421897172928,1.4593054056167603,0.009974615648388863,2.4469802379608154,0.04477207362651825,2.440735101699829,0.04690602794289589,0.840627908706665,0.06509208679199219
9,12,2.880803108215332,0.02174968086183071,4.146590232849121,0.0888739600777626,1.3473198413848877,0.059587519615888596,1.4616466760635376,0.00763181084766984,1.4675822257995605,0.009210566990077496,2.4024643898010254,0.06137535348534584,2.394031524658203,0.06230715662240982,0.8964378237724304,0.1048687994480133
9,13,2.8716111183166504,0.018615951761603355,4.243071556091309,0.04949130490422249,1.4020898342132568,0.07412655651569366,1.468255877494812,0.008920549415051937,1.4736093282699585,0.010200193151831627,2.446166753768921,0.05054576322436333,2.4450767040252686,0.05088265612721443,0.8686095476150513,0.08542036265134811
9,14,2.863539695739746,0.025524644181132317,4.399451732635498,0.1714983433485031,1.6817610263824463,0.2406856119632721,1.45733642578125,0.010670976713299751,1.4580169916152954,0.012613032944500446,2.6532182693481445,0.18862389028072357,2.654249668121338,0.19177669286727905,0.9961538910865784,0.254469096660614
9,15,2.8972296714782715,0.03511330112814903,4.568201065063477,0.21095465123653412,2.2514171600341797,0.3999532163143158,1.466927170753479,0.012373192235827446,1.4653810262680054,0.012386148795485497,3.045607566833496,0.2931561768054962,3.0530147552490234,0.2941618859767914,1.566893458366394,0.5399127006530762
9,16,2.872387647628784,0.03750607743859291,4.564014434814453,0.19862502813339233,2.144824266433716,0.45941632986068726,1.4490028619766235,0.016183366999030113,1.449500560760498,0.01713539846241474,2.991353750228882,0.32924923300743103,3.0003910064697266,0.32802894711494446,1.5807623863220215,0.6141796112060547
9,17,2.861128807067871,0.03569586202502251,4.506437301635742,0.24904510378837585,1.8181521892547607,0.3851986825466156,1.4636130332946777,0.015926340594887733,1.4645559787750244,0.018221279606223106,2.7690563201904297,0.30803799629211426,2.7776100635528564,0.3081400692462921,1.0983061790466309,0.4367024600505829
9,18,2.874551773071289,0.026320647448301315,4.517210006713867,0.18837732076644897,1.9998873472213745,0.3588201403617859,1.4698431491851807,0.010608087293803692,1.4694992303848267,0.012150621972978115,2.861543655395508,0.2628065049648285,2.8719968795776367,0.265625923871994,1.1828603744506836,0.44184091687202454
9,19,2.843923568725586,0.052092473953962326,4.437793731689453,0.20210888981819153,1.7700196504592896,0.31935837864875793,1.452409267425537,0.02226223051548004,1.4543182849884033,0.025375161319971085,2.696115493774414,0.24090935289859772,2.712010145187378,0.24272394180297852,0.9485440850257874,0.31506890058517456
9,20,2.9114065170288086,0.05564919859170914,4.272820949554443,0.1544363796710968,1.439018964767456,0.2252141535282135,1.470241904258728,0.024959340691566467,1.4762940406799316,0.0285500381141901,2.498997688293457,0.16297508776187897,2.512535333633423,0.16508670151233673,0.8389098644256592,0.18996675312519073
9,21,2.880047559738159,0.04165838658809662,4.411980628967285,0.20861616730690002,1.664278507232666,0.36888089776039124,1.4579720497131348,0.01894291862845421,1.460840106010437,0.02204238437116146,2.6575615406036377,0.27700164914131165,2.6676671504974365,0.27789437770843506,0.9805469512939453,0.40253183245658875
9,22,2.9114840030670166,0.06268260627985,4.529048919677734,0.3665507435798645,1.7444305419921875,0.4821145832538605,1.4706114530563354,0.025668442249298096,1.475185513496399,0.030090782791376114,2.7752127647399902,0.40062251687049866,2.786778211593628,0.3991442024707794,1.0763027667999268,0.42405200004577637
9,23,2.981726884841919,0.03153514489531517,4.320337295532227,0.2852894067764282,1.5322935581207275,0.3060116469860077,1.5126336812973022,0.013235512189567089,1.5238910913467407,0.014982519671320915,2.6250970363616943,0.28239184617996216,2.6320040225982666,0.28335437178611755,1.0809426307678223,0.23385679721832275
9,24,2.962681531906128,0.03653084114193916,4.33038330078125,0.2407708615064621,1.5213079452514648,0.29415714740753174,1.5004769563674927,0.015359263867139816,1.5104026794433594,0.01754758693277836,2.6139471530914307,0.2621980309486389,2.6147546768188477,0.26292333006858826,1.0660046339035034,0.2710718810558319
9,25,2.91843318939209,0.02842125855386257,4.20819616317749,0.2250431776046753,1.5931804180145264,0.25270381569862366,1.4737852811813354,0.015998538583517075,1.4834542274475098,0.017333947122097015,2.6043877601623535,0.21694743633270264,2.614478826522827,0.2174479216337204,1.3148521184921265,0.2794884145259857
9,26,2.9562323093414307,0.03409790247678757,4.1719889640808105,0.1904081404209137,1.3701170682907104,0.22837981581687927,1.4968279600143433,0.015111627988517284,1.5077420473098755,0.016315223649144173,2.478367567062378,0.20640939474105835,2.4812891483306885,0.20679756999015808,1.0741312503814697,0.21810518205165863
9,27,2.970660448074341,0.03432416915893555,4.035106658935547,0.12499058246612549,1.1748803853988647,0.11423087865114212,1.5001232624053955,0.01639600284397602,1.5138369798660278,0.018139079213142395,2.3050687313079834,0.11503671854734421,2.307203769683838,0.11596878618001938,0.844628095626831,0.16686773300170898
9,28,2.9865453243255615,0.03302730619907379,4.269639015197754,0.22472701966762543,1.4038589000701904,0.29293695092201233,1.501338005065918,0.01826305314898491,1.5134968757629395,0.019887661561369896,2.545865297317505,0.25325849652290344,2.555826425552368,0.2516137361526489,1.0242148637771606,0.24719105660915375
9,29,2.986386299133301,0.03591519966721535,4.058090686798096,0.2568269371986389,1.3288835287094116,0.25693556666374207,1.5091317892074585,0.016422685235738754,1.523435115814209,0.01786964386701584,2.418623208999634,0.2586422562599182,2.4268288612365723,0.25939080119132996,1.0069552659988403,0.269090861082077
9,30,2.967398166656494,0.03641444444656372,4.148681163787842,0.24659566581249237,1.3782364130020142,0.2744036316871643,1.4988305568695068,0.018809085711836815,1.510919213294983,0.021048998460173607,2.4720237255096436,0.23664197325706482,2.480928659439087,0.23827038705348969,1.0156395435333252,0.20171786844730377
9,31,2.973431348800659,0.03270087018609047,4.171038627624512,0.2324766218662262,1.3096444606781006,0.25145915150642395,1.4927922487258911,0.015648353844881058,1.5047807693481445,0.017110111191868782,2.4599409103393555,0.22710029780864716,2.4698195457458496,0.22672156989574432,1.0444345474243164,0.17400574684143066
9,32,2.9579508304595947,0.03914385661482811,3.8981454372406006,0.2117817997932434,1.2244670391082764,0.14820986986160278,1.5014033317565918,0.018085826188325882,1.5143804550170898,0.020035602152347565,2.291912317276001,0.1620139330625534,2.298513889312744,0.16430246829986572,1.0136526823043823,0.18855787813663483
9,33,2.931255578994751,0.03173677623271942,3.949892520904541,0.17422354221343994,1.2859437465667725,0.13291804492473602,1.487686276435852,0.016711747273802757,1.499097466468811,0.01837150938808918,2.3243520259857178,0.11804499477148056,2.329709768295288,0.12004503607749939,0.9745836853981018,0.14570352435112
9,34,2.985856533050537,0.04141965135931969,4.164242744445801,0.19128824770450592,1.2613370418548584,0.22103744745254517,1.5052735805511475,0.018950916826725006,1.5177546739578247,0.0211053304374218,2.419499158859253,0.18565388023853302,2.430144786834717,0.18654793500900269,0.9209475517272949,0.1473863124847412
9,35,2.9865448474884033,0.0486394539475441,4.026620388031006,0.18496422469615936,1.1897287368774414,0.17955446243286133,1.5102163553237915,0.020498890429735184,1.5232924222946167,0.02310449816286564,2.322394609451294,0.17300352454185486,2.3285179138183594,0.17514300346374512,0.878756046295166,0.19731149077415466
9,36,2.933225393295288,0.042965538799762726,4.205345630645752,0.16837219893932343,1.4228134155273438,0.20456770062446594,1.486785888671875,0.02058783359825611,1.495546817779541,0.0233187023550272,2.487135410308838,0.17116717994213104,2.4949989318847656,0.1739022433757782,0.9036692976951599,0.20546941459178925
9,37,2.982428789138794,0.04121822863817215,4.1461501121521,0.23854786157608032,1.3445029258728027,0.24943767488002777,1.5061973333358765,0.016072193160653114,1.5185726881027222,0.017456738278269768,2.4730031490325928,0.2422178089618683,2.480332374572754,0.24099576473236084,1.0900517702102661,0.2496073991060257
9,38,2.986189365386963,0.0377662368118763,4.078382968902588,0.19147290289402008,1.234745740890503,0.17740608751773834,1.5130327939987183,0.018015114590525627,1.5261627435684204,0.01969951018691063,2.381699562072754,0.1708189696073532,2.3886566162109375,0.171625554561615,0.9973094463348389,0.14510825276374817
9,39,2.98783016204834,0.0455237552523613,4.182247161865234,0.23197636008262634,1.3574309349060059,0.2654440999031067,1.504441261291504,0.02170322835445404,1.5164592266082764,0.023943789303302765,2.490217685699463,0.24477098882198334,2.498178005218506,0.24366384744644165,1.0593149662017822,0.2696729004383087
9,40,2.9826362133026123,0.04739938676357269,4.214591979980469,0.21697217226028442,1.2939976453781128,0.2774811089038849,1.4981533288955688,0.023393215611577034,1.5102092027664185,0.026635179296135902,2.4606986045837402,0.2209402620792389,2.4733288288116455,0.2209884226322174,0.945107102394104,0.18326550722122192
9,41,2.9788403511047363,0.03505316376686096,4.2781147956848145,0.30315524339675903,1.4453606605529785,0.33498936891555786,1.5007461309432983,0.01481950655579567,1.5123207569122314,0.016155803576111794,2.572885751724243,0.3124427795410156,2.580282688140869,0.31112924218177795,1.0836948156356812,0.2794834077358246
9,42,2.943969964981079,0.037891436368227005,3.993180751800537,0.1434277594089508,1.1823574304580688,0.08994852006435394,1.4891740083694458,0.015519196167588234,1.5003856420516968,0.017708923667669296,2.2910115718841553,0.11234059929847717,2.2960100173950195,0.11397181451320648,0.8794838190078735,0.17874495685100555
9,43,2.934342861175537,0.04944797605276108,4.200155735015869,0.16324740648269653,1.314076542854309,0.20679718255996704,1.476588249206543,0.025069501250982285,1.4867775440216064,0.029046116396784782,2.425494432449341,0.16288958489894867,2.4337849617004395,0.16408519446849823,0.8326523303985596,0.1616799235343933
9,44,2.933443546295166,0.04231637716293335,4.4660234451293945,0.27416205406188965,1.6282762289047241,0.3454417288303375,1.4776791334152222,0.02097407728433609,1.4847047328948975,0.024479908868670464,2.705155611038208,0.29342615604400635,2.715311288833618,0.29313141107559204,0.9869354367256165,0.270740270614624
10,0,2.8438501358032227,0.007091473322361708,4.231232166290283,0.011937935836613178,1.479088306427002,0.014026693068444729,1.4644147157669067,0.004088406916707754,1.4667187929153442,0.004611689131706953,2.4285178184509277,0.007575669791549444,2.431096315383911,0.009648437611758709,0.7242240905761719,0.025058893486857414
10,1,2.8477606773376465,0.007183301728218794,4.230719566345215,0.015214566141366959,1.4621291160583496,0.01629159040749073,1.4635463953018188,0.0034478441812098026,1.4653441905975342,0.0040636868216097355,2.4296233654022217,0.011620324105024338,2.4283735752105713,0.013604235835373402,0.7379360795021057,0.034224070608615875
10,2,2.8461382389068604,0.006716488394886255,4.222494602203369,0.014909949153661728,1.4689297676086426,0.015984246507287025,1.4647927284240723,0.003933836240321398,1.4684882164001465,0.004653707146644592,2.4225080013275146,0.008668437600135803,2.4234516620635986,0.011167003773152828,0.7492526173591614,0.03396659344434738
10,3,2.850264549255371,0.006608411204069853,4.224066257476807,0.014523987658321857,1.4534177780151367,0.013974351808428764,1.4638488292694092,0.004372641444206238,1.4672706127166748,0.005290720611810684,2.425830841064453,0.007651406340301037,2.42476749420166,0.00866518635302782,0.7683644890785217,0.03876674920320511
10,4,2.8522024154663086,0.006092400755733252,4.22112512588501,0.012144003994762897,1.4568753242492676,0.015481921844184399,1.462364912033081,0.004037416074424982,1.4656676054000854,0.004679015837609768,2.4276187419891357,0.008013725280761719,2.4265401363372803,0.008863499388098717,0.7681141495704651,0.029706520959734917
10,5,2.8468096256256104,0.006880844943225384,4.222949028015137,0.01394444890320301,1.4680335521697998,0.015190954320132732,1.4646289348602295,0.0031228498555719852,1.4669592380523682,0.003980753477662802,2.421577215194702,0.00859018787741661,2.422030210494995,0.010680942796170712,0.7238688468933105,0.03517060726881027
10,6,2.849372148513794,0.006418128497898579,4.230960369110107,0.014397836290299892,1.4494918584823608,0.01641066186130047,1.4615135192871094,0.004052966833114624,1.4642341136932373,0.00492460373789072,2.4307074546813965,0.010340869426727295,2.433478355407715,0.011223578825592995,0.7853225469589233,0.040610503405332565
10,7,2.858004570007324,0.011224700137972832,4.226973533630371,0.027312403544783592,1.4482736587524414,0.026264440268278122,1.4660224914550781,0.005777737591415644,1.4691643714904785,0.006915620528161526,2.4353601932525635,0.016388950869441032,2.4327950477600098,0.017435256391763687,0.7952103614807129,0.06004370376467705
10,8,2.8523061275482178,0.00921018049120903,4.219361305236816,0.015931135043501854,1.4570753574371338,0.02446051873266697,1.4668145179748535,0.005146255251020193,1.4716577529907227,0.006170433945953846,2.4246044158935547,0.013632183894515038,2.422342300415039,0.014055641368031502,0.788678765296936,0.06305201351642609
10,9,2.8745334148406982,0.017354309558868408,4.210625171661377,0.03568454459309578,1.4264999628067017,0.03236852213740349,1.4721988439559937,0.008869067765772343,1.4747689962387085,0.009243223816156387,2.423705577850342,0.023130128160119057,2.415564775466919,0.026295507326722145,0.7518495321273804,0.06693293899297714
10,10,2.8523366451263428,0.014752371236681938,4.216461658477783,0.03559313341975212,1.4141498804092407,0.03326553851366043,1.4594231843948364,0.00619255006313324,1.461477518081665,0.006642571184784174,2.4264426231384277,0.03123258613049984,2.429180145263672,0.03373764082789421,0.8438747525215149,0.0551619753241539
10,11,2.842991828918457,0.016853092238307,4.237546443939209,0.047031015157699585,1.4228581190109253,0.04621002450585365,1.4628180265426636,0.006679694168269634,1.4644134044647217,0.007401362992823124,2.4455924034118652,0.03647439554333687,2.4482157230377197,0.038562387228012085,0.9033958911895752,0.0822552964091301
10,12,2.8881664276123047,0.024699218571186066,4.135202884674072,0.0854414626955986,1.3746026754379272,0.05794081464409828,1.475211501121521,0.010461512953042984,1.4764127731323242,0.010357648134231567,2.417344808578491,0.05413507670164108,2.4057302474975586,0.056581370532512665,0.9701432585716248,0.11925989389419556
10,13,2.858311176300049,0.017386944964528084,4.215480804443359,0.034889549016952515,1.3980673551559448,0.054572660475969315,1.4738065004348755,0.008512700907886028,1.4770677089691162,0.00857932772487402,2.4380109310150146,0.0343993678689003,2.4459095001220703,0.03458907827734947,0.9883977770805359,0.10902979224920273
10,14,2.864330768585205,0.02713937684893608,4.2976884841918945,0.15233121812343597,1.6113771200180054,0.2065209597349167,1.4681369066238403,0.011372800916433334,1.4710043668746948,0.012274551205337048,2.582858085632324,0.15227973461151123,2.5824310779571533,0.1513664722442627,1.053003191947937,0.23027023673057556
10,15,2.904606580734253,0.03361250460147858,4.349341869354248,0.20069670677185059,2.107146978378296,0.3582928776741028,1.4851276874542236,0.013431201688945293,1.4858356714248657,0.011841069906949997,2.8893072605133057,0.24438950419425964,2.884474277496338,0.2466568946838379,1.4673250913619995,0.4739391803741455
10,16,2.8908329010009766,0.035005632787942886,4.339433193206787,0.16926082968711853,2.01208758354187,0.4180130660533905,1.4764387607574463,0.01296607032418251,1.4790279865264893,0.012782311998307705,2.8565170764923096,0.27853065729141235,2.861945390701294,0.28038880228996277,1.5801270008087158,0.564845860004425
10,17,2.8760488033294678,0.03421333059668541,4.386536121368408,0.19808532297611237,1.7381504774093628,0.338937908411026,1.482334017753601,0.014927034266293049,1.4853615760803223,0.015129555948078632,2.6958751678466797,0.262204110622406,2.6969971656799316,0.262495756149292,1.1285738945007324,0.40800514817237854
10,18,2.8840177059173584,0.02292747050523758,4.356998920440674,0.16989269852638245,1.8987432718276978,0.3180304169654846,1.4870699644088745,0.009516485966742039,1.490585446357727,0.010319365188479424,2.751835346221924,0.22249285876750946,2.748507022857666,0.22475166618824005,1.145928144454956,0.39290088415145874
10,19,2.85807466506958,0.04968899115920067,4.361208915710449,0.17011091113090515,1.7240312099456787,0.28958597779273987,1.4697455167770386,0.020370563492178917,1.474448561668396,0.02022126130759716,2.6557257175445557,0.2121821492910385,2.659324884414673,0.21381080150604248,0.9791098237037659,0.2862688899040222
10,20,2.9277358055114746,0.04891464486718178,4.182721138000488,0.12155021727085114,1.3742009401321411,0.18404023349285126,1.4883050918579102,0.02170257829129696,1.489740252494812,0.02043343335390091,2.4522898197174072,0.1283712238073349,2.45365834236145,0.13124971091747284,0.940055787563324,0.19609229266643524
10,21,2.8982229232788086,0.03488911688327789,4.283091068267822,0.1415359228849411,1.5756850242614746,0.3179108500480652,1.4784784317016602,0.014771467074751854,1.4813563823699951,0.014372805133461952,2.5744900703430176,0.22681064903736115,2.5758962631225586,0.2288534939289093,1.0224506855010986,0.36844441294670105
10,22,2.935833692550659,0.056900426745414734,4.402885913848877,0.29632821679115295,1.647680640220642,0.40873798727989197,1.4952342510223389,0.02332555502653122,1.4968560934066772,0.022649545222520828,2.701590061187744,0.3441225290298462,2.700371026992798,0.34117162227630615,1.1588640213012695,0.39397987723350525
10,23,3.0048892498016357,0.037359874695539474,4.195021629333496,0.23726829886436462,1.456005573272705,0.24969404935836792,1.537492036819458,0.01666172780096531,1.5391430854797363,0.016783908009529114,2.5669097900390625,0.23266606032848358,2.5552961826324463,0.2326253205537796,1.1937808990478516,0.20240627229213715
10,24,2.9702420234680176,0.041018009185791016,4.258080005645752,0.208877831697464,1.484592080116272,0.2493225485086441,1.515781283378601,0.019568754360079765,1.5170440673828125,0.018777625635266304,2.58189058303833,0.22507473826408386,2.5694165229797363,0.2243875116109848,1.1488404273986816,0.24356800317764282
10,25,2.952199697494507,0.03257008269429207,4.150989055633545,0.20037558674812317,1.5899885892868042,0.22841879725456238,1.509220838546753,0.017268596217036247,1.5124844312667847,0.017113544046878815,2.615074396133423,0.19058489799499512,2.6160645484924316,0.19083067774772644,1.4399234056472778,0.26705706119537354
10,26,2.972965955734253,0.04135381057858467,4.12615966796875,0.15709206461906433,1.363895058631897,0.1891825795173645,1.5200347900390625,0.019906645640730858,1.5206385850906372,0.01985188014805317,2.4855170249938965,0.1724764108657837,2.4787943363189697,0.17007334530353546,1.221900224685669,0.19751141965389252
10,27,2.973740339279175,0.03493184968829155,4.007492542266846,0.11149796098470688,1.193889856338501,0.09635283797979355,1.5133498907089233,0.01811370812356472,1.5131690502166748,0.018069854006171227,2.3259177207946777,0.100761279463768,2.312716007232666,0.10296681523323059,1.0099598169326782,0.19903028011322021
10,28,3.0060465335845947,0.0402730330824852,4.199416637420654,0.17576627433300018,1.3676445484161377,0.2329297959804535,1.526978611946106,0.02257603034377098,1.5273849964141846,0.02214777283370495,2.5278449058532715,0.20547020435333252,2.5222911834716797,0.20196324586868286,1.1612129211425781,0.21865127980709076
10,29,3.0147948265075684,0.04345306009054184,4.000666618347168,0.20894542336463928,1.3106023073196411,0.20395055413246155,1.537827491760254,0.020918402820825577,1.539984941482544,0.02129645086824894,2.416463851928711,0.2153269350528717,2.404226779937744,0.21642331779003143,1.106528639793396,0.2645254135131836
10,30,2.9996230602264404,0.03914584591984749,4.0981879234313965,0.22750937938690186,1.3648784160614014,0.25332677364349365,1.5298526287078857,0.02109173871576786,1.5311318635940552,0.0206251610070467,2.4831342697143555,0.21386869251728058,2.4738411903381348,0.21521808207035065,1.1707854270935059,0.1766095906496048
10,31,2.99696683883667,0.03533710539340973,4.116322994232178,0.19540151953697205,1.2913339138031006,0.20291867852210999,1.5206266641616821,0.017676280811429024,1.519839882850647,0.017292583361268044,2.4625561237335205,0.18723824620246887,2.459212303161621,0.1856786459684372,1.2178150415420532,0.15892113745212555
10,32,2.9838826656341553,0.04023006558418274,3.864945888519287,0.18555539846420288,1.2373193502426147,0.12458324432373047,1.5284227132797241,0.01877746358513832,1.529662013053894,0.01915769651532173,2.3158864974975586,0.13571301102638245,2.305889844894409,0.14014290273189545,1.1434128284454346,0.19327734410762787
10,33,2.9578521251678467,0.03640526905655861,3.9242191314697266,0.1646438091993332,1.321699857711792,0.14248093962669373,1.5162266492843628,0.018532564863562584,1.518721103668213,0.01815543696284294,2.3656792640686035,0.10546298325061798,2.358086585998535,0.10851617902517319,1.131933331489563,0.15971185266971588
10,34,2.9876813888549805,0.03869038075208664,4.1088643074035645,0.15328289568424225,1.2529407739639282,0.17229677736759186,1.5185809135437012,0.018603535369038582,1.5172866582870483,0.01739131473004818,2.418860673904419,0.1455296128988266,2.4149668216705322,0.14577515423297882,1.0986047983169556,0.15146256983280182
10,35,2.997068405151367,0.05042867362499237,3.9739561080932617,0.15953685343265533,1.1850125789642334,0.14280378818511963,1.5265005826950073,0.022202588617801666,1.5260004997253418,0.022043196484446526,2.323786735534668,0.14501474797725677,2.3082101345062256,0.1483161300420761,1.0178619623184204,0.21147651970386505
10,36,2.952016592025757,0.05142120271921158,4.159189224243164,0.1674264520406723,1.4106101989746094,0.19932875037193298,1.5082412958145142,0.02557131089270115,1.51072359085083,0.02516261115670204,2.4844377040863037,0.16173022985458374,2.477504014968872,0.163178950548172,0.9967955946922302,0.20271749794483185
10,37,3.0041165351867676,0.044080737978219986,4.074790954589844,0.19997118413448334,1.3087594509124756,0.20110370218753815,1.5322178602218628,0.019281987100839615,1.531896710395813,0.019320178776979446,2.4550187587738037,0.2007984220981598,2.447662830352783,0.19878557324409485,1.2131072282791138,0.22646746039390564
10,38,3.0026023387908936,0.039998456835746765,4.026995658874512,0.16834929585456848,1.2294394969940186,0.14334581792354584,1.5335773229599,0.020038407295942307,1.5336352586746216,0.020003166049718857,2.386545181274414,0.14035314321517944,2.377910852432251,0.14126178622245789,1.1477680206298828,0.13714416325092316
10,39,3.002462387084961,0.048507269471883774,4.102047920227051,0.1823037713766098,1.3128700256347656,0.204288050532341,1.5265626907348633,0.02495644800364971,1.5254641771316528,0.02436443604528904,2.4626994132995605,0.19368112087249756,2.455254316329956,0.19235940277576447,1.19649076461792,0.25069278478622437
10,40,2.9899368286132812,0.04048582538962364,4.1581830978393555,0.17695409059524536,1.2777279615402222,0.22095198929309845,1.516781210899353,0.020269881933927536,1.5155924558639526,0.018798554316163063,2.4559013843536377,0.1784006804227829,2.4549436569213867,0.1775025576353073,1.1200439929962158,0.17827095091342926
10,41,2.994370222091675,0.0395050123333931,4.185246467590332,0.24377650022506714,1.3974286317825317,0.26655566692352295,1.5223220586776733,0.01928371749818325,1.5225547552108765,0.0189621914178133,2.5340404510498047,0.25326278805732727,2.5266072750091553,0.251282662153244,1.1894540786743164,0.24929632246494293
10,42,2.957218647003174,0.04167843237519264,3.971282720565796,0.13072650134563446,1.1993720531463623,0.07043448835611343,1.5102424621582031,0.018734565004706383,1.5101693868637085,0.019199581816792488,2.3135986328125,0.09480145573616028,2.3070740699768066,0.09724116325378418,1.0189098119735718,0.20045188069343567
10,43,2.9360873699188232,0.04054573178291321,4.162205219268799,0.13360874354839325,1.3102352619171143,0.16073931753635406,1.489747166633606,0.02275765873491764,1.4908775091171265,0.02174282819032669,2.4249913692474365,0.13025419414043427,2.4255216121673584,0.13156722486019135,0.9806328415870667,0.17066997289657593
10,44,2.9413466453552246,0.04235135018825531,4.387570381164551,0.24062487483024597,1.5774474143981934,0.3012479841709137,1.4927797317504883,0.021744336932897568,1.4954065084457397,0.0212907362729311,2.6581509113311768,0.2592637240886688,2.6563832759857178,0.2565130293369293,1.0434223413467407,0.24468690156936646
11,0,2.8550610542297363,0.007646806072443724,4.232738494873047,0.0095458272844553,1.4883853197097778,0.013662026263773441,1.4707129001617432,0.004631420131772757,1.4673733711242676,0.004968051798641682,2.425758123397827,0.006395671982318163,2.4448444843292236,0.00788489356637001,0.7137656211853027,0.02032739296555519
11,1,2.8612096309661865,0.006371113937348127,4.231470108032227,0.01173612754791975,1.4805797338485718,0.016334958374500275,1.4723083972930908,0.0035624580923467875,1.468084454536438,0.00377461570315063,2.426457166671753,0.009637207724153996,2.4442145824432373,0.011316759511828423,0.7064597606658936,0.023645639419555664
11,2,2.853229284286499,0.006760893855243921,4.225767612457275,0.011848097667098045,1.4878228902816772,0.015830576419830322,1.4679638147354126,0.0038992781192064285,1.4649713039398193,0.00413737166672945,2.421330451965332,0.00791147630661726,2.4403061866760254,0.008893433026969433,0.7142254710197449,0.022681185975670815
11,3,2.8596863746643066,0.005473798140883446,4.228225231170654,0.010059960186481476,1.4797112941741943,0.01247740164399147,1.4698315858840942,0.004556110128760338,1.4667271375656128,0.005077950656414032,2.424724578857422,0.007105651777237654,2.4435060024261475,0.008143559098243713,0.7226412296295166,0.02160993404686451
11,4,2.8611512184143066,0.006111455615609884,4.220568656921387,0.009374377317726612,1.481784462928772,0.014938181266188622,1.4698163270950317,0.004554045386612415,1.465803623199463,0.0048426236025989056,2.424522638320923,0.007732593920081854,2.445233106613159,0.008853530511260033,0.7199199795722961,0.02331453002989292
11,5,2.8586044311523438,0.00616690656170249,4.229623317718506,0.012856974266469479,1.4844218492507935,0.014805632643401623,1.4706939458847046,0.0035840184427797794,1.4672839641571045,0.004078320227563381,2.423095941543579,0.00777799729257822,2.4418599605560303,0.008578936569392681,0.7016662359237671,0.024846844375133514
11,6,2.861629009246826,0.006274213548749685,4.228524684906006,0.009656818583607674,1.4728602170944214,0.01703553833067417,1.469184160232544,0.004075448494404554,1.465576171875,0.0045220134779810905,2.424957275390625,0.007520515937358141,2.444798231124878,0.008403905667364597,0.7212894558906555,0.02096817083656788
11,7,2.868277072906494,0.009143064729869366,4.231256008148193,0.0202159620821476,1.4738010168075562,0.02590291015803814,1.4724866151809692,0.005803551524877548,1.469886302947998,0.00639701820909977,2.430466413497925,0.011052743531763554,2.445385456085205,0.010862459428608418,0.728879451751709,0.036542877554893494
11,8,2.8614847660064697,0.010428739711642265,4.229150772094727,0.01619768515229225,1.4854674339294434,0.025561384856700897,1.4712361097335815,0.005600783508270979,1.4705877304077148,0.005979345645755529,2.423325300216675,0.012626071460545063,2.43850040435791,0.010967198759317398,0.7218328714370728,0.04347452521324158
11,9,2.8867201805114746,0.015129744075238705,4.224611282348633,0.030227789655327797,1.453880786895752,0.02754831127822399,1.480657696723938,0.008301268331706524,1.479369044303894,0.00966276228427887,2.4279274940490723,0.01948481798171997,2.4356284141540527,0.022467954084277153,0.7219592332839966,0.05280695855617523
11,10,2.8676934242248535,0.012649697251617908,4.226558685302734,0.02551281824707985,1.442672610282898,0.027025213465094566,1.4678453207015991,0.006293511018157005,1.4639713764190674,0.007340776268392801,2.426875352859497,0.023542705923318863,2.443243980407715,0.02436356619000435,0.7681211233139038,0.04230012372136116
11,11,2.8643975257873535,0.015857486054301262,4.247109413146973,0.038412027060985565,1.4451266527175903,0.03918902203440666,1.4720708131790161,0.00681964261457324,1.469172716140747,0.00785069540143013,2.444202184677124,0.032307565212249756,2.456779718399048,0.0319269597530365,0.8264732956886292,0.08839589357376099
11,12,2.9009439945220947,0.020995330065488815,4.151921272277832,0.08180755376815796,1.4175947904586792,0.048843201249837875,1.483086347579956,0.00910060852766037,1.483762502670288,0.010581240989267826,2.415506601333618,0.04338030517101288,2.4154975414276123,0.04430876299738884,0.8899489045143127,0.1305752694606781
11,13,2.8801074028015137,0.015387726947665215,4.223580837249756,0.029096636921167374,1.4301625490188599,0.05166910961270332,1.4797080755233765,0.008931010030210018,1.479383111000061,0.009669761173427105,2.4289002418518066,0.027482876554131508,2.444197654724121,0.025418797507882118,0.836876392364502,0.10056255757808685
11,14,2.874861717224121,0.024352017790079117,4.244088172912598,0.13718104362487793,1.5899752378463745,0.17470715939998627,1.4681532382965088,0.009261289611458778,1.466629147529602,0.011214903555810452,2.5196101665496826,0.10790344327688217,2.528855800628662,0.10931907594203949,0.8944800496101379,0.22264288365840912
11,15,2.9134111404418945,0.03775922954082489,4.159785270690918,0.22455951571464539,2.078409194946289,0.35627037286758423,1.4780551195144653,0.014149774797260761,1.4805481433868408,0.013399343006312847,2.7692880630493164,0.21149395406246185,2.790581464767456,0.22091282904148102,1.3942431211471558,0.5171627998352051
11,16,2.878248691558838,0.044812217354774475,4.208000659942627,0.18787196278572083,2.0059306621551514,0.4150615632534027,1.4565922021865845,0.02083638682961464,1.4606709480285645,0.01875978894531727,2.767319679260254,0.24537362158298492,2.790109157562256,0.25279679894447327,1.4933689832687378,0.6022676825523376
11,17,2.8797225952148438,0.04418177530169487,4.311636924743652,0.16804443299770355,1.741671085357666,0.33165326714515686,1.4781538248062134,0.02414022944867611,1.4810197353363037,0.02346152439713478,2.6343631744384766,0.23552843928337097,2.651207208633423,0.23608911037445068,1.0516680479049683,0.4538975954055786
11,18,2.888911247253418,0.025044681504368782,4.222447872161865,0.152972012758255,1.8303357362747192,0.2984381914138794,1.4805291891098022,0.010185888968408108,1.4833089113235474,0.010680547915399075,2.62141752243042,0.17451830208301544,2.6417205333709717,0.18054577708244324,0.9822913408279419,0.41041427850723267
11,19,2.8671834468841553,0.051861971616744995,4.251527786254883,0.12318963557481766,1.6531013250350952,0.25842809677124023,1.4697521924972534,0.024955501779913902,1.473844289779663,0.024358997121453285,2.536177635192871,0.17547646164894104,2.5566861629486084,0.17634059488773346,0.8266045451164246,0.2984442114830017
11,20,2.939138174057007,0.055774085223674774,4.171456336975098,0.1019139364361763,1.399278998374939,0.1835460364818573,1.4910696744918823,0.028065359219908714,1.4936376810073853,0.02840094454586506,2.426236152648926,0.11830339580774307,2.4403154850006104,0.12074407935142517,0.8429687023162842,0.21615123748779297
11,21,2.8942956924438477,0.04165646433830261,4.244304180145264,0.09388048946857452,1.5916519165039062,0.3026624917984009,1.472772479057312,0.02325764298439026,1.474115252494812,0.022329017519950867,2.5289716720581055,0.19281037151813507,2.546123743057251,0.1958637833595276,0.9129135608673096,0.398960143327713
11,22,2.9416797161102295,0.059999145567417145,4.31038761138916,0.23673613369464874,1.5894283056259155,0.3632403612136841,1.4932060241699219,0.02900679036974907,1.496884822845459,0.029528619721531868,2.5882368087768555,0.29189246892929077,2.6026763916015625,0.2921713888645172,0.9725414514541626,0.3904328942298889
11,23,3.014718532562256,0.03903081640601158,4.125607967376709,0.21123114228248596,1.4804296493530273,0.24225598573684692,1.5465198755264282,0.01823101006448269,1.5568557977676392,0.02060476876795292,2.5038983821868896,0.20788230001926422,2.5121235847473145,0.21128970384597778,1.1011416912078857,0.21692679822444916
11,24,2.9823343753814697,0.04184012860059738,4.220491886138916,0.18242955207824707,1.506932020187378,0.24233996868133545,1.5239996910095215,0.020378755405545235,1.529567837715149,0.0231651421636343,2.533978223800659,0.20399481058120728,2.5381052494049072,0.2075914889574051,1.0341545343399048,0.26831644773483276
11,25,2.939134120941162,0.041382238268852234,4.018854141235352,0.17903204262256622,1.5662636756896973,0.2102990597486496,1.5041917562484741,0.021718207746744156,1.515000343322754,0.0217082891613245,2.508098840713501,0.15175876021385193,2.5297739505767822,0.15466345846652985,1.3702094554901123,0.2875244915485382
11,26,2.9958696365356445,0.03723716363310814,4.063529968261719,0.13345898687839508,1.3635836839675903,0.17723780870437622,1.535172462463379,0.018760357052087784,1.5425550937652588,0.020974472165107727,2.417832374572754,0.14402183890342712,2.4246175289154053,0.14597593247890472,1.102531909942627,0.2136848121881485
11,27,3.0086019039154053,0.034060947597026825,4.011532306671143,0.0975390300154686,1.2375898361206055,0.08026769012212753,1.5315682888031006,0.021408943459391594,1.537174105644226,0.023466823622584343,2.3180768489837646,0.0839998796582222,2.3155994415283203,0.0841931700706482,0.9249435663223267,0.18373064696788788
11,28,3.017122507095337,0.04108239710330963,4.155603408813477,0.159814715385437,1.3921589851379395,0.25153928995132446,1.534769892692566,0.024996165186166763,1.5418527126312256,0.027025261893868446,2.479351758956909,0.19758939743041992,2.4911389350891113,0.1992640495300293,1.0770796537399292,0.254550039768219
11,29,3.024440288543701,0.04114294424653053,3.9509847164154053,0.18849483132362366,1.3930989503860474,0.22861690819263458,1.5482078790664673,0.0195413026958704,1.5619539022445679,0.020785009488463402,2.3953638076782227,0.2016536295413971,2.411302089691162,0.2033984363079071,1.0862032175064087,0.29125189781188965
11,30,3.0150296688079834,0.047043319791555405,4.026012420654297,0.19084826111793518,1.3878729343414307,0.22882471978664398,1.5424036979675293,0.025722302496433258,1.5527784824371338,0.02707318402826786,2.424513816833496,0.1746172159910202,2.4356191158294678,0.17820601165294647,1.108001947402954,0.19900061190128326
11,31,3.015108346939087,0.03813503682613373,4.079425811767578,0.1715654879808426,1.3112726211547852,0.2022380828857422,1.5331528186798096,0.020678920671343803,1.5398489236831665,0.021997196599841118,2.4168055057525635,0.16601042449474335,2.428476333618164,0.16762085258960724,1.1138908863067627,0.18858909606933594
11,32,3.0084235668182373,0.05246114730834961,3.8242013454437256,0.1720631867647171,1.2963467836380005,0.12040544301271439,1.5444934368133545,0.025910967960953712,1.5561009645462036,0.02698816917836666,2.2999417781829834,0.10145724564790726,2.3124029636383057,0.10405397415161133,1.138922095298767,0.21308116614818573
11,33,2.9650473594665527,0.04681220278143883,3.8754160404205322,0.1542523056268692,1.3675308227539062,0.12279784679412842,1.5250734090805054,0.023261461406946182,1.535902500152588,0.02392742782831192,2.3309545516967773,0.07419005036354065,2.3445982933044434,0.07613184303045273,1.0939576625823975,0.19704948365688324
11,34,3.017700433731079,0.04616756737232208,4.103713035583496,0.1379786878824234,1.2851382493972778,0.17221742868423462,1.535722017288208,0.026024596765637398,1.5404890775680542,0.02704429253935814,2.396456718444824,0.13590995967388153,2.4031054973602295,0.1374576985836029,0.9812487959861755,0.16621941328048706
11,35,3.041440010070801,0.04808590188622475,3.965130567550659,0.1429288387298584,1.2276673316955566,0.14708635210990906,1.5535415410995483,0.023039929568767548,1.561752438545227,0.025017838925123215,2.315404176712036,0.13449129462242126,2.3161780834198,0.13607250154018402,0.9841932654380798,0.2198222577571869
11,36,2.9727797508239746,0.0571889691054821,4.098850250244141,0.14470669627189636,1.4220129251480103,0.1863899827003479,1.5228190422058105,0.028949059545993805,1.5303109884262085,0.0313376858830452,2.4282288551330566,0.13429959118366241,2.440413236618042,0.13751092553138733,0.9303792715072632,0.2243461012840271
11,37,3.0306386947631836,0.042348820716142654,4.028514385223389,0.18065932393074036,1.3359227180480957,0.19585257768630981,1.549956202507019,0.01889793761074543,1.5584633350372314,0.020761793479323387,2.4172847270965576,0.17690613865852356,2.4278042316436768,0.17714905738830566,1.1620124578475952,0.243401899933815
11,38,3.036531448364258,0.04112907499074936,4.007624626159668,0.1530710756778717,1.2627243995666504,0.1444663405418396,1.5530848503112793,0.02209577150642872,1.561679720878601,0.024364430457353592,2.361612319946289,0.1265905499458313,2.366793155670166,0.12862171232700348,1.0652104616165161,0.15625186264514923
11,39,3.0316126346588135,0.047217439860105515,4.071018218994141,0.15905281901359558,1.3333959579467773,0.21027421951293945,1.5421420335769653,0.026528190821409225,1.5491125583648682,0.02883058786392212,2.4243433475494385,0.17726364731788635,2.4318153858184814,0.179134339094162,1.1066762208938599,0.2666732668876648
11,40,3.015340805053711,0.05506714805960655,4.14771842956543,0.1544572114944458,1.2997020483016968,0.22698871791362762,1.5283912420272827,0.03137998655438423,1.532163381576538,0.031813472509384155,2.428874969482422,0.1676234006881714,2.4370782375335693,0.1699552834033966,1.0073456764221191,0.21878622472286224
11,41,3.017421245574951,0.036483991891145706,4.141971588134766,0.2164536863565445,1.4128594398498535,0.24945692718029022,1.5347028970718384,0.019254224374890327,1.5417386293411255,0.021349746733903885,2.4845523834228516,0.22288371622562408,2.493797540664673,0.22459137439727783,1.0964409112930298,0.25933027267456055
11,42,2.987504482269287,0.03913722559809685,3.9563825130462646,0.12401777505874634,1.2385170459747314,0.06987929344177246,1.5279130935668945,0.01869262382388115,1.5338609218597412,0.020574845373630524,2.295400857925415,0.07927151769399643,2.306145429611206,0.07859321683645248,0.9527667164802551,0.2115299552679062
11,43,2.9515557289123535,0.05044906213879585,4.156206130981445,0.1088017150759697,1.333204984664917,0.14823894202709198,1.4959582090377808,0.029543781653046608,1.4979535341262817,0.030881302431225777,2.405170202255249,0.11259432882070541,2.413536310195923,0.1141045093536377,0.8902904987335205,0.18043555319309235
11,44,2.954927921295166,0.04483896866440773,4.310317039489746,0.1988951563835144,1.5372675657272339,0.2776429355144501,1.4980276823043823,0.025617428123950958,1.5011860132217407,0.028428800404071808,2.567702293395996,0.22653141617774963,2.581875801086426,0.22730787098407745,0.9165403842926025,0.26903676986694336
12,0,2.8467862606048584,0.007104991935193539,4.22666597366333,0.012772787362337112,1.4838495254516602,0.017513178288936615,1.462448239326477,0.0036743662785738707,1.4605090618133545,0.003873208537697792,2.436957359313965,0.007833111099898815,2.421501398086548,0.00999288447201252,0.694928765296936,0.02052493952214718
12,1,2.8499817848205566,0.008203809149563313,4.231446743011475,0.01793689653277397,1.471531867980957,0.022293487563729286,1.4627131223678589,0.0034395966213196516,1.4599814414978027,0.004063456319272518,2.4413671493530273,0.01394158136099577,2.4218056201934814,0.016691382974386215,0.7148570418357849,0.031525034457445145
12,2,2.8489773273468018,0.00649535795673728,4.2220869064331055,0.014814446680247784,1.4807430505752563,0.017686616629362106,1.4619412422180176,0.0035522154066711664,1.4611122608184814,0.0036342700477689505,2.4343101978302,0.007579976227134466,2.4162709712982178,0.010539285838603973,0.7075560092926025,0.0252902340143919
12,3,2.8527514934539795,0.0053480323404073715,4.222837448120117,0.016984760761260986,1.4665818214416504,0.01476039458066225,1.4617817401885986,0.003679961431771517,1.4610466957092285,0.004035749938338995,2.435333013534546,0.009428318589925766,2.4156665802001953,0.011893381364643574,0.7175567746162415,0.02506844513118267
12,4,2.8544511795043945,0.0059802778996527195,4.215682506561279,0.014063408598303795,1.4716062545776367,0.015666207298636436,1.4613656997680664,0.003930130507797003,1.459835171699524,0.004244802985340357,2.4355697631835938,0.007149070966988802,2.411787986755371,0.009769950062036514,0.7094238996505737,0.021465634927153587
12,5,2.8497586250305176,0.007668836507946253,4.223394393920898,0.01567004807293415,1.4782931804656982,0.0195945892482996,1.4623947143554688,0.0029895727057009935,1.460474967956543,0.003923885989934206,2.4344522953033447,0.009406892582774162,2.4168074131011963,0.01213846541941166,0.6912031769752502,0.0308896005153656
12,6,2.8541665077209473,0.005685846321284771,4.228813648223877,0.01717851124703884,1.4633276462554932,0.020464515313506126,1.4610360860824585,0.003807792905718088,1.4597924947738647,0.0041855149902403355,2.4383480548858643,0.01250598207116127,2.4238333702087402,0.015089316293597221,0.7261970639228821,0.029046891257166862
12,7,2.85845947265625,0.011076447553932667,4.229156970977783,0.03697272762656212,1.4717659950256348,0.034711360931396484,1.4639191627502441,0.005335744004696608,1.4632095098495483,0.00623178668320179,2.447863817214966,0.019523676484823227,2.4292216300964355,0.023010684177279472,0.7602882385253906,0.06445658206939697
12,8,2.853299140930176,0.010043359361588955,4.21552848815918,0.021450918167829514,1.4780914783477783,0.029680492356419563,1.4632506370544434,0.0044152820482850075,1.4645702838897705,0.005037697032094002,2.4333667755126953,0.012595034204423428,2.414564847946167,0.015000361017882824,0.7481985688209534,0.06166643649339676
12,9,2.8649909496307373,0.0146411694586277,4.232288837432861,0.03061569482088089,1.4672558307647705,0.045057788491249084,1.4656027555465698,0.005639271344989538,1.4640820026397705,0.0064333840273320675,2.452507257461548,0.028592264279723167,2.4324779510498047,0.03247476741671562,0.7497462630271912,0.06201188638806343
12,10,2.8531033992767334,0.012855513021349907,4.232842922210693,0.044448379427194595,1.4431697130203247,0.03879714384675026,1.4580047130584717,0.005143929738551378,1.4552704095840454,0.006059757899492979,2.4461376667022705,0.038394417613744736,2.4310011863708496,0.04341788962483406,0.7800663709640503,0.055877313017845154
12,11,2.839812994003296,0.021006319671869278,4.2773118019104,0.06404997408390045,1.4796350002288818,0.07048466056585312,1.4592947959899902,0.00705730402842164,1.456038236618042,0.008516634814441204,2.4840495586395264,0.057627029716968536,2.4766228199005127,0.06264180690050125,0.8681630492210388,0.093495212495327
12,12,2.868335008621216,0.019693685695528984,4.239717483520508,0.06539208441972733,1.5126025676727295,0.09230834245681763,1.4629240036010742,0.006563544273376465,1.459588646888733,0.00762420566752553,2.5009260177612305,0.06077262759208679,2.488523006439209,0.06657589226961136,0.8953216671943665,0.12265980243682861
12,13,2.857120990753174,0.019702399149537086,4.230945110321045,0.04258411005139351,1.4437037706375122,0.058396514505147934,1.4654461145401,0.00795116275548935,1.4661056995391846,0.008655215613543987,2.455989122390747,0.04054151102900505,2.448992967605591,0.04453175142407417,0.921938955783844,0.1266484409570694
12,14,2.8700366020202637,0.03063291124999523,4.300719261169434,0.20704185962677002,1.6955482959747314,0.27377933263778687,1.4627567529678345,0.011236404068768024,1.4614452123641968,0.012287216261029243,2.616760492324829,0.19145846366882324,2.613814353942871,0.204453244805336,1.0466185808181763,0.30002114176750183
12,15,2.906750440597534,0.03832830488681793,4.329042911529541,0.2388855218887329,2.3277292251586914,0.4361504912376404,1.4729256629943848,0.015796465799212456,1.4683327674865723,0.013436941429972649,2.984278678894043,0.2772790789604187,3.0100302696228027,0.2983529567718506,1.634770393371582,0.5737783312797546
12,16,2.8713698387145996,0.046459488570690155,4.356323719024658,0.1985640674829483,2.2124626636505127,0.49089133739471436,1.4498897790908813,0.020353427156805992,1.450009822845459,0.019337499514222145,2.9469387531280518,0.30862995982170105,2.9761247634887695,0.3270791172981262,1.736825704574585,0.6562579870223999
12,17,2.8536553382873535,0.037390727549791336,4.467197418212891,0.24524979293346405,1.9328478574752808,0.4035432040691376,1.4671727418899536,0.017557289451360703,1.4658257961273193,0.018222559243440628,2.8042426109313965,0.3059697449207306,2.821657419204712,0.32062819600105286,1.2229658365249634,0.5209656953811646
12,18,2.8779354095458984,0.03034631721675396,4.358001708984375,0.21585993468761444,2.0922014713287354,0.3985089063644409,1.4756759405136108,0.011830219067633152,1.472388505935669,0.012470374815165997,2.835404634475708,0.2629546523094177,2.8534750938415527,0.28308558464050293,1.240188717842102,0.5042455196380615
12,19,2.816978693008423,0.051991961896419525,4.49935245513916,0.23714524507522583,1.9795032739639282,0.362777978181839,1.4488908052444458,0.02257067896425724,1.4479954242706299,0.023741595447063446,2.806528091430664,0.27294981479644775,2.831925868988037,0.2863512635231018,1.0740832090377808,0.39591097831726074
12,20,2.8941071033477783,0.06010132282972336,4.3270978927612305,0.2198009043931961,1.5836310386657715,0.30037349462509155,1.4669989347457886,0.028312677517533302,1.468528151512146,0.02916753478348255,2.5813286304473877,0.2269672453403473,2.5959997177124023,0.238801509141922,0.9613073468208313,0.27098730206489563
12,21,2.873466730117798,0.03991619497537613,4.353825569152832,0.1573585420846939,1.7286579608917236,0.3767802119255066,1.460313081741333,0.019944582134485245,1.459632158279419,0.020161498337984085,2.651705265045166,0.2563557028770447,2.6618223190307617,0.2724526524543762,1.0193582773208618,0.459969162940979
12,22,2.8852896690368652,0.06368277221918106,4.623962879180908,0.41317716240882874,1.9846442937850952,0.5865066647529602,1.469408392906189,0.02656187303364277,1.4676917791366577,0.02859075367450714,2.920872449874878,0.47809329628944397,2.944342851638794,0.4959275722503662,1.2998429536819458,0.5976992249488831
12,23,2.9156219959259033,0.041514258831739426,4.546778202056885,0.368278831243515,1.9731488227844238,0.4496481418609619,1.5014522075653076,0.015801891684532166,1.5030605792999268,0.017694681882858276,2.8890957832336426,0.3811871409416199,2.9178850650787354,0.3983215391635895,1.2726361751556396,0.382360577583313
12,24,2.9325671195983887,0.03850365802645683,4.523717880249023,0.35178646445274353,1.855329155921936,0.46514371037483215,1.4994933605194092,0.01650957763195038,1.499604344367981,0.018153522163629532,2.8304381370544434,0.39016732573509216,2.8439340591430664,0.41153672337532043,1.2157806158065796,0.4236330986022949
12,25,2.854036808013916,0.040554147213697433,4.482440948486328,0.26072433590888977,2.126842975616455,0.3573884963989258,1.454735517501831,0.019483720883727074,1.4572498798370361,0.019916143268346786,2.950944185256958,0.275979608297348,2.98799467086792,0.28777894377708435,1.6484026908874512,0.3889317512512207
12,26,2.9117507934570312,0.03480669856071472,4.352708339691162,0.26891523599624634,1.7172560691833496,0.3767576217651367,1.4882731437683105,0.015778757631778717,1.4904603958129883,0.01707528904080391,2.6939239501953125,0.30614036321640015,2.709543466567993,0.32128673791885376,1.237712025642395,0.35189664363861084
12,27,2.9558770656585693,0.040251802653074265,4.078581809997559,0.15566881000995636,1.317203402519226,0.1755877435207367,1.502535343170166,0.01911199651658535,1.5058033466339111,0.021255381405353546,2.3712637424468994,0.153827503323555,2.362994432449341,0.163390651345253,0.8409034013748169,0.21120963990688324
12,28,2.934699296951294,0.045852988958358765,4.464916229248047,0.3277485966682434,1.7692346572875977,0.4773333966732025,1.4918256998062134,0.0228401068598032,1.4949870109558105,0.024609269574284554,2.772007942199707,0.3806568384170532,2.7990360260009766,0.39497116208076477,1.2380484342575073,0.4280005097389221
12,29,2.884634017944336,0.06160826236009598,4.358821868896484,0.3538077175617218,1.950351357460022,0.45806780457496643,1.4821335077285767,0.027968615293502808,1.4866642951965332,0.028805341571569443,2.812427043914795,0.3842715919017792,2.8514862060546875,0.3985642194747925,1.412202000617981,0.4883800745010376
12,30,2.8808867931365967,0.060408756136894226,4.434632301330566,0.35669413208961487,1.9165867567062378,0.4368269145488739,1.476301908493042,0.025908323004841805,1.4798099994659424,0.027633555233478546,2.8130807876586914,0.349605530500412,2.847275495529175,0.3630501329898834,1.3254142999649048,0.3530583679676056
12,31,2.9130618572235107,0.055046189576387405,4.38005256652832,0.3293404281139374,1.7098027467727661,0.4319336712360382,1.4772934913635254,0.025094326585531235,1.481055736541748,0.025518614798784256,2.7132532596588135,0.34687918424606323,2.739781141281128,0.3588487207889557,1.3094743490219116,0.3693529963493347
12,32,2.879188299179077,0.06020626425743103,4.1068925857543945,0.26544561982154846,1.7100999355316162,0.2801238000392914,1.4782050848007202,0.029460078105330467,1.483590841293335,0.030553754419088364,2.591886043548584,0.22804972529411316,2.6193552017211914,0.2386476844549179,1.3126314878463745,0.3205030858516693
12,33,2.8497800827026367,0.04275398701429367,4.20494270324707,0.22298367321491241,1.791558861732483,0.24654169380664825,1.4629607200622559,0.01978832110762596,1.4665106534957886,0.02028055302798748,2.643007278442383,0.18311747908592224,2.668313980102539,0.19265924394130707,1.2317897081375122,0.29321643710136414
12,34,2.961437463760376,0.055475927889347076,4.259688854217529,0.2797088921070099,1.4593262672424316,0.34744563698768616,1.5061922073364258,0.02468361146748066,1.5087050199508667,0.026212867349386215,2.5332837104797363,0.2839448153972626,2.5435733795166016,0.2960682809352875,0.9934365749359131,0.28250184655189514
12,35,2.9540581703186035,0.062320489436388016,4.137991428375244,0.2503489851951599,1.4427164793014526,0.3026603162288666,1.5071983337402344,0.02623497135937214,1.511539101600647,0.028562240302562714,2.46455717086792,0.25121721625328064,2.475410223007202,0.26445746421813965,0.9541569352149963,0.2939552366733551
12,36,2.8578040599823,0.044212184846401215,4.476746082305908,0.2480924129486084,1.8846616744995117,0.33463653922080994,1.4674569368362427,0.019196290522813797,1.4671967029571533,0.021149655804038048,2.786515712738037,0.263481080532074,2.8129677772521973,0.27709728479385376,1.1471539735794067,0.3423305153846741
12,37,2.9294095039367676,0.054021161049604416,4.354952335357666,0.32519665360450745,1.7651728391647339,0.4132677912712097,1.498937726020813,0.023246563971042633,1.5026637315750122,0.023802677169442177,2.7400741577148438,0.34906482696533203,2.766957998275757,0.361747682094574,1.3473479747772217,0.401157021522522
12,38,2.942511558532715,0.048312775790691376,4.205456256866455,0.2588497996330261,1.538323163986206,0.3031037449836731,1.505528211593628,0.022093109786510468,1.5104882717132568,0.02385011874139309,2.5571930408477783,0.24903042614459991,2.5732977390289307,0.26026344299316406,1.1448887586593628,0.26307547092437744
12,39,2.9563653469085693,0.05673544108867645,4.3429646492004395,0.3242368996143341,1.6707862615585327,0.4277198612689972,1.5019232034683228,0.025151629000902176,1.505332350730896,0.027412813156843185,2.689042568206787,0.35676854848861694,2.7078745365142822,0.3714793622493744,1.23427152633667,0.4306621551513672
12,40,2.9664859771728516,0.06253654509782791,4.315686225891113,0.3223319351673126,1.4915047883987427,0.42436617612838745,1.502403974533081,0.03010016307234764,1.5051960945129395,0.0322740413248539,2.5829737186431885,0.3385380506515503,2.5973241329193115,0.35173270106315613,1.069909930229187,0.3361440896987915
12,41,2.943300724029541,0.045329805463552475,4.500063896179199,0.4031335711479187,1.8308976888656616,0.5011308193206787,1.4996534585952759,0.018091166391968727,1.5009135007858276,0.01931942068040371,2.8290882110595703,0.4295421242713928,2.853325843811035,0.44532743096351624,1.2946341037750244,0.4420267939567566
12,42,2.9056203365325928,0.05008171498775482,4.119969844818115,0.17325031757354736,1.462316632270813,0.19798584282398224,1.4846186637878418,0.01980244740843773,1.4868710041046143,0.021260246634483337,2.464693546295166,0.16379183530807495,2.4751052856445312,0.1739169955253601,1.0409778356552124,0.28331559896469116
12,43,2.9233102798461914,0.05340946465730667,4.25654935836792,0.23516321182250977,1.4374812841415405,0.2865391969680786,1.4792299270629883,0.026624104008078575,1.4807746410369873,0.0288663599640131,2.4984617233276367,0.23432199656963348,2.499074935913086,0.24632477760314941,0.9000420570373535,0.24470572173595428
12,44,2.8974509239196777,0.04351603612303734,4.671037673950195,0.36649802327156067,1.9473284482955933,0.4844581186771393,1.4717888832092285,0.020600197836756706,1.4704108238220215,0.022697756066918373,2.920917272567749,0.3982113301753998,2.9461584091186523,0.41441431641578674,1.173565149307251,0.40724748373031616
13,0,2.844413995742798,0.005683604162186384,4.222992897033691,0.009573742747306824,1.470731496810913,0.012957167811691761,1.4628973007202148,0.0033840688411146402,1.4651011228561401,0.0037110084667801857,2.422434091567993,0.007728759199380875,2.420877695083618,0.008662562817335129,0.7043458819389343,0.020337462425231934
13,1,2.8492918014526367,0.006186395417898893,4.224423885345459,0.014571131207048893,1.4590563774108887,0.01661410741508007,1.4625767469406128,0.0033049271441996098,1.4639393091201782,0.004006420727819204,2.4264495372772217,0.012457557022571564,2.4197421073913574,0.014248896390199661,0.7060196399688721,0.027918163686990738
13,2,2.845052480697632,0.005801269318908453,4.219007968902588,0.007613152731209993,1.4646904468536377,0.01527341827750206,1.460572361946106,0.0033883079886436462,1.463455080986023,0.0032538389787077904,2.4191091060638428,0.007186305243521929,2.416158676147461,0.007640383206307888,0.7103427648544312,0.022436220198869705
13,3,2.8483951091766357,0.004110654350370169,4.223005294799805,0.013035517185926437,1.459563136100769,0.013525315560400486,1.4609109163284302,0.0033922980073839426,1.463313102722168,0.003477293998003006,2.424586057662964,0.010053119622170925,2.4188950061798096,0.010720319114625454,0.712532639503479,0.018210632726550102
13,4,2.851569414138794,0.00406454224139452,4.218557357788086,0.007959759794175625,1.4590153694152832,0.012791456654667854,1.461087703704834,0.0033950358629226685,1.4630473852157593,0.003263398539274931,2.4241886138916016,0.0070018162950873375,2.417931318283081,0.007670719176530838,0.7066525816917419,0.018401581794023514
13,5,2.847156286239624,0.006566908676177263,4.2178568840026855,0.011246454901993275,1.458376407623291,0.012965422123670578,1.4611691236495972,0.0028124491218477488,1.4633179903030396,0.003485927125439048,2.4183788299560547,0.007850490510463715,2.4146370887756348,0.008909566327929497,0.7018135190010071,0.027938151732087135
13,6,2.8499715328216553,0.004756640177220106,4.224963665008545,0.014107354916632175,1.4516602754592896,0.018139783293008804,1.4608421325683594,0.0033672545105218887,1.463267207145691,0.0037385285831987858,2.424849510192871,0.012155171483755112,2.4211325645446777,0.013750674203038216,0.7255846261978149,0.02320021390914917
13,7,2.85435152053833,0.008222386240959167,4.229209899902344,0.024387570098042488,1.4558607339859009,0.029855014756321907,1.462587594985962,0.004122441168874502,1.4650146961212158,0.004598996601998806,2.4339230060577393,0.021333802491426468,2.427363395690918,0.02315550483763218,0.739311158657074,0.04806707054376602
13,8,2.8489627838134766,0.008788907900452614,4.220879077911377,0.012714768759906292,1.4597773551940918,0.025973571464419365,1.4617722034454346,0.004154597409069538,1.4663481712341309,0.004194591194391251,2.423233985900879,0.013521898537874222,2.419130325317383,0.014401276595890522,0.7483360171318054,0.05520349740982056
13,9,2.8667845726013184,0.012739438563585281,4.212243556976318,0.03566303104162216,1.4394478797912598,0.03444502502679825,1.4660539627075195,0.005911729298532009,1.4691987037658691,0.006549527402967215,2.42781925201416,0.027277890592813492,2.4180991649627686,0.02990257367491722,0.7378120422363281,0.06343869864940643
13,10,2.855668306350708,0.010099569335579872,4.221714973449707,0.036227401345968246,1.4296587705612183,0.03212271258234978,1.4584332704544067,0.004159331321716309,1.4599809646606445,0.00488982442766428,2.433197021484375,0.033357635140419006,2.422973394393921,0.03644006326794624,0.7650914192199707,0.04791359230875969
13,11,2.8441696166992188,0.015517040155827999,4.246744155883789,0.05457279458642006,1.4460138082504272,0.054275449365377426,1.4597840309143066,0.005432565696537495,1.4610704183578491,0.006815975997596979,2.4600636959075928,0.04807867109775543,2.455233335494995,0.051622215658426285,0.8693355321884155,0.08492496609687805
13,12,2.8759870529174805,0.01910492591559887,4.177834987640381,0.08207126706838608,1.4456552267074585,0.06843478977680206,1.4623589515686035,0.006907074246555567,1.463611125946045,0.007572131231427193,2.4522881507873535,0.05489198863506317,2.444716215133667,0.0582641065120697,0.9105955362319946,0.12469611316919327
13,13,2.86322021484375,0.014729669317603111,4.2270379066467285,0.03490607813000679,1.422904372215271,0.05212446302175522,1.4669995307922363,0.006792132277041674,1.471208930015564,0.007436052896082401,2.4401345252990723,0.03592117503285408,2.437903642654419,0.03789890184998512,0.8609737157821655,0.1018177792429924
13,14,2.8703012466430664,0.025008277967572212,4.329043388366699,0.1668234020471573,1.6322158575057983,0.23656566441059113,1.461026906967163,0.009284919127821922,1.4618804454803467,0.00967099517583847,2.5943210124969482,0.17800627648830414,2.5994045734405518,0.18793043494224548,0.9705516695976257,0.26442351937294006
13,15,2.9105117321014404,0.03820589929819107,4.433907508850098,0.22637566924095154,2.194737195968628,0.4214020073413849,1.4731743335723877,0.015779994428157806,1.468146800994873,0.011658353731036186,2.954216718673706,0.28447550535202026,2.9858267307281494,0.2979845702648163,1.5148996114730835,0.5694729089736938
13,16,2.8694567680358887,0.042642973363399506,4.418544769287109,0.18770073354244232,2.1170825958251953,0.46641862392425537,1.4491150379180908,0.019437525421380997,1.4485048055648804,0.01857724040746689,2.9168758392333984,0.30808672308921814,2.943948268890381,0.32104572653770447,1.6095318794250488,0.6570561528205872
13,17,2.865907669067383,0.02963998354971409,4.489681243896484,0.24976927042007446,1.841403603553772,0.379717618227005,1.4653569459915161,0.014437890611588955,1.4654635190963745,0.01567196100950241,2.7720532417297363,0.3083132207393646,2.7881340980529785,0.315462589263916,1.1240440607070923,0.47571244835853577
13,18,2.88466739654541,0.02479744702577591,4.449603080749512,0.21207281947135925,1.9791415929794312,0.3840695023536682,1.4710038900375366,0.01057766005396843,1.4690065383911133,0.01125218067318201,2.8212151527404785,0.27713972330093384,2.8472673892974854,0.2898465096950531,1.181070327758789,0.48935356736183167
13,19,2.8459079265594482,0.045354343950748444,4.541689872741699,0.25478243827819824,1.904058814048767,0.3516071140766144,1.4525322914123535,0.019993193447589874,1.4533376693725586,0.02165389060974121,2.8084726333618164,0.2899954915046692,2.8314621448516846,0.29537057876586914,1.0381511449813843,0.37070491909980774
13,20,2.906158208847046,0.049215029925107956,4.304793357849121,0.19465197622776031,1.5171175003051758,0.2496245950460434,1.4683035612106323,0.022287126630544662,1.4719440937042236,0.023152820765972137,2.554311752319336,0.20642103254795074,2.563447952270508,0.21225570142269135,0.9246976971626282,0.24037306010723114
13,21,2.8785033226013184,0.03540918603539467,4.360635757446289,0.17065192759037018,1.6667230129241943,0.34776970744132996,1.459004521369934,0.017882175743579865,1.460644245147705,0.019079620018601418,2.6298036575317383,0.2545967400074005,2.6406049728393555,0.2651025652885437,0.9757065773010254,0.4288663864135742
13,22,2.9120349884033203,0.05939832702279091,4.658290386199951,0.43489426374435425,1.9577587842941284,0.5946011543273926,1.4722719192504883,0.02659452334046364,1.4715694189071655,0.02919691428542137,2.951082229614258,0.5016305446624756,2.963881015777588,0.505036473274231,1.3435543775558472,0.6223552227020264
13,23,2.963083505630493,0.03475140035152435,4.544967174530029,0.35926011204719543,1.9309293031692505,0.42093539237976074,1.5125541687011719,0.015114828012883663,1.5138441324234009,0.015940874814987183,2.9164748191833496,0.3764215409755707,2.940401077270508,0.3817386031150818,1.3895834684371948,0.4049130976200104
13,24,2.9522998332977295,0.03801030293107033,4.497609615325928,0.31746000051498413,1.7667232751846313,0.41000157594680786,1.5001304149627686,0.017032986506819725,1.5014731884002686,0.01651882752776146,2.796942949295044,0.3664194941520691,2.805464267730713,0.3761623501777649,1.2078328132629395,0.42911165952682495
13,25,2.8981332778930664,0.033101100474596024,4.417215824127197,0.2582796514034271,2.018245220184326,0.3295302987098694,1.4673479795455933,0.016926206648349762,1.4700448513031006,0.01715964823961258,2.9090020656585693,0.26733648777008057,2.9395151138305664,0.2721443474292755,1.7119632959365845,0.3970557749271393
13,26,2.9336538314819336,0.03350106254220009,4.330288887023926,0.2555990219116211,1.6590973138809204,0.3339146375656128,1.489836573600769,0.014930108562111855,1.4934533834457397,0.015421471558511257,2.6817104816436768,0.28976693749427795,2.694681167602539,0.29677286744117737,1.2752799987792969,0.3520045578479767
13,27,2.963833808898926,0.03614334017038345,4.107532501220703,0.16214685142040253,1.320399522781372,0.17125605046749115,1.4991178512573242,0.017831210047006607,1.5057334899902344,0.019104639068245888,2.406554698944092,0.1603088080883026,2.404863119125366,0.1656053066253662,0.9332672357559204,0.20812471210956573
13,28,2.9587740898132324,0.03694067895412445,4.44804573059082,0.3031104803085327,1.708646535873413,0.4245947599411011,1.4952518939971924,0.019451774656772614,1.4985826015472412,0.020167414098978043,2.762080430984497,0.3600362539291382,2.77671480178833,0.3646042048931122,1.2330200672149658,0.42599907517433167
13,29,2.956263780593872,0.04250731319189072,4.375007152557373,0.3406897783279419,1.883015751838684,0.42906686663627625,1.503280520439148,0.019933093339204788,1.507088303565979,0.01986175961792469,2.842575788497925,0.3771800398826599,2.871303081512451,0.3783052861690521,1.5190433263778687,0.4854133427143097
13,30,2.9297878742218018,0.039943400770425797,4.406209945678711,0.3455348014831543,1.8061169385910034,0.40295878052711487,1.4885096549987793,0.0182147566229105,1.4924267530441284,0.020539700984954834,2.788236379623413,0.34143856167793274,2.8129656314849854,0.345583438873291,1.347480297088623,0.339408814907074
13,31,2.9416451454162598,0.03639424964785576,4.352705478668213,0.30503830313682556,1.6339939832687378,0.3659946024417877,1.4832043647766113,0.0175764262676239,1.4880181550979614,0.017934652045369148,2.688419818878174,0.3164151906967163,2.704188585281372,0.3190910816192627,1.2786791324615479,0.32656991481781006
13,32,2.9304134845733643,0.04584523290395737,4.111667633056641,0.26961076259613037,1.6321606636047363,0.2502620816230774,1.4930897951126099,0.021813753992319107,1.4995782375335693,0.022865833714604378,2.5991904735565186,0.22799496352672577,2.627152919769287,0.22999326884746552,1.390945315361023,0.2954990565776825
13,33,2.8983516693115234,0.034016042947769165,4.150536060333252,0.21482643485069275,1.6769776344299316,0.22067639231681824,1.477358102798462,0.015752770006656647,1.4828135967254639,0.016859866678714752,2.603567600250244,0.17638026177883148,2.6291871070861816,0.18114253878593445,1.281112551689148,0.27793610095977783
13,34,2.9714386463165283,0.046666622161865234,4.271539211273193,0.2699926495552063,1.454900860786438,0.3262903690338135,1.5034371614456177,0.022014692425727844,1.5082248449325562,0.0234390739351511,2.5599732398986816,0.28071796894073486,2.567641019821167,0.2850044071674347,1.0688221454620361,0.2882903516292572
13,35,2.9724392890930176,0.05115405470132828,4.152871608734131,0.26099881529808044,1.420852541923523,0.29170626401901245,1.5077329874038696,0.021865246817469597,1.5138168334960938,0.02369837462902069,2.4968509674072266,0.2604563236236572,2.508960485458374,0.26520177721977234,1.0832011699676514,0.28306764364242554
13,36,2.9010720252990723,0.036220449954271317,4.420072555541992,0.23536556959152222,1.7442735433578491,0.2976377606391907,1.4775264263153076,0.0167734082788229,1.4793610572814941,0.018850885331630707,2.7250027656555176,0.25111356377601624,2.7440543174743652,0.25851425528526306,1.1062482595443726,0.30447667837142944
13,37,2.9744138717651367,0.047093089669942856,4.366926670074463,0.3185183107852936,1.725077509880066,0.37569475173950195,1.5102784633636475,0.020165588706731796,1.5140266418457031,0.01884203590452671,2.7627010345458984,0.3425664007663727,2.781698703765869,0.34556880593299866,1.4036548137664795,0.3938584327697754
13,38,2.9620797634124756,0.039263006299734116,4.198863983154297,0.24943296611309052,1.4908796548843384,0.2651948034763336,1.506044864654541,0.01876291073858738,1.5124168395996094,0.019927455112338066,2.5519614219665527,0.23990711569786072,2.5662121772766113,0.2440342903137207,1.1529088020324707,0.24783076345920563
13,39,2.9835333824157715,0.05066700652241707,4.3841166496276855,0.32525867223739624,1.6810638904571533,0.40902212262153625,1.505588173866272,0.02340136095881462,1.5088982582092285,0.02419853024184704,2.748872995376587,0.3595198392868042,2.761152744293213,0.3630983233451843,1.3610154390335083,0.43216803669929504
13,40,2.9745845794677734,0.05032400041818619,4.3393659591674805,0.3212239444255829,1.4965516328811646,0.417296439409256,1.5002423524856567,0.025192435830831528,1.504899263381958,0.02788184955716133,2.6150193214416504,0.34657806158065796,2.623453140258789,0.3497946560382843,1.1149822473526,0.35859522223472595
13,41,2.9695072174072266,0.039643824100494385,4.501784324645996,0.38117098808288574,1.7964099645614624,0.45945239067077637,1.5028477907180786,0.01775025948882103,1.504359483718872,0.017068056389689445,2.8446555137634277,0.4143880009651184,2.859046697616577,0.4181530475616455,1.3528013229370117,0.45046210289001465
13,42,2.9417660236358643,0.03908153995871544,4.139370918273926,0.18099045753479004,1.4442172050476074,0.17887572944164276,1.492275357246399,0.0157266017049551,1.4977614879608154,0.016838783398270607,2.49204158782959,0.16956265270709991,2.5038645267486572,0.17311982810497284,1.098661184310913,0.2680838406085968
13,43,2.92578125,0.04354292154312134,4.267840385437012,0.2251509428024292,1.435475468635559,0.27351081371307373,1.4760146141052246,0.021753814071416855,1.4807734489440918,0.023657266050577164,2.513033866882324,0.23384568095207214,2.5120689868927,0.23924481868743896,0.916267454624176,0.24825769662857056
13,44,2.9221155643463135,0.03905690833926201,4.644222259521484,0.34784871339797974,1.886836290359497,0.4486596882343292,1.4758801460266113,0.019831497222185135,1.4759639501571655,0.02113919146358967,2.905341386795044,0.38651973009109497,2.9187679290771484,0.3931150436401367,1.1725610494613647,0.41615331172943115
14,0,2.8434958457946777,0.006754717789590359,4.219893932342529,0.010459582321345806,1.466525912284851,0.013268299400806427,1.4653825759887695,0.0036079338751733303,1.464582085609436,0.0037390172947198153,2.422151565551758,0.00689335260540247,2.4184091091156006,0.008066438138484955,0.7273337841033936,0.027866076678037643
14,1,2.846754789352417,0.00603080540895462,4.222872734069824,0.011914631351828575,1.4547858238220215,0.015924807637929916,1.4644098281860352,0.0032384919468313456,1.463161587715149,0.003517661476507783,2.427070379257202,0.010770302265882492,2.419495105743408,0.011620436795055866,0.7450536489486694,0.039679523557424545
14,2,2.844531536102295,0.005873244721442461,4.219473361968994,0.010234979912638664,1.4635943174362183,0.014696034602820873,1.463646650314331,0.0034662559628486633,1.463855266571045,0.0032829600386321545,2.4224021434783936,0.007352510001510382,2.4164228439331055,0.008622272871434689,0.7392650842666626,0.03240559250116348
14,3,2.847756862640381,0.005172685720026493,4.219568252563477,0.01063539832830429,1.4564387798309326,0.01249137707054615,1.4631526470184326,0.003406182862818241,1.4631686210632324,0.003636338282376528,2.422431230545044,0.008160652592778206,2.414719820022583,0.008657148107886314,0.7303467392921448,0.028709856793284416
14,4,2.850522041320801,0.004757893271744251,4.215758800506592,0.007814079523086548,1.459333896636963,0.013286464847624302,1.4630311727523804,0.003737666644155979,1.4622365236282349,0.0035192377399653196,2.4225337505340576,0.00725586200132966,2.413198947906494,0.007205078843981028,0.7197844982147217,0.024531489238142967
14,5,2.8455474376678467,0.006226896308362484,4.219399929046631,0.011841476894915104,1.457944631576538,0.012264572083950043,1.4638007879257202,0.002721767872571945,1.4630448818206787,0.0030187107622623444,2.4218320846557617,0.007338399533182383,2.416612148284912,0.008276158012449741,0.7353550791740417,0.03656163439154625
14,6,2.8500006198883057,0.0052869971841573715,4.2212815284729,0.011539180763065815,1.4526790380477905,0.017596131190657616,1.4637867212295532,0.003267067950218916,1.463544487953186,0.00363011728040874,2.4239745140075684,0.010155432857573032,2.4190375804901123,0.011490082368254662,0.7383525371551514,0.03013019822537899
14,7,2.853670597076416,0.008561437018215656,4.222649574279785,0.02587519958615303,1.4536466598510742,0.027336327359080315,1.465050458908081,0.00455013383179903,1.465145468711853,0.0046772719360888,2.43418025970459,0.01664116606116295,2.4266583919525146,0.018121303990483284,0.7765186429023743,0.06602342426776886
14,8,2.8465120792388916,0.008939885534346104,4.216784477233887,0.017888957634568214,1.4587287902832031,0.025067122653126717,1.464322805404663,0.0039008455350995064,1.4664496183395386,0.004051991738379002,2.428560495376587,0.012185425497591496,2.4227006435394287,0.013099671341478825,0.7990177273750305,0.06963710486888885
14,9,2.8634603023529053,0.014108559116721153,4.203485488891602,0.03961162269115448,1.4349961280822754,0.032604873180389404,1.4672093391418457,0.0070353178307414055,1.4671837091445923,0.007207609247416258,2.429790496826172,0.024805782362818718,2.421780586242676,0.025687621906399727,0.8010356426239014,0.08218894153833389
14,10,2.8553965091705322,0.010468442924320698,4.219217777252197,0.027288630604743958,1.4292786121368408,0.02740759775042534,1.4601101875305176,0.004647053778171539,1.459954023361206,0.0045977248810231686,2.432490587234497,0.026776915416121483,2.4250128269195557,0.02871057763695717,0.7960172295570374,0.05736817046999931
14,11,2.844803810119629,0.014344137161970139,4.231093883514404,0.04989665746688843,1.4383995532989502,0.04296901822090149,1.4630584716796875,0.004751062486320734,1.463401436805725,0.005343319848179817,2.459066867828369,0.03831842914223671,2.4570465087890625,0.04046248644590378,0.9348161220550537,0.10662880539894104
14,12,2.8745784759521484,0.020900217816233635,4.1293559074401855,0.09802968800067902,1.4381636381149292,0.059141118079423904,1.465457558631897,0.008394981734454632,1.4654322862625122,0.008911529555916786,2.447693109512329,0.042671188712120056,2.4481313228607178,0.044538699090480804,1.0593973398208618,0.16673848032951355
14,13,2.859151601791382,0.014146794565021992,4.220681190490723,0.026480844244360924,1.4241427183151245,0.0441986620426178,1.4691790342330933,0.00620997091755271,1.4720864295959473,0.006414272356778383,2.450640916824341,0.02833479270339012,2.4501070976257324,0.029579075053334236,0.9579195976257324,0.11363568156957626
14,14,2.8644325733184814,0.02380073070526123,4.249517440795898,0.1653372347354889,1.6203840970993042,0.23343276977539062,1.4638409614562988,0.00921756774187088,1.4636073112487793,0.00932195596396923,2.5755484104156494,0.15570713579654694,2.577389717102051,0.1633257269859314,1.1003098487854004,0.3043912649154663
14,15,2.895463228225708,0.031907327473163605,4.196303844451904,0.23903311789035797,2.1347246170043945,0.41097262501716614,1.470456838607788,0.013579451479017735,1.467496395111084,0.01122331339865923,2.8624024391174316,0.2514617443084717,2.8872013092041016,0.2654637098312378,1.6571550369262695,0.5509976148605347
14,16,2.8584585189819336,0.038541436195373535,4.254153251647949,0.1884065866470337,2.046947956085205,0.4619215726852417,1.4507172107696533,0.01959538459777832,1.4529145956039429,0.018328120931982994,2.8496453762054443,0.2848462462425232,2.875018835067749,0.29620400071144104,1.7247967720031738,0.6277952194213867
14,17,2.8717827796936035,0.0366947278380394,4.340920925140381,0.19725462794303894,1.741209864616394,0.3585025668144226,1.4720524549484253,0.018234578892588615,1.472705364227295,0.017496764659881592,2.682579755783081,0.27106884121894836,2.700125217437744,0.2757541537284851,1.2002774477005005,0.48659566044807434
14,18,2.875807523727417,0.021366123110055923,4.255026340484619,0.18975475430488586,1.9134951829910278,0.3657902777194977,1.4720103740692139,0.012151111848652363,1.4707138538360596,0.012598138302564621,2.727599859237671,0.23672543466091156,2.7484242916107178,0.2487977147102356,1.2581760883331299,0.4920956492424011
14,19,2.847318649291992,0.050228483974933624,4.34362268447876,0.18892407417297363,1.7549803256988525,0.3164636790752411,1.460216999053955,0.023100096732378006,1.462050437927246,0.02197105623781681,2.6679298877716064,0.2403978556394577,2.6918137073516846,0.2436171919107437,1.0817108154296875,0.3712051212787628
14,20,2.917922258377075,0.04940391704440117,4.2242326736450195,0.14999838173389435,1.4387249946594238,0.21573202311992645,1.4800883531570435,0.023417748510837555,1.48203444480896,0.022718535736203194,2.4997365474700928,0.16803155839443207,2.5168662071228027,0.17109926044940948,1.0333735942840576,0.23217475414276123
14,21,2.8859968185424805,0.037689946591854095,4.2535786628723145,0.10787294805049896,1.60206937789917,0.33529189229011536,1.4652835130691528,0.02013503946363926,1.4664736986160278,0.019206510856747627,2.570621967315674,0.22306779026985168,2.584650993347168,0.23224973678588867,1.0666708946228027,0.44378116726875305
14,22,2.924668073654175,0.05846954137086868,4.468618869781494,0.3337462246417999,1.791780948638916,0.5195289850234985,1.4865533113479614,0.02748604491353035,1.4865490198135376,0.02710629440844059,2.803009271621704,0.4276330769062042,2.8191652297973633,0.42635053396224976,1.3402769565582275,0.5814065337181091
14,23,2.993363380432129,0.03818385675549507,4.312011241912842,0.3250642716884613,1.7398775815963745,0.3937414884567261,1.5342133045196533,0.01895325817167759,1.5364309549331665,0.018788350746035576,2.754011869430542,0.3463338315486908,2.7807061672210693,0.3496934771537781,1.4317604303359985,0.38740095496177673
14,24,2.960475444793701,0.0409676693379879,4.350661277770996,0.2534833550453186,1.6588294506072998,0.36049970984458923,1.510846734046936,0.020191902294754982,1.5114151239395142,0.019830942153930664,2.7050323486328125,0.31351718306541443,2.714668035507202,0.31922924518585205,1.3182013034820557,0.41051211953163147
14,25,2.90016508102417,0.036524370312690735,4.15599250793457,0.2374461144208908,1.8359856605529785,0.3047591745853424,1.476057767868042,0.020171096548438072,1.4832239151000977,0.01976623944938183,2.7506096363067627,0.23451708257198334,2.789853096008301,0.23754845559597015,1.8034266233444214,0.37151506543159485
14,26,2.947873115539551,0.037626903504133224,4.166929244995117,0.21384668350219727,1.548168659210205,0.29615145921707153,1.5036208629608154,0.018768852576613426,1.5077859163284302,0.019009815528988838,2.5897717475891113,0.24936331808567047,2.61069393157959,0.25399330258369446,1.4151326417922974,0.33935055136680603
14,27,2.9713058471679688,0.03627483546733856,4.044060707092285,0.13380397856235504,1.2719842195510864,0.13116979598999023,1.5049769878387451,0.019945288076996803,1.5086669921875,0.020180046558380127,2.370112657546997,0.12767253816127777,2.373169422149658,0.13112975656986237,1.0658447742462158,0.222807377576828
14,28,2.97860050201416,0.040317729115486145,4.299047470092773,0.244895800948143,1.5745280981063843,0.38017672300338745,1.5133363008499146,0.023374279960989952,1.5158287286758423,0.023352980613708496,2.65712308883667,0.31513622403144836,2.679305076599121,0.3170953094959259,1.3293184041976929,0.4052581489086151
14,29,2.9849977493286133,0.04255825653672218,4.153547763824463,0.3228452205657959,1.6774874925613403,0.4171712100505829,1.5259194374084473,0.021860167384147644,1.5311861038208008,0.02157931588590145,2.6779427528381348,0.3640640676021576,2.715963363647461,0.3651866316795349,1.540504813194275,0.47390198707580566
14,30,2.9554250240325928,0.04748573526740074,4.206910610198975,0.3132288157939911,1.642751932144165,0.38337835669517517,1.5079628229141235,0.02325146645307541,1.5129221677780151,0.024068422615528107,2.6605429649353027,0.30883222818374634,2.693495750427246,0.3091694712638855,1.4597164392471313,0.3221262991428375
14,31,2.96370005607605,0.039160095155239105,4.190438747406006,0.26266777515411377,1.4865760803222656,0.3250688314437866,1.500917673110962,0.02014981023967266,1.5052943229675293,0.019648991525173187,2.5745890140533447,0.27665266394615173,2.5995349884033203,0.2768937647342682,1.3825165033340454,0.3121807277202606
14,32,2.958442449569702,0.0499151311814785,3.9203381538391113,0.24827879667282104,1.4670143127441406,0.22310087084770203,1.511654019355774,0.026453960686922073,1.5188995599746704,0.026108134537935257,2.4738192558288574,0.19865261018276215,2.5102012157440186,0.20273691415786743,1.4813857078552246,0.2938472032546997
14,33,2.9210691452026367,0.042791035026311874,3.9436798095703125,0.2086171805858612,1.5364904403686523,0.20685982704162598,1.4918758869171143,0.021910635754466057,1.4988991022109985,0.022026723250746727,2.490859031677246,0.15034839510917664,2.5265653133392334,0.15436844527721405,1.4243305921554565,0.27989938855171204
14,34,2.983138084411621,0.044886212795972824,4.172926425933838,0.2113511860370636,1.3646659851074219,0.2675733268260956,1.5131959915161133,0.02236507460474968,1.5150243043899536,0.021938549354672432,2.484569787979126,0.22529438138008118,2.498168706893921,0.22709916532039642,1.1362589597702026,0.25135868787765503
14,35,2.994457721710205,0.049477964639663696,4.024662494659424,0.22242820262908936,1.3050309419631958,0.24955341219902039,1.5213149785995483,0.023652618750929832,1.5247441530227661,0.024354388937354088,2.4020960330963135,0.22517719864845276,2.4185116291046143,0.22976849973201752,1.1651326417922974,0.2922643721103668
14,36,2.9221601486206055,0.050831299275159836,4.237044811248779,0.2173391580581665,1.606126070022583,0.28987404704093933,1.4919074773788452,0.02431536093354225,1.4942901134490967,0.02561771683394909,2.613208532333374,0.23095661401748657,2.6390793323516846,0.23498940467834473,1.2426939010620117,0.3235878050327301
14,37,2.9941015243530273,0.04966283589601517,4.173783779144287,0.28103211522102356,1.556045651435852,0.33773431181907654,1.5275604724884033,0.02448631078004837,1.5314019918441772,0.02340703457593918,2.632084608078003,0.3028044104576111,2.659423828125,0.3036785423755646,1.5184632539749146,0.3636803925037384
14,38,2.992532968521118,0.043657537549734116,4.05162239074707,0.23358242213726044,1.3767263889312744,0.23348864912986755,1.5224758386611938,0.023970695212483406,1.5275764465332031,0.0242241770029068,2.468369483947754,0.21195261180400848,2.4878249168395996,0.21484975516796112,1.3197014331817627,0.23481528460979462
14,39,2.9966812133789062,0.052598871290683746,4.217136383056641,0.26405370235443115,1.5237152576446533,0.34788262844085693,1.5208675861358643,0.026847267523407936,1.5232417583465576,0.0270028505474329,2.618284225463867,0.3030236065387726,2.6374459266662598,0.30470868945121765,1.4115699529647827,0.40192562341690063
14,40,2.9825308322906494,0.05066888779401779,4.242636680603027,0.25257250666618347,1.407686710357666,0.3601692020893097,1.5090287923812866,0.02546432614326477,1.5110455751419067,0.025592442601919174,2.5420076847076416,0.29150283336639404,2.556617021560669,0.291545033454895,1.1987558603286743,0.3348463773727417
14,41,2.986090660095215,0.03941532224416733,4.302934646606445,0.31737130880355835,1.6298773288726807,0.39500969648361206,1.5188953876495361,0.020657241344451904,1.5208128690719604,0.01976735331118107,2.7042555809020996,0.35271480679512024,2.724660873413086,0.35305410623550415,1.4467413425445557,0.4109417498111725
14,42,2.951706886291504,0.04081005975604057,3.9974117279052734,0.1705971360206604,1.326267957687378,0.13510628044605255,1.5008494853973389,0.019416972994804382,1.505159854888916,0.020377689972519875,2.39666748046875,0.13496869802474976,2.417254686355591,0.13813360035419464,1.2247225046157837,0.2832460105419159
14,43,2.9318649768829346,0.042062196880578995,4.210604667663574,0.16855530440807343,1.381881594657898,0.22311972081661224,1.4829216003417969,0.02259768359363079,1.4854226112365723,0.023006826639175415,2.4702305793762207,0.18590600788593292,2.475874423980713,0.18847548961639404,1.001033902168274,0.23239849507808685
14,44,2.928229570388794,0.04221600294113159,4.47611141204834,0.28117725253105164,1.7406339645385742,0.4015549123287201,1.484299898147583,0.021862758323550224,1.4844175577163696,0.022492453455924988,2.7753140926361084,0.3345603346824646,2.788412094116211,0.335214227437973,1.2309092283248901,0.4022885859012604
15,0,2.8480944633483887,0.006521391682326794,4.2310662269592285,0.007915697991847992,1.472059965133667,0.011924227699637413,1.4667198657989502,0.003355142194777727,1.4650787115097046,0.003673487575724721,2.428537607192993,0.005906316451728344,2.4348573684692383,0.0070436676032841206,0.7278987169265747,0.02445165626704693
15,1,2.855809211730957,0.005957608111202717,4.230900764465332,0.010417970828711987,1.4615281820297241,0.012771264649927616,1.468503475189209,0.003375931177288294,1.465946912765503,0.004013590980321169,2.430035352706909,0.008536205627024174,2.4340076446533203,0.009767684154212475,0.7216023802757263,0.024304604157805443
15,2,2.849475383758545,0.006398327648639679,4.231645107269287,0.006592899095267057,1.4652416706085205,0.014206205494701862,1.4647135734558105,0.0030637409072369337,1.4634023904800415,0.0030879538971930742,2.4274637699127197,0.006139509845525026,2.432378053665161,0.00751979136839509,0.7332614064216614,0.024467024952173233
15,3,2.854212760925293,0.004452380817383528,4.230411052703857,0.007914599031209946,1.4626644849777222,0.009372607804834843,1.4663498401641846,0.0030543142929673195,1.464818000793457,0.0033996938727796078,2.4291107654571533,0.006276470143347979,2.4331231117248535,0.006536997389048338,0.7289686799049377,0.019590897485613823
15,4,2.856301784515381,0.004720460623502731,4.22549295425415,0.006872177589684725,1.4589195251464844,0.010299605317413807,1.465607762336731,0.003363354131579399,1.4631483554840088,0.0033423404674977064,2.427090644836426,0.005803077016025782,2.429328203201294,0.006250498816370964,0.7185856103897095,0.02063727006316185
15,5,2.853139638900757,0.0058910842053592205,4.229010105133057,0.008318539708852768,1.4620169401168823,0.011500776745378971,1.4666959047317505,0.0028871705289930105,1.4644192457199097,0.003369350917637348,2.4257702827453613,0.005929509177803993,2.4315879344940186,0.00714559480547905,0.7188721299171448,0.022623488679528236
15,6,2.854915142059326,0.0048643010668456554,4.231720924377441,0.009586970321834087,1.4565634727478027,0.012239491567015648,1.4664356708526611,0.0032266792841255665,1.4649277925491333,0.0035936792846769094,2.428673028945923,0.008134802803397179,2.4347198009490967,0.008873473852872849,0.7370492815971375,0.02425740845501423
15,7,2.858858585357666,0.008473234251141548,4.235772132873535,0.016018345952033997,1.453089714050293,0.019980978220701218,1.4661747217178345,0.004172003827989101,1.4644193649291992,0.004766177386045456,2.437272071838379,0.01330539956688881,2.440594434738159,0.013969561085104942,0.752371609210968,0.05190003290772438
15,8,2.8539276123046875,0.00803857296705246,4.234210014343262,0.010448743589222431,1.4578356742858887,0.020688969641923904,1.4660722017288208,0.004024729132652283,1.4665768146514893,0.004382737912237644,2.430030584335327,0.010397501289844513,2.434800624847412,0.010723670944571495,0.7582950592041016,0.050262451171875
15,9,2.872230291366577,0.013521946966648102,4.219949722290039,0.03035667911171913,1.4338322877883911,0.025416260585188866,1.4711567163467407,0.00731147825717926,1.469547986984253,0.007970902137458324,2.4271204471588135,0.019510917365550995,2.4287147521972656,0.020904462784528732,0.7217150926589966,0.05577949061989784
15,10,2.8599672317504883,0.009750605560839176,4.219253063201904,0.021767284721136093,1.4206445217132568,0.02401547133922577,1.4640284776687622,0.004534873180091381,1.4614731073379517,0.004502410069108009,2.4266064167022705,0.020233726128935814,2.429145097732544,0.022005075588822365,0.7767051458358765,0.04343288764357567
15,11,2.848100185394287,0.014846422709524632,4.235859394073486,0.042879391461610794,1.4217545986175537,0.04246314615011215,1.4659417867660522,0.005127863027155399,1.4645240306854248,0.005868288688361645,2.4472103118896484,0.03483603522181511,2.4544663429260254,0.036666594445705414,0.891898512840271,0.08675272762775421
15,12,2.8770720958709717,0.019313571974635124,4.162115097045898,0.07686328887939453,1.3867791891098022,0.0445592887699604,1.4685006141662598,0.007909868843853474,1.4666662216186523,0.008328131400048733,2.424560785293579,0.037890225648880005,2.4272654056549072,0.038851577788591385,0.9232863783836365,0.1192391887307167
15,13,2.868896722793579,0.01458197832107544,4.221045970916748,0.028073608875274658,1.3969483375549316,0.04704169183969498,1.4733519554138184,0.007071026600897312,1.473987102508545,0.007343332748860121,2.4308271408081055,0.028468143194913864,2.4406025409698486,0.028546078130602837,0.8814288973808289,0.09747593104839325
15,14,2.8636910915374756,0.021842265501618385,4.281377792358398,0.13014638423919678,1.5631729364395142,0.2008582353591919,1.4634817838668823,0.009461586363613605,1.4623805284500122,0.009918779134750366,2.5474398136138916,0.1354597955942154,2.5565390586853027,0.1418973207473755,0.9801338315010071,0.2516980767250061
15,15,2.879481315612793,0.0280697513371706,4.304664611816406,0.21029873192310333,2.0327308177948,0.3919813930988312,1.4603861570358276,0.013152102008461952,1.4599370956420898,0.012703802436590195,2.8166768550872803,0.23853017389774323,2.8446106910705566,0.2528792917728424,1.4129315614700317,0.5102195143699646
15,16,2.8421826362609863,0.04904599115252495,4.3257246017456055,0.1799856722354889,1.9850142002105713,0.45882323384284973,1.4412461519241333,0.025997215881943703,1.444064974784851,0.024623477831482887,2.8163437843322754,0.28331688046455383,2.8491153717041016,0.2944871485233307,1.5425764322280884,0.6299903988838196
15,17,2.8707733154296875,0.04030851274728775,4.381577014923096,0.19625599682331085,1.6907583475112915,0.3271414637565613,1.4667997360229492,0.01940344087779522,1.466539740562439,0.01759236678481102,2.6528735160827637,0.24466559290885925,2.677910089492798,0.2506401240825653,1.0123224258422852,0.394529789686203
15,18,2.8750052452087402,0.0238177627325058,4.317630767822266,0.16452345252037048,1.8033463954925537,0.33090901374816895,1.4672439098358154,0.015137328766286373,1.4677788019180298,0.014987542293965816,2.674197196960449,0.2103847712278366,2.7010936737060547,0.22356757521629333,1.0488742589950562,0.42036959528923035
15,19,2.852562665939331,0.04832758754491806,4.3504958152771,0.16416962444782257,1.653047800064087,0.25737929344177246,1.4555845260620117,0.021115079522132874,1.4561618566513062,0.01901734061539173,2.600288152694702,0.18646004796028137,2.631620168685913,0.19404679536819458,0.8592249155044556,0.22886021435260773
15,20,2.917328119277954,0.04455450177192688,4.222137928009033,0.12801125645637512,1.3861585855484009,0.1832578033208847,1.4733580350875854,0.0201881006360054,1.4720580577850342,0.01892968639731407,2.4627039432525635,0.1337704360485077,2.4846205711364746,0.1404268741607666,0.877133309841156,0.1714789867401123
15,21,2.8866777420043945,0.03956630080938339,4.288730144500732,0.12498486787080765,1.5520892143249512,0.30561113357543945,1.4627337455749512,0.020450081676244736,1.4621942043304443,0.018282068893313408,2.5493476390838623,0.20328214764595032,2.5697872638702393,0.2132209837436676,0.921419084072113,0.36163637042045593
15,22,2.91866397857666,0.058186788111925125,4.435595989227295,0.32080498337745667,1.645097255706787,0.42892423272132874,1.4739712476730347,0.024601971730589867,1.4719408750534058,0.02353164181113243,2.6809768676757812,0.3466334342956543,2.7093698978424072,0.3540058732032776,0.9804014563560486,0.3580683767795563
15,23,2.9777092933654785,0.033641207963228226,4.297852993011475,0.27522197365760803,1.549591064453125,0.28533434867858887,1.5133564472198486,0.015930693596601486,1.5136905908584595,0.017554359510540962,2.5978946685791016,0.2541569173336029,2.62799072265625,0.26659974455833435,0.9765587449073792,0.1814306378364563
15,24,2.949392318725586,0.03403449058532715,4.355461120605469,0.23926517367362976,1.5441479682922363,0.2871304452419281,1.4977153539657593,0.014661367051303387,1.4959090948104858,0.01513349637389183,2.613072156906128,0.24827192723751068,2.629744052886963,0.2586837708950043,0.9815073609352112,0.22120366990566254
15,25,2.9174957275390625,0.032116882503032684,4.210083484649658,0.21753010153770447,1.6105186939239502,0.22582687437534332,1.4842350482940674,0.01782025769352913,1.4898051023483276,0.018131356686353683,2.6190054416656494,0.18443933129310608,2.6561102867126465,0.1889299899339676,1.361354112625122,0.24632203578948975
15,26,2.952664852142334,0.03123839572072029,4.197457790374756,0.18500256538391113,1.4088053703308105,0.20993593335151672,1.4994601011276245,0.01582924835383892,1.5001931190490723,0.01706060767173767,2.4977798461914062,0.18207961320877075,2.519284248352051,0.18940842151641846,1.0494784116744995,0.18696150183677673
15,27,2.9689323902130127,0.030225548893213272,4.0658111572265625,0.10964991897344589,1.2228096723556519,0.09559500217437744,1.4986883401870728,0.016877206042408943,1.4968764781951904,0.018012670800089836,2.336296558380127,0.09392303973436356,2.3417131900787354,0.09730397909879684,0.8434094190597534,0.16654516756534576
15,28,2.96419620513916,0.037306178361177444,4.296903133392334,0.2135329246520996,1.4522347450256348,0.28030887246131897,1.4956026077270508,0.019333109259605408,1.4945143461227417,0.019495047628879547,2.5538108348846436,0.23012790083885193,2.582765579223633,0.23742343485355377,0.9514843821525574,0.1910901516675949
15,29,2.987900733947754,0.03323792666196823,4.144083499908447,0.26159265637397766,1.4413344860076904,0.26681292057037354,1.5122750997543335,0.017590457573533058,1.5143074989318848,0.019526176154613495,2.4879112243652344,0.24819453060626984,2.527996778488159,0.25574231147766113,0.9559914469718933,0.2468949258327484
15,30,2.9612984657287598,0.04562459513545036,4.207971572875977,0.26918718218803406,1.4625705480575562,0.28867632150650024,1.5004676580429077,0.02273411862552166,1.5022181272506714,0.02366127446293831,2.5283994674682617,0.23336663842201233,2.561854839324951,0.2405860871076584,1.0349891185760498,0.16897842288017273
15,31,2.9662961959838867,0.03486628457903862,4.201063632965088,0.23133017122745514,1.3682496547698975,0.24980132281780243,1.4936566352844238,0.017232270911335945,1.494126558303833,0.017288802191615105,2.486942768096924,0.21195587515830994,2.515756130218506,0.21819691359996796,1.024370551109314,0.16119222342967987
15,32,2.9783642292022705,0.03711574897170067,3.950122594833374,0.211833655834198,1.2976797819137573,0.13843180239200592,1.5140010118484497,0.01803874783217907,1.5174744129180908,0.019352983683347702,2.353973388671875,0.14353401958942413,2.3819074630737305,0.14959949254989624,1.0485213994979858,0.2123284488916397
15,33,2.943269729614258,0.03723819553852081,3.9927873611450195,0.1821841299533844,1.3807709217071533,0.1399124264717102,1.4987530708312988,0.017345495522022247,1.5034772157669067,0.018281301483511925,2.398857355117798,0.11079934239387512,2.427948236465454,0.11606713384389877,1.0735101699829102,0.17959757149219513
15,34,2.9779696464538574,0.042551979422569275,4.172275543212891,0.1713511347770691,1.2998664379119873,0.2039441615343094,1.501672625541687,0.019415248185396194,1.49885892868042,0.018901843577623367,2.430259943008423,0.1643906533718109,2.4476239681243896,0.17105044424533844,0.9021294116973877,0.1478768289089203
15,35,2.986574649810791,0.045155663043260574,4.044589996337891,0.18180234730243683,1.2297571897506714,0.17971916496753693,1.5085803270339966,0.020818818360567093,1.5070457458496094,0.02174808457493782,2.3457305431365967,0.16116878390312195,2.359657049179077,0.16880372166633606,0.8894835114479065,0.1932065784931183
15,36,2.9219565391540527,0.04884191229939461,4.24749755859375,0.17825622856616974,1.4821738004684448,0.21334832906723022,1.4845792055130005,0.022922586649656296,1.4845768213272095,0.02385103330016136,2.524441719055176,0.16555801033973694,2.5539026260375977,0.17257140576839447,0.9256483316421509,0.1796533614397049
15,37,2.9869110584259033,0.03615831583738327,4.176600456237793,0.23030021786689758,1.3938522338867188,0.2321919947862625,1.5140260457992554,0.016158970072865486,1.5140435695648193,0.017174163833260536,2.4964325428009033,0.21348974108695984,2.5248095989227295,0.21965862810611725,1.0407754182815552,0.20515893399715424
15,38,2.987553596496582,0.036226432770490646,4.073594570159912,0.1916857808828354,1.2733778953552246,0.16946357488632202,1.5146470069885254,0.019432174041867256,1.5153335332870483,0.020752830430865288,2.390770673751831,0.15428903698921204,2.4084863662719727,0.16164855659008026,0.9861255884170532,0.1352202594280243
15,39,2.985241651535034,0.04637698829174042,4.2034220695495605,0.21424467861652374,1.374045968055725,0.24855689704418182,1.5041476488113403,0.022682620212435722,1.5021965503692627,0.023459801450371742,2.4894134998321533,0.21392211318016052,2.511903762817383,0.22065681219100952,0.9716256856918335,0.2223166972398758
15,40,2.97575306892395,0.05062655732035637,4.225295066833496,0.21417838335037231,1.3276339769363403,0.2803884744644165,1.4972649812698364,0.023425014689564705,1.4946783781051636,0.02276901714503765,2.4698102474212646,0.21640591323375702,2.492281436920166,0.22281016409397125,0.9305852651596069,0.18066251277923584
15,41,2.9686331748962402,0.030742458999156952,4.279050827026367,0.26434028148651123,1.465272068977356,0.28907692432403564,1.499326229095459,0.015295123681426048,1.4976725578308105,0.01641502045094967,2.558773994445801,0.2601430118083954,2.5836026668548584,0.2676437497138977,0.979554295539856,0.22137391567230225
15,42,2.959268808364868,0.03191659227013588,4.038166046142578,0.1415117233991623,1.2404192686080933,0.0899224802851677,1.4988319873809814,0.016121961176395416,1.4983057975769043,0.018164921551942825,2.338446617126465,0.09809639304876328,2.3606855869293213,0.10160496085882187,0.8874268531799316,0.1982773095369339
15,43,2.9246387481689453,0.04025772213935852,4.198751449584961,0.133723646402359,1.3406192064285278,0.1728719174861908,1.474769115447998,0.01941058412194252,1.4732095003128052,0.01924627460539341,2.4332449436187744,0.13533243536949158,2.442755937576294,0.1408587396144867,0.8541842699050903,0.14390794932842255
15,44,2.91341495513916,0.04069547727704048,4.43576192855835,0.2521201968193054,1.6188663244247437,0.3219805657863617,1.4719794988632202,0.019996685907244682,1.4699273109436035,0.020530350506305695,2.6667416095733643,0.262889564037323,2.6911144256591797,0.2693834602832794,0.9179591536521912,0.21593748033046722
16,0,2.8472189903259277,0.005525763612240553,4.228602409362793,0.007159477099776268,1.4692051410675049,0.010963893495500088,1.461649775505066,0.0028173914179205894,1.4628430604934692,0.0029837300535291433,2.4253525733947754,0.005471332464367151,2.429051160812378,0.007725440431386232,0.7094233632087708,0.02127360738813877
16,1,2.8517067432403564,0.0053546130657196045,4.229881286621094,0.009959127753973007,1.4604486227035522,0.013562047854065895,1.4621418714523315,0.0028227244038134813,1.4625005722045898,0.0032043519895523787,2.4283902645111084,0.008730955421924591,2.427990674972534,0.01104463916271925,0.7111701369285583,0.02293691597878933
16,2,2.848717451095581,0.004867514595389366,4.2264909744262695,0.007529023569077253,1.4639972448349,0.012362404726445675,1.4597787857055664,0.002935345284640789,1.4618946313858032,0.0026673092506825924,2.4238662719726562,0.005848791915923357,2.424009084701538,0.008468790911138058,0.7171877026557922,0.021323353052139282
16,3,2.8508827686309814,0.004114056006073952,4.226971626281738,0.008607566356658936,1.4595431089401245,0.010369597002863884,1.460057020187378,0.002816644264385104,1.4618829488754272,0.00304422783665359,2.4257030487060547,0.006653353571891785,2.4244675636291504,0.008162028156220913,0.7160875797271729,0.020451471209526062
16,4,2.852231979370117,0.003924229647964239,4.222177505493164,0.0060306116938591,1.4577336311340332,0.00966012291610241,1.4586906433105469,0.00316506065428257,1.4597491025924683,0.0029773509595543146,2.4256675243377686,0.0053570568561553955,2.4211792945861816,0.006725834216922522,0.7113311290740967,0.020394401624798775
16,5,2.849517822265625,0.005532122682780027,4.2284836769104,0.007951775565743446,1.4613196849822998,0.011662598699331284,1.4607691764831543,0.0025773821398615837,1.4615134000778198,0.0028713552746921778,2.42463755607605,0.005602285731583834,2.4265284538269043,0.00807966385036707,0.7096742391586304,0.02246522717177868
16,6,2.8523831367492676,0.004297666717320681,4.228966236114502,0.008835609070956707,1.4539233446121216,0.012340355664491653,1.460200309753418,0.002856763545423746,1.4622056484222412,0.003125346964225173,2.426619052886963,0.00716453418135643,2.4277820587158203,0.008867453783750534,0.7285680174827576,0.02596794068813324
16,7,2.8571503162384033,0.00789210107177496,4.230529308319092,0.01841091550886631,1.4528999328613281,0.018303466960787773,1.460831642150879,0.0038670722860842943,1.4624879360198975,0.00420765858143568,2.434680461883545,0.01268070936203003,2.4328980445861816,0.015076813288033009,0.7453004717826843,0.051598936319351196
16,8,2.8508777618408203,0.007978900335729122,4.229374885559082,0.012554697692394257,1.455790400505066,0.019255006685853004,1.4606074094772339,0.00375723815523088,1.4647482633590698,0.004030309617519379,2.4279093742370605,0.010389834642410278,2.429003953933716,0.011714172549545765,0.7645671367645264,0.05657753348350525
16,9,2.8679094314575195,0.013039122335612774,4.220765113830566,0.026246456429362297,1.4367409944534302,0.02492375858128071,1.465311884880066,0.007027480285614729,1.4670521020889282,0.0075212507508695126,2.428908586502075,0.01700156182050705,2.4273622035980225,0.01883244328200817,0.7294214367866516,0.06117389351129532
16,10,2.8560543060302734,0.008975938893854618,4.218265533447266,0.022606678307056427,1.4288641214370728,0.023160962387919426,1.456592082977295,0.004248419310897589,1.4576627016067505,0.003969756420701742,2.430610418319702,0.020321650430560112,2.4247522354125977,0.02376502938568592,0.7734732031822205,0.0413687601685524
16,11,2.8491430282592773,0.012227049097418785,4.239284038543701,0.04130938649177551,1.4405450820922852,0.041082147508859634,1.4600008726119995,0.00413790438324213,1.4615697860717773,0.0044305152259767056,2.4532389640808105,0.03486483544111252,2.4546821117401123,0.03865695744752884,0.8666079044342041,0.08128882944583893
16,12,2.8777072429656982,0.018246332183480263,4.1729021072387695,0.07067814469337463,1.424033522605896,0.04537498950958252,1.4632710218429565,0.008406045846641064,1.46453857421875,0.009132632054388523,2.4421896934509277,0.032624728977680206,2.439518690109253,0.03542359173297882,0.9204371571540833,0.12589417397975922
16,13,2.8643181324005127,0.01208532601594925,4.222743988037109,0.024341650307178497,1.4162628650665283,0.03706655651330948,1.4629199504852295,0.005429986398667097,1.4672049283981323,0.005677608773112297,2.437610387802124,0.022771134972572327,2.439774751663208,0.024839984253048897,0.8749071359634399,0.09339015930891037
16,14,2.869020938873291,0.020963365212082863,4.254434585571289,0.12359538674354553,1.5563304424285889,0.18314771354198456,1.458924412727356,0.007838906720280647,1.4604427814483643,0.00816082488745451,2.5287485122680664,0.12050588428974152,2.5317471027374268,0.12898702919483185,0.9656827449798584,0.24427103996276855
16,15,2.905358076095581,0.03152497112751007,4.227227687835693,0.21320600807666779,2.0019540786743164,0.3825187683105469,1.4663379192352295,0.012273475527763367,1.466821551322937,0.010127565823495388,2.772726058959961,0.2247774302959442,2.796635389328003,0.2398144155740738,1.4071171283721924,0.5345649719238281
16,16,2.866645574569702,0.034354981034994125,4.2721848487854,0.16998238861560822,1.9368432760238647,0.42867329716682434,1.4462741613388062,0.01769777201116085,1.4504655599594116,0.016761822625994682,2.7636687755584717,0.2595324218273163,2.795060396194458,0.2733325660228729,1.4847304821014404,0.6166772246360779
16,17,2.8786916732788086,0.02854658104479313,4.36824369430542,0.1830953061580658,1.6988972425460815,0.30493247509002686,1.4667909145355225,0.01407709065824747,1.4687517881393433,0.013857748359441757,2.6449286937713623,0.2304375171661377,2.6709139347076416,0.23815567791461945,1.0073392391204834,0.39854177832603455
16,18,2.8842852115631104,0.018632996827363968,4.272426128387451,0.1540679931640625,1.7927342653274536,0.3125738501548767,1.4666643142700195,0.010157055221498013,1.4688880443572998,0.010900943540036678,2.644052743911743,0.19314289093017578,2.6692593097686768,0.20700450241565704,1.023512601852417,0.4243188500404358
16,19,2.858680009841919,0.038388077169656754,4.3511762619018555,0.1625446081161499,1.6867865324020386,0.2543223202228546,1.4570050239562988,0.016760144382715225,1.4606642723083496,0.016291068866848946,2.607914686203003,0.189850851893425,2.6416964530944824,0.19961558282375336,0.8620494604110718,0.2541770040988922
16,20,2.9155402183532715,0.04039163142442703,4.239742279052734,0.13991761207580566,1.4283844232559204,0.1879284828901291,1.4693259000778198,0.018364494666457176,1.4731152057647705,0.01821911893785,2.4811055660247803,0.1444648653268814,2.5002481937408447,0.154192253947258,0.8912818431854248,0.1818784773349762
16,21,2.8886160850524902,0.029940135776996613,4.2718119621276855,0.10438012331724167,1.562543511390686,0.2870110273361206,1.4592846632003784,0.015907105058431625,1.462304949760437,0.015363034792244434,2.541419744491577,0.1880357712507248,2.5591890811920166,0.20073680579662323,0.9284321665763855,0.370993435382843
16,22,2.914149761199951,0.051539961248636246,4.452202796936035,0.3086364269256592,1.700922966003418,0.4346108138561249,1.4731111526489258,0.022496333345770836,1.4741536378860474,0.023195898160338402,2.7096188068389893,0.3539694845676422,2.738067388534546,0.3654806911945343,1.0568126440048218,0.42550235986709595
16,23,2.976557970046997,0.03439842537045479,4.324093818664551,0.27537643909454346,1.6237194538116455,0.30605465173721313,1.51759934425354,0.017107577994465828,1.5223976373672485,0.018559899181127548,2.6517138481140137,0.26873746514320374,2.684185266494751,0.28180667757987976,1.1105451583862305,0.25584831833839417
16,24,2.9507346153259277,0.03462791442871094,4.381814002990723,0.23711742460727692,1.611778974533081,0.30720236897468567,1.497765064239502,0.01738085225224495,1.4997503757476807,0.01754244603216648,2.656036376953125,0.2653953731060028,2.6719810962677,0.27894526720046997,1.0647813081741333,0.2973018288612366
16,25,2.901454210281372,0.031882669776678085,4.2634124755859375,0.20673777163028717,1.7526452541351318,0.24969860911369324,1.4776109457015991,0.016927506774663925,1.4865704774856567,0.01760646142065525,2.7108538150787354,0.1954207569360733,2.7513461112976074,0.20248234272003174,1.5041229724884033,0.32070595026016235
16,26,2.9413363933563232,0.03194921463727951,4.237848281860352,0.18175581097602844,1.5051651000976562,0.23498183488845825,1.4947618246078491,0.016026625409722328,1.5006053447723389,0.017094874754548073,2.5602822303771973,0.198002427816391,2.583033800125122,0.20742395520210266,1.1608455181121826,0.24519044160842896
16,27,2.966907024383545,0.03317059203982353,4.092392444610596,0.11323704570531845,1.2761805057525635,0.10638942569494247,1.4962773323059082,0.018186720088124275,1.5017200708389282,0.019371775910258293,2.3724887371063232,0.10210517048835754,2.371889591217041,0.10897177457809448,0.8982362151145935,0.18295741081237793
16,28,2.961268901824951,0.0368557907640934,4.341497421264648,0.23169420659542084,1.5503615140914917,0.3312092125415802,1.4962774515151978,0.020390460267663002,1.5005791187286377,0.021082544699311256,2.6190602779388428,0.27120858430862427,2.64981746673584,0.2812708616256714,1.078348159790039,0.3004949986934662
16,29,2.9754233360290527,0.03888534754514694,4.199633598327637,0.2669437825679779,1.5995501279830933,0.3142010271549225,1.5142489671707153,0.019349342212080956,1.5231820344924927,0.02027033269405365,2.6025824546813965,0.27622848749160767,2.6474456787109375,0.28454744815826416,1.1996896266937256,0.34710851311683655
16,30,2.948178291320801,0.042322635650634766,4.265905857086182,0.2586691677570343,1.5938562154769897,0.29827189445495605,1.498573660850525,0.019646024331450462,1.5062905550003052,0.02179037593305111,2.615053415298462,0.23462943732738495,2.6549715995788574,0.24335238337516785,1.1781026124954224,0.2377241551876068
16,31,2.9510293006896973,0.036757536232471466,4.249447822570801,0.23413854837417603,1.4810049533843994,0.2765202522277832,1.488007664680481,0.018213870003819466,1.4944819211959839,0.01873891055583954,2.5589540004730225,0.22954541444778442,2.5898895263671875,0.23727457225322723,1.1575015783309937,0.23733007907867432
16,32,2.957512617111206,0.04418838769197464,4.012677192687988,0.21052497625350952,1.4450432062149048,0.16762301325798035,1.507761836051941,0.02065497636795044,1.5186703205108643,0.021737875416874886,2.463916540145874,0.148538738489151,2.498523712158203,0.1564301997423172,1.2457058429718018,0.2664977014064789
16,33,2.9208431243896484,0.03752554580569267,4.055235862731934,0.18131300806999207,1.5137755870819092,0.16197198629379272,1.4892044067382812,0.017114298418164253,1.4998390674591064,0.01830015704035759,2.4916388988494873,0.11690694838762283,2.5253684520721436,0.1246408149600029,1.2099512815475464,0.25401821732521057
16,34,2.972848892211914,0.04353766888380051,4.2105207443237305,0.19871360063552856,1.3672677278518677,0.2456250786781311,1.4999171495437622,0.020788351073861122,1.503690242767334,0.021205410361289978,2.477539300918579,0.19950607419013977,2.493093490600586,0.209341898560524,0.984729528427124,0.20448921620845795
16,35,2.9863953590393066,0.04739614576101303,4.081427097320557,0.19446444511413574,1.3026896715164185,0.20788253843784332,1.5100802183151245,0.02207868918776512,1.5161396265029907,0.023645853623747826,2.4004573822021484,0.18199704587459564,2.4147300720214844,0.1922675520181656,0.988803505897522,0.23625147342681885
16,36,2.9150209426879883,0.04181438311934471,4.314883232116699,0.1745072454214096,1.5947855710983276,0.23077498376369476,1.4825938940048218,0.01993003487586975,1.4867711067199707,0.022061944007873535,2.599827527999878,0.17863164842128754,2.6336183547973633,0.18879620730876923,1.0020091533660889,0.24105064570903778
16,37,2.9808313846588135,0.042869240045547485,4.229766368865967,0.23984123766422272,1.5107965469360352,0.267692506313324,1.514919400215149,0.020191123709082603,1.520877480506897,0.02008613385260105,2.5850412845611572,0.24014227092266083,2.6163885593414307,0.24725045263767242,1.219544768333435,0.2810303866863251
16,38,2.9776415824890137,0.03899829089641571,4.128152370452881,0.20273961126804352,1.373618721961975,0.19873739778995514,1.509975552558899,0.02109592780470848,1.5173436403274536,0.022690439596772194,2.4644291400909424,0.17554141581058502,2.485434055328369,0.1847451776266098,1.100252628326416,0.188654825091362
16,39,2.9824349880218506,0.04855884611606598,4.256781101226807,0.23390749096870422,1.476414680480957,0.2910178303718567,1.5062512159347534,0.02413490228354931,1.5103100538253784,0.02520226687192917,2.5660812854766846,0.24865077435970306,2.589343309402466,0.25807687640190125,1.1139588356018066,0.29963505268096924
16,40,2.968618392944336,0.05214305594563484,4.267597198486328,0.24039742350578308,1.4062942266464233,0.32545459270477295,1.4942659139633179,0.024248769506812096,1.497850775718689,0.02540234476327896,2.5208566188812256,0.2550896406173706,2.539973497390747,0.26516106724739075,1.0124036073684692,0.2603739798069
16,41,2.969200849533081,0.03290056064724922,4.3261494636535645,0.2739587724208832,1.5644752979278564,0.31854793429374695,1.5022395849227905,0.017258575186133385,1.5055034160614014,0.017619337886571884,2.630216121673584,0.28351810574531555,2.655792474746704,0.29387494921684265,1.1169108152389526,0.2951807975769043
16,42,2.944854974746704,0.03585957735776901,4.085637092590332,0.1379859745502472,1.3387690782546997,0.11459505558013916,1.4922949075698853,0.01640801504254341,1.4986584186553955,0.01818225346505642,2.4108333587646484,0.10604764521121979,2.4327147006988525,0.11338788270950317,1.0259320735931396,0.24575532972812653
16,43,2.923161506652832,0.03829995170235634,4.214024066925049,0.14876557886600494,1.374298095703125,0.18864840269088745,1.471143364906311,0.018572725355625153,1.4754153490066528,0.019441761076450348,2.4523868560791016,0.1515967845916748,2.454343557357788,0.16180391609668732,0.8875240087509155,0.17196136713027954
16,44,2.9159886837005615,0.03697758913040161,4.461061000823975,0.24827146530151367,1.6741118431091309,0.3340666592121124,1.4730453491210938,0.01877421885728836,1.4738593101501465,0.020205950364470482,2.6990127563476562,0.27441373467445374,2.7249855995178223,0.28568363189697266,0.9865461587905884,0.28536441922187805
17,0,2.8476336002349854,0.003356300061568618,4.220219612121582,0.005608133971691132,1.4556738138198853,0.007992876693606377,1.4624786376953125,0.002455129288136959,1.4623016119003296,0.0025057706516236067,2.4193179607391357,0.004413606598973274,2.4205095767974854,0.005417327396571636,0.7267662882804871,0.01958606392145157
17,1,2.8497109413146973,0.003934741020202637,4.219935417175293,0.007685494609177113,1.4522579908370972,0.009221013635396957,1.462061882019043,0.0028066604863852262,1.4609391689300537,0.002911375369876623,2.4231157302856445,0.006487927865236998,2.419616937637329,0.00764362933114171,0.7237564325332642,0.021472366526722908
17,2,2.848306894302368,0.003159544663503766,4.22087287902832,0.005074973218142986,1.4565914869308472,0.009068712592124939,1.460670828819275,0.0027850728947669268,1.4609233140945435,0.0023902233224362135,2.4204912185668945,0.005275004077702761,2.4192659854888916,0.006451326888054609,0.7247233390808105,0.01888211816549301
17,3,2.848814010620117,0.00296305725350976,4.220602035522461,0.005975428037345409,1.4540148973464966,0.0070284148678183556,1.4604796171188354,0.002483256859704852,1.4606274366378784,0.0025953317526727915,2.4232561588287354,0.004753671120852232,2.4194958209991455,0.005161917768418789,0.7292246222496033,0.01741376332938671
17,4,2.8492519855499268,0.0035070274025201797,4.218133926391602,0.006381549872457981,1.4521377086639404,0.007871940732002258,1.4596558809280396,0.002902076579630375,1.4587388038635254,0.0025003263726830482,2.424553871154785,0.005002583842724562,2.4187278747558594,0.0058368295431137085,0.7267189025878906,0.018449144437909126
17,5,2.848403215408325,0.003729277290403843,4.221372604370117,0.006255399435758591,1.4520291090011597,0.008082042448222637,1.461230754852295,0.002360506448894739,1.4605695009231567,0.0025460042525082827,2.419823169708252,0.005027397070080042,2.419917106628418,0.005443500354886055,0.723488450050354,0.021091733127832413
17,6,2.850625991821289,0.0033916134852916002,4.220695495605469,0.006635808851569891,1.4480345249176025,0.008910453878343105,1.4609886407852173,0.0025891277473419905,1.461086630821228,0.002752122934907675,2.4210283756256104,0.004966873209923506,2.4205005168914795,0.005763540044426918,0.7307989001274109,0.018845180049538612
17,7,2.8540966510772705,0.005406240001320839,4.220527172088623,0.010351268574595451,1.4435726404190063,0.013307467103004456,1.4610041379928589,0.0034319828264415264,1.4614338874816895,0.0033031764905899763,2.4249613285064697,0.007896538823843002,2.4217021465301514,0.009250746108591557,0.743903636932373,0.03481854125857353
17,8,2.8507535457611084,0.004971154034137726,4.223301887512207,0.007645553909242153,1.445768117904663,0.013434248976409435,1.461464524269104,0.00315533927641809,1.464369773864746,0.0034491969272494316,2.419276475906372,0.0070655508898198605,2.4198684692382812,0.007532529532909393,0.7527568936347961,0.043466050177812576
17,9,2.8637988567352295,0.011318759992718697,4.204452991485596,0.0275751743465662,1.4200341701507568,0.024787141010165215,1.4639687538146973,0.006317005958408117,1.4646847248077393,0.006546942051500082,2.414783000946045,0.018095368519425392,2.409327983856201,0.01829480566084385,0.7308688163757324,0.05328560248017311
17,10,2.8548214435577393,0.007654163055121899,4.207502841949463,0.015327345579862595,1.4200187921524048,0.021581891924142838,1.456904649734497,0.003823760664090514,1.4567630290985107,0.0033630107063800097,2.421481132507324,0.012973862700164318,2.4168224334716797,0.015321272425353527,0.7751715779304504,0.033787041902542114
17,11,2.849703073501587,0.009549474343657494,4.216834545135498,0.03149823471903801,1.4183098077774048,0.03239487111568451,1.4593325853347778,0.0037576945032924414,1.4608001708984375,0.003899869741871953,2.4286346435546875,0.02388891391456127,2.4306063652038574,0.02679353952407837,0.838683545589447,0.06445970386266708
17,12,2.8755037784576416,0.017389582470059395,4.147302627563477,0.06824120134115219,1.3741002082824707,0.035713933408260345,1.4596813917160034,0.007578114978969097,1.4610790014266968,0.00790323968976736,2.4028804302215576,0.02928011678159237,2.398049831390381,0.030102813616394997,0.8681881427764893,0.09503616392612457
17,13,2.8651540279388428,0.00985406618565321,4.210818290710449,0.01827526092529297,1.402126669883728,0.031625714153051376,1.4631174802780151,0.00531141459941864,1.4664795398712158,0.00512582715600729,2.4172377586364746,0.015119674615561962,2.42012357711792,0.015472185797989368,0.8202673196792603,0.07458452880382538
17,14,2.8626108169555664,0.01486271619796753,4.230832099914551,0.08722619712352753,1.4906119108200073,0.12931446731090546,1.457395315170288,0.00637024873867631,1.4587750434875488,0.0067416527308523655,2.4773662090301514,0.0825834572315216,2.4782650470733643,0.08962177485227585,0.8785329461097717,0.17133073508739471
17,15,2.886948347091675,0.021733272820711136,4.183476448059082,0.18207970261573792,1.818175196647644,0.3411758840084076,1.4583041667938232,0.01010663341730833,1.461117148399353,0.009432254359126091,2.6448323726654053,0.18976885080337524,2.6638906002044678,0.20853593945503235,1.17755925655365,0.4613800644874573
17,16,2.86369252204895,0.029808228835463524,4.205832004547119,0.13852205872535706,1.7416325807571411,0.36963951587677,1.4443080425262451,0.019434070214629173,1.4500133991241455,0.016769466921687126,2.620938777923584,0.21094362437725067,2.6487648487091064,0.22923040390014648,1.2272801399230957,0.5258002281188965
17,17,2.886244297027588,0.02708878554403782,4.275816917419434,0.13335829973220825,1.5448487997055054,0.22444763779640198,1.4678813219070435,0.013133428059518337,1.4685245752334595,0.011934313923120499,2.529418706893921,0.16729675233364105,2.5474698543548584,0.17754164338111877,0.8589794039726257,0.2893708646297455
17,18,2.8804473876953125,0.015334143303334713,4.219958782196045,0.12241422384977341,1.642611026763916,0.2532902956008911,1.4637850522994995,0.011919509619474411,1.4659075736999512,0.011215602979063988,2.5467207431793213,0.15114395320415497,2.5628621578216553,0.16792155802249908,0.9036394357681274,0.33856114745140076
17,19,2.8722586631774902,0.030404526740312576,4.2573561668396,0.11956607550382614,1.5250111818313599,0.17615215480327606,1.4597194194793701,0.013151226565241814,1.4604414701461792,0.012531097047030926,2.5000905990600586,0.13336502015590668,2.521160125732422,0.14526045322418213,0.767195463180542,0.1641077697277069
17,20,2.917478084564209,0.035222046077251434,4.181700229644775,0.09580622613430023,1.3482296466827393,0.12212670594453812,1.4673669338226318,0.014718995429575443,1.4686757326126099,0.01435412373393774,2.420961856842041,0.09541144967079163,2.4296212196350098,0.1049322560429573,0.8469009399414062,0.1449139416217804
17,21,2.889573574066162,0.025089720264077187,4.2116379737854,0.06686147302389145,1.4560155868530273,0.20395192503929138,1.4588618278503418,0.013404015451669693,1.4606021642684937,0.012402957305312157,2.4631881713867188,0.12772680819034576,2.4720029830932617,0.1420457363128662,0.8388631939888,0.2667389512062073
17,22,2.9218714237213135,0.04451457038521767,4.3404974937438965,0.2526033818721771,1.5366941690444946,0.3376237452030182,1.4706220626831055,0.019335594028234482,1.469713568687439,0.01901458576321602,2.5868380069732666,0.28099358081817627,2.6032474040985107,0.2961632013320923,0.9276385307312012,0.31673258543014526
17,23,2.9844512939453125,0.03516605496406555,4.195451259613037,0.2307109832763672,1.4395889043807983,0.22870635986328125,1.5112709999084473,0.018549825996160507,1.5130887031555176,0.019936414435505867,2.511965274810791,0.21113918721675873,2.528013229370117,0.22767259180545807,0.9818779826164246,0.1729000210762024
17,24,2.9460504055023193,0.032832663506269455,4.286748886108398,0.18728426098823547,1.474036455154419,0.22175705432891846,1.4899958372116089,0.01605388894677162,1.4903737306594849,0.015995370224118233,2.5458080768585205,0.1983039230108261,2.5501041412353516,0.212717205286026,0.9487377405166626,0.1972023844718933
17,25,2.9248359203338623,0.02683478407561779,4.1406354904174805,0.17635667324066162,1.5190997123718262,0.17539986968040466,1.480588674545288,0.016428999602794647,1.4885984659194946,0.018069477751851082,2.5385489463806152,0.14629387855529785,2.569096088409424,0.1546093076467514,1.2699511051177979,0.23755373060703278
17,26,2.9506943225860596,0.030673056840896606,4.142610549926758,0.143461212515831,1.3602356910705566,0.15730491280555725,1.4897111654281616,0.016696598380804062,1.4935041666030884,0.01725832000374794,2.444268226623535,0.14185170829296112,2.4519433975219727,0.15143898129463196,1.0195536613464355,0.16903527081012726
17,27,2.966325283050537,0.03005813993513584,4.049002647399902,0.09509184956550598,1.2265220880508423,0.07314329594373703,1.488024115562439,0.016469402238726616,1.4901375770568848,0.017107652500271797,2.3333547115325928,0.07613808661699295,2.3123598098754883,0.08055364340543747,0.8828725218772888,0.16153565049171448
17,28,2.9680581092834473,0.03516524285078049,4.225695610046387,0.16935257613658905,1.3776254653930664,0.21634221076965332,1.4895631074905396,0.01898852176964283,1.4903053045272827,0.018786590546369553,2.4861533641815186,0.18724530935287476,2.5004265308380127,0.19935713708400726,0.9293729662895203,0.17979998886585236
17,29,3.000969171524048,0.03718280419707298,4.064551830291748,0.22842027246952057,1.3617817163467407,0.22111448645591736,1.5145251750946045,0.020766105502843857,1.5185188055038452,0.022844385355710983,2.4292025566101074,0.21518194675445557,2.4520130157470703,0.22847247123718262,0.9922758340835571,0.24554243683815002
17,30,2.9702162742614746,0.037968315184116364,4.14516019821167,0.22966501116752625,1.3910778760910034,0.23604245483875275,1.499161720275879,0.019437899813055992,1.502862811088562,0.021569687873125076,2.4716525077819824,0.19589057564735413,2.4940390586853027,0.20805391669273376,1.0313429832458496,0.16974735260009766
17,31,2.9659857749938965,0.034251756966114044,4.144749641418457,0.1873362809419632,1.3187507390975952,0.18679805099964142,1.4847460985183716,0.017613504081964493,1.487594723701477,0.017548685893416405,2.434058427810669,0.16776859760284424,2.4496304988861084,0.17718583345413208,1.0094226598739624,0.15436610579490662
17,32,2.9821884632110596,0.03837289661169052,3.9176719188690186,0.18500903248786926,1.2762047052383423,0.11085010319948196,1.5097543001174927,0.02008279599249363,1.516847848892212,0.021983765065670013,2.3355166912078857,0.11373420059680939,2.3474488258361816,0.12497568130493164,1.0882359743118286,0.21054360270500183
17,33,2.9461066722869873,0.03344549238681793,3.962246894836426,0.16034665703773499,1.3440302610397339,0.11719062179327011,1.493719220161438,0.017159827053546906,1.5022003650665283,0.019006073474884033,2.3706600666046143,0.08569246530532837,2.390169858932495,0.09309941530227661,1.0789222717285156,0.18417085707187653
17,34,2.9747064113616943,0.03807849436998367,4.135294437408447,0.14234627783298492,1.276769757270813,0.1631062924861908,1.492281198501587,0.01812218688428402,1.4927771091461182,0.017492959275841713,2.4039483070373535,0.13416525721549988,2.4008290767669678,0.14488983154296875,0.9247250556945801,0.14670558273792267
17,35,2.9912991523742676,0.0425051674246788,4.0085883140563965,0.162693053483963,1.2084417343139648,0.15271376073360443,1.5032134056091309,0.020874978974461555,1.505151629447937,0.021636050194501877,2.3274168968200684,0.14040011167526245,2.317960739135742,0.15179498493671417,0.9421005249023438,0.19473838806152344
17,36,2.9353713989257812,0.0414176844060421,4.189200401306152,0.1494763195514679,1.4121798276901245,0.1736839860677719,1.4835172891616821,0.019555576145648956,1.4847075939178467,0.02136429399251938,2.4641973972320557,0.13856010138988495,2.4822683334350586,0.15001289546489716,0.8617428541183472,0.16715119779109955
17,37,2.989074945449829,0.03945628181099892,4.108577728271484,0.19379183650016785,1.334945559501648,0.18004857003688812,1.5078630447387695,0.02031080238521099,1.510322093963623,0.02057293802499771,2.439755916595459,0.17592349648475647,2.449277639389038,0.18543963134288788,1.0446782112121582,0.1961202472448349
17,38,2.9832541942596436,0.03594789281487465,4.042646408081055,0.16624581813812256,1.2524152994155884,0.13251666724681854,1.501887321472168,0.02058779075741768,1.5059720277786255,0.021379223093390465,2.3668906688690186,0.127041295170784,2.366842269897461,0.13676010072231293,1.0099331140518188,0.12629984319210052
17,39,2.9828407764434814,0.04113510251045227,4.154507160186768,0.18051524460315704,1.33418869972229,0.19901984930038452,1.496240496635437,0.021779188886284828,1.4966069459915161,0.02229739911854267,2.446237325668335,0.1790466159582138,2.4488441944122314,0.19171856343746185,0.9674397110939026,0.2061595767736435
17,40,2.969806432723999,0.04060155153274536,4.185019493103027,0.17568005621433258,1.3075355291366577,0.22029289603233337,1.4866005182266235,0.018329191952943802,1.4869065284729004,0.018156927078962326,2.4383347034454346,0.17656336724758148,2.4391472339630127,0.1896960735321045,0.9297727942466736,0.17101474106311798
17,41,2.9704623222351074,0.030401578173041344,4.198585033416748,0.21375571191310883,1.3944801092147827,0.22044436633586884,1.4932864904403687,0.016886981204152107,1.4938870668411255,0.01741577871143818,2.4903926849365234,0.20740386843681335,2.496890068054199,0.22057534754276276,0.9770569801330566,0.20550110936164856
17,42,2.9605462551116943,0.028446892276406288,4.011041164398193,0.12650591135025024,1.229690670967102,0.06738882511854172,1.4892265796661377,0.015503489412367344,1.4921211004257202,0.01760898157954216,2.3206276893615723,0.07881657779216766,2.323625326156616,0.08389808982610703,0.9067710638046265,0.19754453003406525
17,43,2.9222958087921143,0.03199588507413864,4.167691230773926,0.09816617518663406,1.3265079259872437,0.11605518311262131,1.4671390056610107,0.014268889091908932,1.4694223403930664,0.014467298053205013,2.4126410484313965,0.09441480040550232,2.4006495475769043,0.10569139569997787,0.8693897128105164,0.12440914660692215
17,44,2.9184012413024902,0.031538885086774826,4.339035987854004,0.19661085307598114,1.5160690546035767,0.2473549097776413,1.4687659740447998,0.015490811318159103,1.467353343963623,0.016781136393547058,2.571284294128418,0.2098933309316635,2.5843868255615234,0.22252094745635986,0.8536911010742188,0.1953054964542389
18,0,2.8494341373443604,0.0035104549024254084,4.219517707824707,0.006274847313761711,1.4596655368804932,0.008321731351315975,1.4631071090698242,0.0027650287374854088,1.463610053062439,0.0028205490671098232,2.4176502227783203,0.005305830854922533,2.4269416332244873,0.005971639417111874,0.7370488047599792,0.019618654623627663
18,1,2.851714849472046,0.004519689828157425,4.219010829925537,0.007522785570472479,1.455828070640564,0.0094231516122818,1.4635242223739624,0.0032817230094224215,1.4626622200012207,0.0034079125616699457,2.4206342697143555,0.00653873011469841,2.4250731468200684,0.007963689044117928,0.7314537167549133,0.02238059788942337
18,2,2.8502533435821533,0.003721808083355427,4.22050666809082,0.006272967904806137,1.4595907926559448,0.009883277118206024,1.4615265130996704,0.0030439388938248158,1.4619934558868408,0.0027308459393680096,2.419121026992798,0.006347871385514736,2.4260075092315674,0.007621129509061575,0.7312054634094238,0.018764426931738853
18,3,2.8506240844726562,0.0035561092663556337,4.220658779144287,0.00650720065459609,1.458753228187561,0.008083739317953587,1.4622972011566162,0.0027775131165981293,1.46234929561615,0.0029866781551390886,2.421456813812256,0.005633128806948662,2.4266128540039062,0.005865993443876505,0.7337854504585266,0.018918633460998535
18,4,2.851010322570801,0.004140767268836498,4.218491077423096,0.007112985476851463,1.4574573040008545,0.008981868624687195,1.4614063501358032,0.0030371458269655704,1.4602183103561401,0.002815855899825692,2.423658847808838,0.005823439918458462,2.426676034927368,0.007294416893273592,0.7309343218803406,0.019447477534413338
18,5,2.850142002105713,0.004042557906359434,4.221368789672852,0.006789123639464378,1.4545429944992065,0.008800418116152287,1.462333083152771,0.0026566735468804836,1.4620741605758667,0.0027924480382353067,2.4190027713775635,0.006135912146419287,2.4259121417999268,0.006029918324202299,0.736722469329834,0.02192145586013794
18,6,2.8528192043304443,0.00423011789098382,4.220667362213135,0.006520103197544813,1.4508607387542725,0.010131624527275562,1.4623401165008545,0.0028452198021113873,1.4626470804214478,0.003261050209403038,2.419449806213379,0.005810016766190529,2.4269089698791504,0.006941473111510277,0.7364871501922607,0.020036377012729645
18,7,2.8574166297912598,0.006366613321006298,4.219842433929443,0.010840958915650845,1.4483088254928589,0.014499939978122711,1.4625591039657593,0.0038794686552137136,1.4633057117462158,0.0038664652965962887,2.422691583633423,0.0079487981274724,2.4264774322509766,0.008443599566817284,0.7415118217468262,0.035414405167102814
18,8,2.854616641998291,0.005445824936032295,4.220763683319092,0.008852588012814522,1.4501651525497437,0.014997357502579689,1.4634888172149658,0.0034885082859545946,1.4670627117156982,0.0038462537340819836,2.416661024093628,0.007879498414695263,2.4220521450042725,0.007907988503575325,0.7515659928321838,0.044097352772951126
18,9,2.8672823905944824,0.012119660153985023,4.203126907348633,0.027432434260845184,1.4283086061477661,0.024479778483510017,1.465751051902771,0.006882492918521166,1.4671939611434937,0.007230093702673912,2.414996862411499,0.016452006995677948,2.413313388824463,0.01780654489994049,0.738229513168335,0.0527525432407856
18,10,2.8581480979919434,0.008376345038414001,4.209865570068359,0.015024914406239986,1.4186029434204102,0.021642010658979416,1.4587293863296509,0.004288171883672476,1.4581626653671265,0.003922221716493368,2.4198246002197266,0.012213623151183128,2.4207725524902344,0.015013330616056919,0.7732348442077637,0.036671195179224014
18,11,2.8533213138580322,0.009876654483377934,4.2142720222473145,0.03116474859416485,1.4174569845199585,0.031130334362387657,1.4601852893829346,0.004526196047663689,1.4626754522323608,0.004498714115470648,2.4266812801361084,0.02242964319884777,2.4327073097229004,0.025378208607435226,0.850818395614624,0.07394109666347504
18,12,2.88179874420166,0.01840250752866268,4.1386871337890625,0.06884904950857162,1.378671407699585,0.036608804017305374,1.4615739583969116,0.008445301093161106,1.4636784791946411,0.00856088101863861,2.4020280838012695,0.02824380248785019,2.3974339962005615,0.030489522963762283,0.8916560411453247,0.10535978525876999
18,13,2.8729848861694336,0.011633623391389847,4.205544948577881,0.018154915422201157,1.3976773023605347,0.03358127549290657,1.466915249824524,0.006719667464494705,1.4711830615997314,0.006439427845180035,2.4109714031219482,0.015445452183485031,2.416444778442383,0.014858194626867771,0.8133804798126221,0.0779649093747139
18,14,2.8676223754882812,0.016863740980625153,4.221347808837891,0.08933927118778229,1.4885061979293823,0.13613593578338623,1.4590082168579102,0.007381162140518427,1.4619300365447998,0.007693840656429529,2.471712589263916,0.0859747976064682,2.4757049083709717,0.0927504152059555,0.8958560228347778,0.19686178863048553
18,15,2.8968541622161865,0.02465345337986946,4.165665149688721,0.18504546582698822,1.8224471807479858,0.3626424968242645,1.4627737998962402,0.011116236448287964,1.4664379358291626,0.010613486170768738,2.638911247253418,0.2021511048078537,2.658353567123413,0.21966803073883057,1.1882528066635132,0.4932240843772888
18,16,2.8719828128814697,0.03395769000053406,4.189942836761475,0.14114536345005035,1.7505260705947876,0.3923887610435486,1.4476643800735474,0.021168673411011696,1.454982876777649,0.019032789394259453,2.6229782104492188,0.22818545997142792,2.6528491973876953,0.2436516433954239,1.2726000547409058,0.5693497657775879
18,17,2.8954155445098877,0.02995779551565647,4.26635217666626,0.13288603723049164,1.5454609394073486,0.23491564393043518,1.4722809791564941,0.015371397137641907,1.4733909368515015,0.013737617991864681,2.5208652019500732,0.17300981283187866,2.5437417030334473,0.18153521418571472,0.8496732115745544,0.3138660490512848
18,18,2.8894646167755127,0.016571370884776115,4.202038764953613,0.1193111315369606,1.640986442565918,0.2634408473968506,1.468572735786438,0.01218231301754713,1.4712828397750854,0.011761035770177841,2.533485174179077,0.156353160738945,2.5520524978637695,0.17193195223808289,0.8934095501899719,0.3602190911769867
18,19,2.8778035640716553,0.03123922273516655,4.252169132232666,0.12177040427923203,1.5307855606079102,0.182717427611351,1.4623510837554932,0.013924669474363327,1.4628148078918457,0.013152054511010647,2.4923925399780273,0.13730598986148834,2.5188233852386475,0.14918851852416992,0.7447383999824524,0.1716146320104599
18,20,2.927405595779419,0.035091158002614975,4.176156997680664,0.10329467058181763,1.349411129951477,0.1288846731185913,1.4716763496398926,0.01546608004719019,1.4731378555297852,0.01488413941115141,2.417764902114868,0.103185273706913,2.4258005619049072,0.11364784091711044,0.8377660512924194,0.16288815438747406
18,21,2.897926092147827,0.02570163458585739,4.204697608947754,0.06565918028354645,1.4600285291671753,0.21647554636001587,1.4628466367721558,0.014496470801532269,1.46506667137146,0.013109395280480385,2.460980176925659,0.13583876192569733,2.471933364868164,0.14983314275741577,0.8471382856369019,0.29595062136650085
18,22,2.9350426197052,0.04396900162100792,4.334664821624756,0.25937774777412415,1.5401829481124878,0.349814236164093,1.477000117301941,0.019946275278925896,1.475797414779663,0.01964527554810047,2.5850698947906494,0.293712317943573,2.600893974304199,0.3082318603992462,0.9174600839614868,0.352694034576416
18,23,2.992732286453247,0.03685621917247772,4.218504905700684,0.2543907165527344,1.4898099899291992,0.2593117654323578,1.5173884630203247,0.019509803503751755,1.519657850265503,0.021153615787625313,2.550154447555542,0.23803995549678802,2.5617172718048096,0.2554247975349426,1.0320441722869873,0.20596930384635925
18,24,2.9571921825408936,0.03463015705347061,4.302593231201172,0.2151315063238144,1.510903000831604,0.26052653789520264,1.496124267578125,0.01669881120324135,1.4966273307800293,0.0170931126922369,2.569844961166382,0.23264272511005402,2.5722100734710693,0.24837236106395721,0.95904541015625,0.24303549528121948
18,25,2.9357712268829346,0.028557181358337402,4.162598133087158,0.19225087761878967,1.5774109363555908,0.20714347064495087,1.483727216720581,0.01761898584663868,1.4933468103408813,0.019256439059972763,2.580122709274292,0.17224743962287903,2.6096439361572266,0.18089212477207184,1.3436470031738281,0.2737700343132019
18,26,2.9629855155944824,0.03197205811738968,4.150979995727539,0.1641782522201538,1.3882180452346802,0.18727026879787445,1.496131181716919,0.018066301941871643,1.5008164644241333,0.019174404442310333,2.4630117416381836,0.16731153428554535,2.4685702323913574,0.17746120691299438,1.0466595888137817,0.19885390996932983
18,27,2.978760004043579,0.031010350212454796,4.039886951446533,0.09624376893043518,1.238864779472351,0.07902396470308304,1.4973466396331787,0.01780671253800392,1.4982365369796753,0.01895875670015812,2.337216377258301,0.08131635189056396,2.3052189350128174,0.08578409254550934,0.8702861666679382,0.18072010576725006
18,28,2.97725248336792,0.037218812853097916,4.232477188110352,0.19128960371017456,1.4055218696594238,0.25157222151756287,1.49568772315979,0.020373806357383728,1.497006893157959,0.02080463618040085,2.5022690296173096,0.21590325236320496,2.51407527923584,0.22872041165828705,0.945955753326416,0.22184357047080994
18,29,3.0122950077056885,0.03713609650731087,4.10207986831665,0.25813159346580505,1.4374140501022339,0.27760669589042664,1.5226315259933472,0.020995918661355972,1.527763843536377,0.02389439195394516,2.4850988388061523,0.25684404373168945,2.5086669921875,0.26835665106773376,1.050060510635376,0.30159899592399597
18,30,2.977248430252075,0.03888664394617081,4.167118072509766,0.2540794610977173,1.4408856630325317,0.26717236638069153,1.5034141540527344,0.020720772445201874,1.508142352104187,0.02344289980828762,2.505211591720581,0.22034062445163727,2.526947259902954,0.23340125381946564,1.0674419403076172,0.2008860558271408
18,31,2.9741737842559814,0.0355059988796711,4.157735824584961,0.20980283617973328,1.3509761095046997,0.2195129692554474,1.4889830350875854,0.019129591062664986,1.4927984476089478,0.019255079329013824,2.455223798751831,0.19493447244167328,2.4696109294891357,0.20537225902080536,1.036871314048767,0.1839677393436432
18,32,2.9924416542053223,0.04028932750225067,3.9315061569213867,0.18901801109313965,1.3200442790985107,0.13198550045490265,1.516279935836792,0.02202710136771202,1.524656057357788,0.02402620203793049,2.3644254207611084,0.12542802095413208,2.3764030933380127,0.13699062168598175,1.1214687824249268,0.23933911323547363
18,33,2.9526331424713135,0.03471766412258148,3.9712390899658203,0.16487427055835724,1.3853652477264404,0.13548612594604492,1.4969277381896973,0.018162555992603302,1.5066697597503662,0.02001100964844227,2.3954761028289795,0.0974578782916069,2.4146080017089844,0.10711497068405151,1.1212520599365234,0.21034498512744904
18,34,2.9841952323913574,0.03923917934298515,4.13093900680542,0.14947748184204102,1.2884119749069214,0.1721859723329544,1.4991368055343628,0.01973111368715763,1.4993118047714233,0.01931096613407135,2.409330368041992,0.14220255613327026,2.3994479179382324,0.15458247065544128,0.9264735579490662,0.16725242137908936
18,35,3.0015687942504883,0.043037351220846176,4.010210990905762,0.16896440088748932,1.229727029800415,0.16912026703357697,1.5109411478042603,0.021968260407447815,1.5126519203186035,0.02323830872774124,2.340088129043579,0.15236379206180573,2.324152946472168,0.16376246511936188,0.9516825675964355,0.21922744810581207
18,36,2.9416587352752686,0.04226075857877731,4.212246894836426,0.167551651597023,1.4502644538879395,0.19934916496276855,1.4873123168945312,0.020962651818990707,1.4888482093811035,0.023454219102859497,2.4897663593292236,0.15912745893001556,2.5110301971435547,0.17132440209388733,0.8809314966201782,0.19545671343803406
18,37,3.00146484375,0.040635671466588974,4.1288933753967285,0.21063829958438873,1.378502607345581,0.2124207466840744,1.5155459642410278,0.021115919575095177,1.5187383890151978,0.021669559180736542,2.473848819732666,0.2025812417268753,2.4813485145568848,0.21177005767822266,1.08561110496521,0.23017841577529907
18,38,2.992649793624878,0.03760208562016487,4.042910575866699,0.17692962288856506,1.2768378257751465,0.14943069219589233,1.5082968473434448,0.02227228693664074,1.5130302906036377,0.02351682260632515,2.3813021183013916,0.14078587293624878,2.3759098052978516,0.15167874097824097,1.0354951620101929,0.14434051513671875
18,39,2.9967851638793945,0.04356040433049202,4.16574239730835,0.20402726531028748,1.3649688959121704,0.23151253163814545,1.5049200057983398,0.023376986384391785,1.5053960084915161,0.024683214724063873,2.4693071842193604,0.20728911459445953,2.4681708812713623,0.22104784846305847,0.9899458885192871,0.2482328563928604
18,40,2.981701135635376,0.04211977869272232,4.18159294128418,0.18634940683841705,1.3139415979385376,0.23768985271453857,1.4943264722824097,0.02037966623902321,1.4941078424453735,0.02038087695837021,2.4408862590789795,0.19047707319259644,2.4370317459106445,0.20478150248527527,0.9208856821060181,0.199531689286232
18,41,2.9838249683380127,0.032186027616262436,4.214102268218994,0.23516377806663513,1.4315626621246338,0.2500583231449127,1.5005433559417725,0.017842983826994896,1.5010398626327515,0.018915927037596703,2.518563747406006,0.23442339897155762,2.521388053894043,0.24889880418777466,1.0039997100830078,0.24986600875854492
18,42,2.975764751434326,0.029542099684476852,4.012484550476074,0.12810692191123962,1.246328353881836,0.0812983512878418,1.4983192682266235,0.01671466790139675,1.5012450218200684,0.019522035494446754,2.330301523208618,0.08785305917263031,2.331625461578369,0.09409669786691666,0.9109689593315125,0.222625732421875
18,43,2.930222511291504,0.03426947072148323,4.1613850593566895,0.10365808010101318,1.33197820186615,0.12252484261989594,1.4727801084518433,0.01656607910990715,1.473799705505371,0.016602469608187675,2.4127297401428223,0.0989561453461647,2.3949053287506104,0.11271914094686508,0.8516246676445007,0.14017239212989807
18,44,2.9262988567352295,0.033134326338768005,4.3482255935668945,0.21395929157733917,1.5362045764923096,0.2742195427417755,1.4725990295410156,0.016764497384428978,1.470941424369812,0.018472351133823395,2.582111120223999,0.23126183450222015,2.598551034927368,0.24397578835487366,0.8555498719215393,0.2289017140865326
19,0,2.8493540287017822,0.0040647475980222225,4.224545001983643,0.005426983814686537,1.4606308937072754,0.008980699814856052,1.4645566940307617,0.0026213277596980333,1.4655661582946777,0.002661343663930893,2.421504259109497,0.004198877140879631,2.4270944595336914,0.005035984329879284,0.7371875047683716,0.022029832005500793
19,1,2.8512940406799316,0.004042233340442181,4.226383686065674,0.007562420796602964,1.4559228420257568,0.010770430788397789,1.4643044471740723,0.0030158115550875664,1.464383840560913,0.0031094809528440237,2.425314426422119,0.0065941596403717995,2.426116466522217,0.007698973640799522,0.7365941405296326,0.023578505963087082
19,2,2.850853681564331,0.003542928025126457,4.224871635437012,0.005072967614978552,1.4594013690948486,0.009589466266334057,1.4624590873718262,0.0028724034782499075,1.4640228748321533,0.0024378905072808266,2.4226977825164795,0.004931035451591015,2.425320625305176,0.0057603660970926285,0.7361507415771484,0.018865186721086502
19,3,2.8514668941497803,0.0031793394591659307,4.224554538726807,0.0060708229430019855,1.4577991962432861,0.007719079498201609,1.4627667665481567,0.002581836888566613,1.4640523195266724,0.0027707938570529222,2.424285411834717,0.004733453970402479,2.4250364303588867,0.005046763923019171,0.7363130450248718,0.01883733458817005
19,4,2.852078914642334,0.0031933810096234083,4.222945690155029,0.005792438052594662,1.455251932144165,0.007926063612103462,1.4614917039871216,0.003068374004215002,1.462064504623413,0.002613266697153449,2.4256372451782227,0.005086539778858423,2.4238522052764893,0.00507585471495986,0.7340752482414246,0.019309382885694504
19,5,2.850052833557129,0.004401563201099634,4.226943492889404,0.005945343058556318,1.456264853477478,0.009036465547978878,1.4635992050170898,0.002461453201249242,1.4641444683074951,0.0025885587092489004,2.4224178791046143,0.004689685069024563,2.4263358116149902,0.005558558739721775,0.7371952533721924,0.022550364956259727
19,6,2.852273941040039,0.003520329250022769,4.225313186645508,0.0069173951633274555,1.451524257659912,0.009768758900463581,1.4628089666366577,0.0027984005864709616,1.4643700122833252,0.0030128294602036476,2.4230222702026367,0.005894176196306944,2.426264762878418,0.0064783841371536255,0.7440435886383057,0.02159726805984974
19,7,2.855968952178955,0.006323723588138819,4.2262043952941895,0.011601668782532215,1.4489082098007202,0.014308788813650608,1.4625239372253418,0.003559267148375511,1.4635610580444336,0.0037806692998856306,2.430006265640259,0.009880593977868557,2.4306867122650146,0.01110392902046442,0.7563525438308716,0.044736072421073914
19,8,2.8516831398010254,0.00634192256256938,4.22657585144043,0.008889597840607166,1.4522688388824463,0.01567944698035717,1.4631847143173218,0.003389630001038313,1.4671434164047241,0.003843731712549925,2.4242846965789795,0.00838745478540659,2.427480459213257,0.00872747041285038,0.7732622027397156,0.0515216663479805
19,9,2.86421275138855,0.011321060359477997,4.215475082397461,0.023984313011169434,1.4339306354522705,0.02323499321937561,1.4652971029281616,0.006635676603764296,1.4663872718811035,0.0069462936371564865,2.424124240875244,0.01578797958791256,2.4240427017211914,0.01676471345126629,0.7411260008811951,0.058059822767972946
19,10,2.8565073013305664,0.007388208992779255,4.214665412902832,0.016659563407301903,1.4249916076660156,0.020577209070324898,1.4590704441070557,0.003930550534278154,1.4590353965759277,0.0035800414625555277,2.426177978515625,0.014774260111153126,2.423579454421997,0.01713738776743412,0.7755028605461121,0.033965498208999634
19,11,2.848501682281494,0.01125956792384386,4.231287956237793,0.03461558371782303,1.4342344999313354,0.03606872260570526,1.461015224456787,0.003921212162822485,1.462440013885498,0.0044013019651174545,2.4425041675567627,0.029826927930116653,2.4471921920776367,0.03318338468670845,0.8581522107124329,0.07141128182411194
19,12,2.8733456134796143,0.017705488950014114,4.172658920288086,0.06375633925199509,1.4075462818145752,0.041440460830926895,1.4627488851547241,0.008427026681602001,1.4637936353683472,0.009210561402142048,2.4257419109344482,0.029503894969820976,2.4288294315338135,0.03200444579124451,0.8766958117485046,0.10678548365831375
19,13,2.8661751747131348,0.011547506786882877,4.216427803039551,0.019982248544692993,1.4093966484069824,0.0340799055993557,1.4654921293258667,0.005914284382015467,1.468915581703186,0.005999174900352955,2.422974109649658,0.019071562215685844,2.428412675857544,0.019857430830597878,0.8277309536933899,0.07890035957098007
19,14,2.8621933460235596,0.018982859328389168,4.2462687492370605,0.1071922779083252,1.5310163497924805,0.1769856959581375,1.4589413404464722,0.008235465735197067,1.4613178968429565,0.008291246369481087,2.5091097354888916,0.11056303232908249,2.5170741081237793,0.12051639705896378,0.9456832408905029,0.24231888353824615
19,15,2.883530855178833,0.026828734204173088,4.222846508026123,0.20983409881591797,1.960639238357544,0.3997398316860199,1.4597082138061523,0.013288912363350391,1.4644241333007812,0.012104583904147148,2.7399728298187256,0.22696079313755035,2.7748754024505615,0.24653087556362152,1.3375892639160156,0.5393350720405579
19,16,2.844806432723999,0.04375588893890381,4.247765064239502,0.1667887270450592,1.8983324766159058,0.43869534134864807,1.4386510848999023,0.02498570643365383,1.447149395942688,0.022548580542206764,2.730473518371582,0.26237308979034424,2.7710189819335938,0.27890482544898987,1.4568673372268677,0.6359681487083435
19,17,2.8774402141571045,0.03575257584452629,4.338522434234619,0.16941271722316742,1.6497986316680908,0.2952561378479004,1.4660463333129883,0.018233103677630424,1.4685888290405273,0.015497657470405102,2.602638006210327,0.21669889986515045,2.63631534576416,0.2255140244960785,0.9503582715988159,0.39008209109306335
19,18,2.8732986450195312,0.02050371654331684,4.260678291320801,0.145608052611351,1.7542880773544312,0.3153705894947052,1.4635201692581177,0.014522066339850426,1.467849850654602,0.013373609632253647,2.614750862121582,0.188264861702919,2.64993953704834,0.20552772283554077,0.9919310808181763,0.4272632598876953
19,19,2.8563015460968018,0.0422264039516449,4.323303699493408,0.14041279256343842,1.6304129362106323,0.23039698600769043,1.4552770853042603,0.01897263340651989,1.45780348777771,0.016189398244023323,2.561488628387451,0.16382701694965363,2.602445125579834,0.1744757890701294,0.7970302104949951,0.21447592973709106
19,20,2.9163870811462402,0.04306166246533394,4.221412181854248,0.12105529755353928,1.3937705755233765,0.172822967171669,1.4698306322097778,0.020095888525247574,1.47187077999115,0.018296293914318085,2.452946662902832,0.12690789997577667,2.47622013092041,0.13756103813648224,0.8456229567527771,0.17324510216712952
19,21,2.8845465183258057,0.03536691144108772,4.2568864822387695,0.09731105715036392,1.534537672996521,0.28687745332717896,1.4581565856933594,0.019987987354397774,1.4610306024551392,0.016578497365117073,2.5182762145996094,0.18406587839126587,2.5414721965789795,0.19990980625152588,0.9026890397071838,0.3814783990383148
19,22,2.9131288528442383,0.05537696182727814,4.400043964385986,0.2864975929260254,1.6241053342819214,0.40473055839538574,1.4707945585250854,0.02440446987748146,1.4708255529403687,0.02305091917514801,2.643925428390503,0.3230224847793579,2.6748440265655518,0.33718419075012207,0.9644341468811035,0.3873174786567688
19,23,2.979630470275879,0.03862689062952995,4.289741039276123,0.2781502604484558,1.561643123626709,0.29808884859085083,1.5170948505401611,0.01878969557583332,1.520053744316101,0.021455304697155952,2.5935115814208984,0.2590922713279724,2.6309621334075928,0.2762855291366577,0.9824502468109131,0.21293941140174866
19,24,2.9428393840789795,0.034234851598739624,4.365264892578125,0.23547598719596863,1.5668472051620483,0.29569509625434875,1.4938454627990723,0.016152340918779373,1.494157314300537,0.01708177477121353,2.612164258956909,0.2504401206970215,2.633546829223633,0.26716867089271545,0.9469088912010193,0.24091079831123352
19,25,2.8987667560577393,0.03338378295302391,4.249953746795654,0.21092094480991364,1.7053827047348022,0.24723468720912933,1.4728577136993408,0.018795453011989594,1.4856895208358765,0.019592050462961197,2.6625049114227295,0.19237010180950165,2.7120697498321533,0.19993552565574646,1.3890407085418701,0.29373297095298767
19,26,2.9427406787872314,0.03242651745676994,4.2162675857543945,0.18832986056804657,1.4537631273269653,0.22688110172748566,1.4934712648391724,0.016794193536043167,1.4993116855621338,0.018827635794878006,2.511566162109375,0.19116945564746857,2.538989305496216,0.20277151465415955,1.0450552701950073,0.21298736333847046
19,27,2.9736526012420654,0.03387207165360451,4.071938514709473,0.1092892661690712,1.2408162355422974,0.0956423431634903,1.4987159967422485,0.019221829250454903,1.4995791912078857,0.02085890620946884,2.3446156978607178,0.09431192278862,2.3373050689697266,0.1013714000582695,0.8263046145439148,0.1708347052335739
19,28,2.9616167545318604,0.04162855073809624,4.305838108062744,0.23094987869262695,1.4850449562072754,0.31985947489738464,1.4940258264541626,0.02190176397562027,1.4964280128479004,0.022586725652217865,2.559882879257202,0.2559698224067688,2.5942471027374268,0.26928895711898804,0.9515469074249268,0.2512146234512329
19,29,2.988633632659912,0.04132015258073807,4.16361141204834,0.2827873229980469,1.5136444568634033,0.3174111247062683,1.5179741382598877,0.021034231409430504,1.5261365175247192,0.024175994098186493,2.528606414794922,0.2747872769832611,2.5817227363586426,0.2859160900115967,1.0355994701385498,0.3100278079509735
19,30,2.9524776935577393,0.0514831580221653,4.23609733581543,0.27181124687194824,1.534627079963684,0.3036564886569977,1.4980908632278442,0.02486833743751049,1.506181001663208,0.027066996321082115,2.5610082149505615,0.23433752357959747,2.609243392944336,0.2447839379310608,1.0677486658096313,0.20850254595279694
19,31,2.9559051990509033,0.04076926037669182,4.217198371887207,0.2374320924282074,1.4215813875198364,0.2710869610309601,1.4877995252609253,0.020854124799370766,1.4937772750854492,0.02154238522052765,2.5036988258361816,0.22285637259483337,2.5406336784362793,0.2327006608247757,1.0363059043884277,0.20491595566272736
19,32,2.971761465072632,0.04776879400014877,3.979149580001831,0.20805217325687408,1.3774213790893555,0.16768303513526917,1.5134066343307495,0.023812489584088326,1.5250561237335205,0.02512427233159542,2.4019782543182373,0.14508849382400513,2.4430999755859375,0.15562096238136292,1.1124484539031982,0.25671374797821045
19,33,2.9276037216186523,0.04394123703241348,4.025998115539551,0.17735807597637177,1.4682176113128662,0.16176989674568176,1.4907623529434204,0.02108885534107685,1.5042083263397217,0.021958790719509125,2.444101333618164,0.1095319390296936,2.4890096187591553,0.11812672019004822,1.1214896440505981,0.2358725666999817
19,34,2.9784023761749268,0.046148668974637985,4.175256252288818,0.17202968895435333,1.3128840923309326,0.21477720141410828,1.5005673170089722,0.02258448675274849,1.5002310276031494,0.02210867963731289,2.432262897491455,0.1702871173620224,2.4436066150665283,0.18247199058532715,0.8924832344055176,0.18346354365348816
19,35,2.9981656074523926,0.04862506687641144,4.04980993270874,0.18803204596042633,1.2469792366027832,0.19697999954223633,1.514370083808899,0.02409735694527626,1.5163148641586304,0.02582138404250145,2.3557920455932617,0.17015032470226288,2.3665740489959717,0.18266142904758453,0.8941361308097839,0.22265173494815826
19,36,2.9172306060791016,0.04822090268135071,4.28103494644165,0.17747513949871063,1.5398075580596924,0.2259477972984314,1.4804621934890747,0.02343304455280304,1.4839656352996826,0.02568298950791359,2.5459909439086914,0.1709321141242981,2.588184118270874,0.18200847506523132,0.892753541469574,0.20540449023246765
19,37,2.9893524646759033,0.041385821998119354,4.187587738037109,0.23769709467887878,1.4352344274520874,0.25194311141967773,1.517167329788208,0.02040461264550686,1.5217400789260864,0.02164645493030548,2.515434980392456,0.22565989196300507,2.5492899417877197,0.23670580983161926,1.0664095878601074,0.24396975338459015
19,38,2.987304925918579,0.04040913283824921,4.0871357917785645,0.1981399804353714,1.311978816986084,0.18368591368198395,1.512987494468689,0.022953299805521965,1.5186179876327515,0.025159254670143127,2.407421350479126,0.16245391964912415,2.427064895629883,0.17458046972751617,0.9871147274971008,0.16125725209712982
19,39,2.9860785007476807,0.04673842713236809,4.219055652618408,0.22132176160812378,1.4040000438690186,0.2652073800563812,1.5058045387268066,0.02432037889957428,1.5067851543426514,0.026114128530025482,2.502701997756958,0.225505530834198,2.526298761367798,0.23844613134860992,0.9711087942123413,0.25421828031539917
19,40,2.9735007286071777,0.054548319429159164,4.229269027709961,0.21379491686820984,1.3484289646148682,0.29125773906707764,1.494937777519226,0.025742212310433388,1.4947144985198975,0.0253176037222147,2.4700684547424316,0.22276952862739563,2.486981153488159,0.2357414960861206,0.9013940691947937,0.2225808948278427
19,41,2.9705896377563477,0.03328607231378555,4.285188674926758,0.2666632831096649,1.4944628477096558,0.301371693611145,1.5011900663375854,0.017397386953234673,1.5022832155227661,0.019370945170521736,2.567214012145996,0.2654157280921936,2.5955557823181152,0.2790220081806183,0.9879695177078247,0.2576325535774231
19,42,2.9620895385742188,0.03290043771266937,4.046754360198975,0.13733157515525818,1.2765535116195679,0.10282953828573227,1.4984745979309082,0.017404496669769287,1.5028681755065918,0.021008523181080818,2.355541944503784,0.0997283011674881,2.3800065517425537,0.10797369480133057,0.9109519124031067,0.23310904204845428
19,43,2.9234769344329834,0.04027463495731354,4.194782733917236,0.1257714033126831,1.3466894626617432,0.16644035279750824,1.4719349145889282,0.01948258839547634,1.4726943969726562,0.01911688968539238,2.42899227142334,0.12816129624843597,2.4268014430999756,0.13970157504081726,0.8339916467666626,0.15320615470409393
19,44,2.909672260284424,0.03767192363739014,4.409758567810059,0.2370239645242691,1.6080894470214844,0.31368598341941833,1.469388484954834,0.01866922341287136,1.4683629274368286,0.02014918066561222,2.6343719959259033,0.25301393866539,2.663374423980713,0.26631709933280945,0.8804070949554443,0.2392294853925705
20,0,2.8484740257263184,0.004313863348215818,4.223020553588867,0.0053419386968016624,1.4620559215545654,0.00928005576133728,1.4631458520889282,0.0028734623920172453,1.4633876085281372,0.0029521831311285496,2.422330379486084,0.004293165635317564,2.423736333847046,0.005330645479261875,0.7282884120941162,0.023556504398584366
20,1,2.8510215282440186,0.004001520574092865,4.223958969116211,0.007191237527877092,1.4561923742294312,0.010577128268778324,1.4634498357772827,0.0030626871157437563,1.4624675512313843,0.0032394349109381437,2.425117254257202,0.006325026508420706,2.4214601516723633,0.00780132319778204,0.7254467606544495,0.02435963600873947
20,2,2.8495912551879883,0.0038328361697494984,4.222861289978027,0.005704469047486782,1.460665225982666,0.010339967906475067,1.4609687328338623,0.0029335280414670706,1.4615700244903564,0.0025614353362470865,2.42293119430542,0.005054181907325983,2.4212684631347656,0.006358195096254349,0.726733922958374,0.021183306351304054
20,3,2.850628614425659,0.003437842708081007,4.222860336303711,0.006136741489171982,1.4586201906204224,0.008244064636528492,1.4615286588668823,0.0026681548915803432,1.4619064331054688,0.0029234339017421007,2.424508810043335,0.004644106607884169,2.42073130607605,0.004980762023478746,0.7257246971130371,0.02181893214583397
20,4,2.851335048675537,0.0033242555800825357,4.220865249633789,0.005673905368894339,1.4566482305526733,0.00835437886416912,1.4604120254516602,0.0030337919015437365,1.4596688747406006,0.0026404194068163633,2.4257824420928955,0.005191966891288757,2.419149398803711,0.005396162625402212,0.7211132049560547,0.021655123680830002
20,5,2.849353075027466,0.004467124119400978,4.225218296051025,0.005850573536008596,1.4560978412628174,0.009000281803309917,1.462531328201294,0.0025535202585160732,1.4621896743774414,0.0027351882308721542,2.4226720333099365,0.00477523822337389,2.4220290184020996,0.005657542031258345,0.7290672063827515,0.02453732118010521
20,6,2.851156711578369,0.0036672272253781557,4.223451614379883,0.00631863996386528,1.4519102573394775,0.009921238757669926,1.4613945484161377,0.0028409503865987062,1.4621155261993408,0.0032205269671976566,2.4232442378997803,0.005577759351581335,2.422205924987793,0.006548656616359949,0.7371019721031189,0.024746641516685486
20,7,2.8556790351867676,0.0066678388975560665,4.223499298095703,0.011912315152585506,1.4489760398864746,0.014848710037767887,1.4611942768096924,0.0036553831305354834,1.4615256786346436,0.003941245377063751,2.429827928543091,0.008981980383396149,2.4262993335723877,0.010706041939556599,0.7507246136665344,0.04834920912981033
20,8,2.8509726524353027,0.006967315450310707,4.222249984741211,0.010625272989273071,1.4533239603042603,0.017042681574821472,1.461623191833496,0.0036603896878659725,1.4651106595993042,0.004117665346711874,2.423793315887451,0.008230585604906082,2.4236154556274414,0.00895874947309494,0.7715064883232117,0.05676514282822609
20,9,2.866142988204956,0.012935861013829708,4.207017421722412,0.027529260143637657,1.429867148399353,0.024926962330937386,1.464906930923462,0.00765022449195385,1.465840458869934,0.008152610622346401,2.4209673404693604,0.01686912588775158,2.4159324169158936,0.017503760755062103,0.7430874705314636,0.061752427369356155
20,10,2.8564565181732178,0.008071459829807281,4.212920188903809,0.016284765675663948,1.4222826957702637,0.021313929930329323,1.4583766460418701,0.0041163344867527485,1.457314133644104,0.0038443487137556076,2.425548791885376,0.013929462991654873,2.4177935123443604,0.017087414860725403,0.7683745622634888,0.03815998136997223
20,11,2.847946882247925,0.011455228552222252,4.225384712219238,0.03402068465948105,1.4294307231903076,0.03445499762892723,1.459721326828003,0.0041236551478505135,1.4608155488967896,0.004579712636768818,2.441269874572754,0.027563583105802536,2.4424755573272705,0.03128399699926376,0.8712761402130127,0.0805857926607132
20,12,2.8784308433532715,0.019548200070858,4.1525397300720215,0.06979692727327347,1.3922244310379028,0.038211602717638016,1.462094783782959,0.009014691226184368,1.4631580114364624,0.009954210370779037,2.415598154067993,0.028745850548148155,2.41243839263916,0.03060980886220932,0.8962293267250061,0.10913419723510742
20,13,2.8672986030578613,0.011710247956216335,4.212327480316162,0.019651170819997787,1.4078865051269531,0.03412795811891556,1.465080976486206,0.006162493024021387,1.4680659770965576,0.006202525459229946,2.422853946685791,0.01696409285068512,2.424283027648926,0.01824597641825676,0.830451250076294,0.08607826381921768
20,14,2.862988233566284,0.01863781176507473,4.230456829071045,0.10078287869691849,1.513397216796875,0.16039101779460907,1.457299828529358,0.008725873194634914,1.4592950344085693,0.008553455583751202,2.493858814239502,0.0942126139998436,2.497300386428833,0.10429948568344116,0.9355335235595703,0.22900430858135223
20,15,2.8904101848602295,0.025343379005789757,4.171672821044922,0.20572100579738617,1.8904426097869873,0.37677595019340515,1.4584167003631592,0.013072445057332516,1.4642225503921509,0.011684858240187168,2.6787705421447754,0.20245793461799622,2.7072227001190186,0.2231123447418213,1.2727856636047363,0.519985020160675
20,16,2.85445499420166,0.04169442132115364,4.206061363220215,0.1609167754650116,1.8344842195510864,0.4172852039337158,1.4385970830917358,0.025809815153479576,1.4479608535766602,0.022328179329633713,2.676043748855591,0.23911473155021667,2.7135238647460938,0.25749412178993225,1.391594648361206,0.612646758556366
20,17,2.8876142501831055,0.03224930912256241,4.2943949699401855,0.1447700411081314,1.588898777961731,0.256416916847229,1.4675747156143188,0.017359396442770958,1.4696143865585327,0.014542397111654282,2.5553174018859863,0.1828271448612213,2.5833115577697754,0.1932089924812317,0.8969601988792419,0.3441023826599121
20,18,2.8825178146362305,0.018062086775898933,4.213780403137207,0.13094711303710938,1.6864478588104248,0.282410204410553,1.4646068811416626,0.014525000005960464,1.4689435958862305,0.012988678179681301,2.5614805221557617,0.15856823325157166,2.5875048637390137,0.17694240808486938,0.9377729296684265,0.3946143388748169
20,19,2.871323585510254,0.035345353186130524,4.276365756988525,0.11933266371488571,1.565047264099121,0.1943524181842804,1.4592355489730835,0.016430780291557312,1.4609005451202393,0.014111114665865898,2.517019748687744,0.1373545080423355,2.5493173599243164,0.14995914697647095,0.7666040658950806,0.18484967947006226
20,20,2.924778461456299,0.039353128522634506,4.193479061126709,0.10533836483955383,1.3651684522628784,0.14553958177566528,1.4706536531448364,0.018276339396834373,1.4721159934997559,0.016698133200407028,2.4336771965026855,0.10657750815153122,2.4484500885009766,0.11867911368608475,0.8522181510925293,0.16268257796764374
20,21,2.8925974369049072,0.030283749103546143,4.225563049316406,0.076959989964962,1.4948161840438843,0.25046712160110474,1.4594790935516357,0.018268682062625885,1.461930513381958,0.015040419064462185,2.488558769226074,0.15347176790237427,2.5045166015625,0.1710253208875656,0.8795724511146545,0.34258782863616943
20,22,2.9272024631500244,0.05008001625537872,4.349767208099365,0.2534792721271515,1.5580250024795532,0.3545154631137848,1.474159598350525,0.022804133594036102,1.4734994173049927,0.02143057994544506,2.5955774784088135,0.2842578887939453,2.619236946105957,0.3017194867134094,0.9252899289131165,0.3444094657897949
20,23,2.995157241821289,0.03906415402889252,4.2146806716918945,0.24907608330249786,1.4763069152832031,0.25098463892936707,1.5198298692703247,0.020134875550866127,1.5221052169799805,0.022762848064303398,2.5355682373046875,0.22386744618415833,2.5561330318450928,0.2448585480451584,0.9909766316413879,0.18534748256206512
20,24,2.9521963596343994,0.03526969999074936,4.317272663116455,0.21002532541751862,1.5122807025909424,0.2560219466686249,1.4944069385528564,0.016890544444322586,1.4941407442092896,0.017843138426542282,2.572354793548584,0.22054503858089447,2.5831754207611084,0.23876114189624786,0.9358128905296326,0.21727123856544495
20,25,2.9247400760650635,0.03137402981519699,4.182024955749512,0.19713915884494781,1.604527473449707,0.21346025168895721,1.4812883138656616,0.018671130761504173,1.4941048622131348,0.0205607321113348,2.5970118045806885,0.16958138346672058,2.639618158340454,0.17854000627994537,1.3647576570510864,0.2690243422985077
20,26,2.956655263900757,0.03358190879225731,4.170473098754883,0.16488106548786163,1.3990106582641602,0.18698525428771973,1.4949026107788086,0.017947649583220482,1.5001952648162842,0.019875898957252502,2.4740309715270996,0.16153310239315033,2.490894079208374,0.17355656623840332,1.0447361469268799,0.18779431283473969
20,27,2.9775753021240234,0.032667938619852066,4.054441928863525,0.10125492513179779,1.2324753999710083,0.08278605341911316,1.4966723918914795,0.0184574443846941,1.4968223571777344,0.019841114059090614,2.3425917625427246,0.08316043764352798,2.3183047771453857,0.09120751172304153,0.8662232160568237,0.17166633903980255
20,28,2.9744067192077637,0.0392918661236763,4.2600417137146,0.20244736969470978,1.4256869554519653,0.2704247534275055,1.495810866355896,0.021141070872545242,1.497198462486267,0.021978002041578293,2.5207300186157227,0.22177140414714813,2.5445313453674316,0.23760755360126495,0.9433687329292297,0.21564890444278717
20,29,3.0127058029174805,0.03846106305718422,4.105764865875244,0.254526823759079,1.4257410764694214,0.26813459396362305,1.5234098434448242,0.021280067041516304,1.5297976732254028,0.02505405992269516,2.474966526031494,0.24135862290859222,2.510209798812866,0.25696253776550293,1.0184125900268555,0.2773817777633667
20,30,2.977555274963379,0.04489641264081001,4.177534580230713,0.24768012762069702,1.4483370780944824,0.2621931731700897,1.5047295093536377,0.022933516651391983,1.5110784769058228,0.025939064100384712,2.5094339847564697,0.20663310587406158,2.5439045429229736,0.22034421563148499,1.0601270198822021,0.1866307407617569
20,31,2.972731113433838,0.03890975937247276,4.1685333251953125,0.212522491812706,1.3584636449813843,0.2250632345676422,1.490516185760498,0.020317317917943,1.4951071739196777,0.020972153171896935,2.4616661071777344,0.19200371205806732,2.4866294860839844,0.20413094758987427,1.0311744213104248,0.17855384945869446
20,32,2.9949867725372314,0.04385104775428772,3.9394750595092773,0.192427396774292,1.3143413066864014,0.1341475397348404,1.517982006072998,0.02287345752120018,1.5281188488006592,0.02518502064049244,2.3647983074188232,0.12470424920320511,2.3861608505249023,0.1398380547761917,1.1111958026885986,0.23500880599021912
20,33,2.952718496322632,0.04054504260420799,3.980417251586914,0.16993573307991028,1.3970776796340942,0.13856415450572968,1.4980937242507935,0.020045768469572067,1.510567307472229,0.022029167041182518,2.404111862182617,0.09598318487405777,2.43497371673584,0.10596638172864914,1.126426339149475,0.21130423247814178
20,34,2.98294734954834,0.04249333217740059,4.146395683288574,0.15603107213974,1.2912462949752808,0.18745523691177368,1.4990286827087402,0.020813701674342155,1.4980332851409912,0.02036081627011299,2.418044328689575,0.14931173622608185,2.4149482250213623,0.16348664462566376,0.9201644062995911,0.17041011154651642
20,35,3.0050582885742188,0.04617488756775856,4.018696308135986,0.17355431616306305,1.2241220474243164,0.17286960780620575,1.5125327110290527,0.023344526067376137,1.5134496688842773,0.024828897789120674,2.342878580093384,0.15234963595867157,2.33294415473938,0.16749344766139984,0.9380329251289368,0.21580225229263306
20,36,2.935872793197632,0.0461382195353508,4.233471870422363,0.16129282116889954,1.4720330238342285,0.19662952423095703,1.4848977327346802,0.022469785064458847,1.4871490001678467,0.025064930319786072,2.504999876022339,0.1497805118560791,2.5355231761932373,0.16264528036117554,0.8825141787528992,0.1875712126493454
20,37,3.0025196075439453,0.04175659641623497,4.138725757598877,0.21266038715839386,1.372596025466919,0.2093781977891922,1.5177280902862549,0.021688543260097504,1.5211741924285889,0.02313993312418461,2.4731626510620117,0.19445036351680756,2.491450071334839,0.20723843574523926,1.0648481845855713,0.21691535413265228
20,38,2.994544744491577,0.03986265882849693,4.05589485168457,0.1816990226507187,1.2782893180847168,0.15425239503383636,1.5106724500656128,0.022990358993411064,1.5153180360794067,0.02491181716322899,2.3878462314605713,0.1412530094385147,2.3915133476257324,0.15475985407829285,1.0215877294540405,0.14475363492965698
20,39,2.9949896335601807,0.04487902298569679,4.180276393890381,0.19748970866203308,1.35736083984375,0.226990208029747,1.5052534341812134,0.02370387502014637,1.50518000125885,0.02516097202897072,2.4698212146759033,0.19584865868091583,2.4793825149536133,0.2116398811340332,0.9684655070304871,0.22534438967704773
20,40,2.978396415710449,0.047282248735427856,4.200561046600342,0.1922074556350708,1.3222837448120117,0.2538894712924957,1.4939188957214355,0.022510118782520294,1.4931464195251465,0.021911200135946274,2.4528579711914062,0.19574600458145142,2.457829475402832,0.21175478398799896,0.9231458306312561,0.20128290355205536
20,41,2.981332778930664,0.03331710398197174,4.230184078216553,0.2366926670074463,1.4329437017440796,0.25302454829216003,1.5013906955718994,0.01825897954404354,1.5016653537750244,0.020185114815831184,2.5221550464630127,0.22899535298347473,2.5361647605895996,0.24567826092243195,0.9827755093574524,0.23101352155208588
20,42,2.9732494354248047,0.031320907175540924,4.0240373611450195,0.12927821278572083,1.2455040216445923,0.08072391152381897,1.4983047246932983,0.017252834513783455,1.5016862154006958,0.020970258861780167,2.3374626636505127,0.08505982160568237,2.3474555015563965,0.09368490427732468,0.9189105033874512,0.221504345536232
20,43,2.92746639251709,0.037510573863983154,4.176603317260742,0.11309397220611572,1.335112452507019,0.14438733458518982,1.471887469291687,0.018200060352683067,1.4720333814620972,0.017819812521338463,2.4218878746032715,0.11070816963911057,2.4092366695404053,0.12491389364004135,0.8508460521697998,0.14526943862438202
20,44,2.919299840927124,0.03597541153430939,4.364050388336182,0.2116587609052658,1.5507957935333252,0.2760697603225708,1.4705183506011963,0.01807388663291931,1.468741774559021,0.01954747550189495,2.5924456119537354,0.22422757744789124,2.614082098007202,0.2392740100622177,0.8575098514556885,0.2152204066514969
21,0,2.8500990867614746,0.0037657893262803555,4.2219390869140625,0.005786345340311527,1.4606817960739136,0.008774065412580967,1.4632395505905151,0.002628993708640337,1.4620118141174316,0.0028015305288136005,2.4240212440490723,0.004328285343945026,2.4260473251342773,0.005479553248733282,0.7276175022125244,0.0196275245398283
21,1,2.8519287109375,0.004034959711134434,4.222269058227539,0.007645041681826115,1.4555788040161133,0.01003070268779993,1.4634073972702026,0.0029667774215340614,1.4610553979873657,0.0031675605569034815,2.426670551300049,0.006237356923520565,2.4238431453704834,0.0077219996601343155,0.7252997756004333,0.020969292148947716
21,2,2.85105037689209,0.003441697685047984,4.221322536468506,0.005366010125726461,1.4594436883926392,0.009561754763126373,1.4613020420074463,0.0027928426861763,1.4602246284484863,0.002451922046020627,2.424370288848877,0.005171339493244886,2.4237523078918457,0.006614812649786472,0.7235642075538635,0.018465522676706314
21,3,2.8513383865356445,0.003236963879317045,4.220390796661377,0.006276342552155256,1.457209825515747,0.00767405005171895,1.4615488052368164,0.0024831481277942657,1.4601587057113647,0.0027846903540194035,2.426103115081787,0.005035270005464554,2.422959089279175,0.005176193546503782,0.7250651717185974,0.01823350042104721
21,4,2.8515398502349854,0.0035108744632452726,4.218427658081055,0.006675788201391697,1.4550813436508179,0.008092704229056835,1.460726022720337,0.002861637156456709,1.4582371711730957,0.0025861456524580717,2.427320957183838,0.0050725629553198814,2.421792984008789,0.00588528998196125,0.7227477431297302,0.01931871846318245
21,5,2.850539207458496,0.004043543245643377,4.223633289337158,0.006288445089012384,1.455172061920166,0.008490408770740032,1.4624675512313843,0.0024188985116779804,1.4607672691345215,0.0026478292420506477,2.424273729324341,0.004748400300741196,2.4242537021636963,0.005451336037367582,0.7285584211349487,0.020965853706002235
21,6,2.8526482582092285,0.0036234448198229074,4.2216877937316895,0.007050336804240942,1.4505703449249268,0.009487895295023918,1.461798071861267,0.0027007348835468292,1.4607487916946411,0.0031436101999133825,2.4243505001068115,0.005723202135413885,2.4239275455474854,0.0066260043531656265,0.7304802536964417,0.019119545817375183
21,7,2.8568649291992188,0.005936456844210625,4.222721099853516,0.010676619596779346,1.4477883577346802,0.013806058093905449,1.46162748336792,0.003478750353679061,1.4604045152664185,0.0037054684944450855,2.429724931716919,0.008715531788766384,2.426865577697754,0.01034222636371851,0.7372779250144958,0.03760777786374092
21,8,2.853253126144409,0.005804814863950014,4.224146366119385,0.008435108698904514,1.4509583711624146,0.014936267398297787,1.4621292352676392,0.0034371204674243927,1.4640207290649414,0.003981753718107939,2.423149347305298,0.007702656090259552,2.423633098602295,0.008211801759898663,0.7496532201766968,0.04588966444134712
21,9,2.866170644760132,0.012245116755366325,4.210367202758789,0.024890197440981865,1.4290846586227417,0.02400021255016327,1.46488356590271,0.007088478654623032,1.4643679857254028,0.007709354627877474,2.4218664169311523,0.0164091344922781,2.4174931049346924,0.01706015318632126,0.7260302901268005,0.054338641464710236
21,10,2.8574538230895996,0.007798863109201193,4.210251331329346,0.016579318791627884,1.4224718809127808,0.020814504474401474,1.4584228992462158,0.0038443556986749172,1.4558851718902588,0.003748861374333501,2.4269864559173584,0.013403518125414848,2.419860601425171,0.016396306455135345,0.7640738487243652,0.03351519629359245
21,11,2.8508951663970947,0.010743225924670696,4.226615905761719,0.03321034088730812,1.4307383298873901,0.034829869866371155,1.4599689245224,0.004033728037029505,1.4600396156311035,0.004365499131381512,2.4400599002838135,0.027873042970895767,2.4411509037017822,0.03143789991736412,0.8419113755226135,0.07256631553173065
21,12,2.8787920475006104,0.018873315304517746,4.163230895996094,0.06522190570831299,1.3930389881134033,0.03816723823547363,1.4615271091461182,0.008554371073842049,1.4616962671279907,0.009536059573292732,2.416752576828003,0.029012875631451607,2.4141602516174316,0.030811334028840065,0.8601881265640259,0.10406447947025299
21,13,2.8696601390838623,0.011291733011603355,4.213788986206055,0.01939959079027176,1.4069507122039795,0.03317795693874359,1.4648106098175049,0.00596383074298501,1.4661359786987305,0.005903075914829969,2.420588731765747,0.017504358664155006,2.423068046569824,0.018098236992955208,0.7954715490341187,0.07604818791151047
21,14,2.8641104698181152,0.017697613686323166,4.243875980377197,0.09633152186870575,1.5104063749313354,0.15285904705524445,1.4573196172714233,0.008427179418504238,1.4580682516098022,0.008244066499173641,2.4942588806152344,0.09657560288906097,2.4980554580688477,0.1057538241147995,0.8942174315452576,0.2085728794336319
21,15,2.887526750564575,0.02476954460144043,4.211910247802734,0.19499371945858002,1.8666082620620728,0.36511287093162537,1.457281231880188,0.012493381276726723,1.4621466398239136,0.011003455147147179,2.674741268157959,0.2021920382976532,2.703029155731201,0.2211565375328064,1.1978318691253662,0.4995509684085846
21,16,2.854090929031372,0.04057430475950241,4.240551948547363,0.15463997423648834,1.8158507347106934,0.40451890230178833,1.4377102851867676,0.025026895105838776,1.4462803602218628,0.020801890641450882,2.6711292266845703,0.2372724711894989,2.708108425140381,0.2539491057395935,1.3139023780822754,0.5960273742675781
21,17,2.8850324153900146,0.03241559490561485,4.31725549697876,0.15469567477703094,1.5955402851104736,0.2548716366291046,1.4651854038238525,0.016882399097085,1.4657803773880005,0.01394993532449007,2.564546823501587,0.1891488879919052,2.5945823192596436,0.1979876309633255,0.8618294596672058,0.3299168646335602
21,18,2.879848003387451,0.01775306463241577,4.244378089904785,0.1304202526807785,1.6822668313980103,0.27406883239746094,1.4627798795700073,0.013743181712925434,1.4656381607055664,0.01215759851038456,2.5670766830444336,0.16131249070167542,2.5952417850494385,0.1785808950662613,0.8927953839302063,0.37174496054649353
21,19,2.8655338287353516,0.03623885288834572,4.303950786590576,0.13401053845882416,1.5845469236373901,0.20120123028755188,1.4550445079803467,0.016803031787276268,1.4551544189453125,0.014540757052600384,2.535404920578003,0.14871667325496674,2.570340156555176,0.16009452939033508,0.7443469762802124,0.18094182014465332
21,20,2.9215826988220215,0.03989945724606514,4.213724613189697,0.11621703207492828,1.3780303001403809,0.15501733124256134,1.4677566289901733,0.018465280532836914,1.467889428138733,0.01712549850344658,2.4429688453674316,0.11818429082632065,2.4612903594970703,0.1295749992132187,0.8049269318580627,0.16062302887439728
21,21,2.890298366546631,0.0310297179967165,4.244064807891846,0.08775952458381653,1.4982476234436035,0.24853907525539398,1.4573231935501099,0.01835170015692711,1.4581390619277954,0.014950983226299286,2.494123697280884,0.1577102392911911,2.5124545097351074,0.17402814328670502,0.836620569229126,0.33261197805404663
21,22,2.9216320514678955,0.05275171995162964,4.385270595550537,0.28050366044044495,1.5921708345413208,0.3834066390991211,1.470372200012207,0.02376522682607174,1.468529224395752,0.02231099270284176,2.6242153644561768,0.31049513816833496,2.650743007659912,0.32587501406669617,0.9079205393791199,0.36445721983909607
21,23,2.9922051429748535,0.03882746770977974,4.251885414123535,0.2645505368709564,1.5031770467758179,0.26879990100860596,1.516982078552246,0.019784098491072655,1.5184892416000366,0.02254176326096058,2.5587329864501953,0.242496058344841,2.5830721855163574,0.26257848739624023,0.9619331955909729,0.19761741161346436
21,24,2.9507761001586914,0.0349774993956089,4.351212978363037,0.2308419644832611,1.5391509532928467,0.27829819917678833,1.4925131797790527,0.016458019614219666,1.4911999702453613,0.017644600942730904,2.5970773696899414,0.2422223687171936,2.612337589263916,0.2596363425254822,0.9137646555900574,0.2317310869693756
21,25,2.9216012954711914,0.03162611648440361,4.22191858291626,0.20282071828842163,1.6314750909805298,0.22381114959716797,1.4774519205093384,0.01872420869767666,1.4900833368301392,0.020509909838438034,2.6173696517944336,0.18052217364311218,2.6616568565368652,0.18858124315738678,1.3237191438674927,0.2788698673248291
21,26,2.955493688583374,0.032766733318567276,4.198904514312744,0.17688022553920746,1.4170618057250977,0.20226986706256866,1.4929026365280151,0.017222533002495766,1.4975262880325317,0.01938820257782936,2.487992763519287,0.17668327689170837,2.5083396434783936,0.18844930827617645,1.0004327297210693,0.1981814056634903
21,27,2.978421211242676,0.033018890768289566,4.067425727844238,0.10586415976285934,1.2368141412734985,0.08948725461959839,1.4960999488830566,0.01826443523168564,1.4949830770492554,0.02019549161195755,2.344788074493408,0.08986136317253113,2.3248133659362793,0.09799448400735855,0.8083978295326233,0.16766852140426636
21,28,2.969097852706909,0.0398307666182518,4.292632579803467,0.22293095290660858,1.453429102897644,0.2944113314151764,1.4911983013153076,0.02087833173573017,1.4916857481002808,0.02182440087199211,2.5416016578674316,0.24277381598949432,2.569772243499756,0.25751590728759766,0.9046851992607117,0.22994698584079742
21,29,3.006716012954712,0.03859398141503334,4.141856670379639,0.2704210579395294,1.448097586631775,0.2859676480293274,1.5182693004608154,0.021048402413725853,1.524228811264038,0.024908190593123436,2.491772174835205,0.25954586267471313,2.5327141284942627,0.2732103168964386,0.9750282764434814,0.28724825382232666
21,30,2.9709885120391846,0.0460948720574379,4.21470308303833,0.2644954025745392,1.4754565954208374,0.28348541259765625,1.4994518756866455,0.02285139262676239,1.505599856376648,0.02592141553759575,2.5294175148010254,0.2273409068584442,2.5684261322021484,0.23972684144973755,1.0211693048477173,0.19155769050121307
21,31,2.96903133392334,0.039028190076351166,4.198278427124023,0.22756151854991913,1.3806935548782349,0.2462063878774643,1.487023115158081,0.02014651522040367,1.491327166557312,0.020903902128338814,2.477891445159912,0.21058884263038635,2.507377862930298,0.22193966805934906,0.9890623688697815,0.18680377304553986
21,32,2.989694118499756,0.04335034638643265,3.9652342796325684,0.19898009300231934,1.326594591140747,0.1428341567516327,1.5135079622268677,0.022389259189367294,1.5237051248550415,0.024744605645537376,2.369380474090576,0.1351226419210434,2.396418809890747,0.14845010638237,1.0489530563354492,0.23604248464107513
21,33,2.9475033283233643,0.04067355766892433,4.008697986602783,0.17260010540485382,1.411679744720459,0.14432485401630402,1.4933706521987915,0.019924422726035118,1.505876064300537,0.02187199890613556,2.411853075027466,0.10356678068637848,2.446956157684326,0.1128024235367775,1.0742205381393433,0.21238473057746887
21,34,2.982321262359619,0.04405852407217026,4.167245388031006,0.16892382502555847,1.3034336566925049,0.2033650130033493,1.4974000453948975,0.021247893571853638,1.495386004447937,0.02094929851591587,2.427117347717285,0.16381093859672546,2.4289636611938477,0.17745596170425415,0.8711105585098267,0.17778590321540833
21,35,3.002750873565674,0.04701338708400726,4.040376663208008,0.18344388902187347,1.2339304685592651,0.1832634061574936,1.5102671384811401,0.023375745862722397,1.5105714797973633,0.02515852078795433,2.348813056945801,0.16281522810459137,2.34438419342041,0.1774895042181015,0.8805994987487793,0.21652010083198547
21,36,2.9298877716064453,0.047132834792137146,4.265751838684082,0.1733037680387497,1.4985170364379883,0.2117910236120224,1.4801913499832153,0.02263995073735714,1.4818214178085327,0.025284504517912865,2.525434970855713,0.16439750790596008,2.560748338699341,0.17654407024383545,0.8533211350440979,0.1872153878211975
21,37,3.000166416168213,0.040945280343294144,4.171162128448486,0.22571823000907898,1.3948450088500977,0.2256709635257721,1.5148364305496216,0.02110312320291996,1.5177406072616577,0.022737665101885796,2.4905295372009277,0.21081367135047913,2.5134410858154297,0.2229829877614975,1.0234575271606445,0.22427205741405487
21,38,2.9937915802001953,0.039059314876794815,4.078190326690674,0.19088506698608398,1.2889865636825562,0.16721251606941223,1.5085973739624023,0.02221587486565113,1.5126142501831055,0.02443578466773033,2.3937082290649414,0.1542978286743164,2.400839328765869,0.16811136901378632,0.9608887434005737,0.14623568952083588
21,39,2.993800163269043,0.04617071896791458,4.207860946655273,0.2137743979692459,1.3781886100769043,0.24723561108112335,1.5030399560928345,0.02379688061773777,1.502103567123413,0.025681424885988235,2.48640513420105,0.21408413350582123,2.5009353160858154,0.2287645936012268,0.9250239729881287,0.23662778735160828
21,40,2.9769632816314697,0.05124133452773094,4.223813056945801,0.21142110228538513,1.3396066427230835,0.2795434296131134,1.4917783737182617,0.023974724113941193,1.4899475574493408,0.02349463291466236,2.4658737182617188,0.21673056483268738,2.4757611751556396,0.23139125108718872,0.8770496249198914,0.21333250403404236
21,41,2.9785678386688232,0.033102549612522125,4.262532711029053,0.25278306007385254,1.456842064857483,0.27333715558052063,1.4986613988876343,0.017753010615706444,1.4980721473693848,0.02001192420721054,2.542308807373047,0.24807454645633698,2.5607945919036865,0.2637734115123749,0.9465299248695374,0.24079374969005585
21,42,2.972735643386841,0.03169640153646469,4.0423712730407715,0.13249118626117706,1.2537773847579956,0.08972621709108353,1.4961568117141724,0.017018061131238937,1.4988044500350952,0.021138645708560944,2.3423714637756348,0.09318136423826218,2.357606887817383,0.10137177258729935,0.8656217455863953,0.21760693192481995
21,43,2.9260025024414062,0.03941773250699043,4.189933776855469,0.1233140081167221,1.3453669548034668,0.15844523906707764,1.4703924655914307,0.01871100254356861,1.4689345359802246,0.01850348338484764,2.428955078125,0.12272962927818298,2.419224262237549,0.1359759420156479,0.807110071182251,0.1470251828432083
21,44,2.914686918258667,0.03742314875125885,4.395843029022217,0.23153024911880493,1.5846948623657227,0.2982656955718994,1.4672530889511108,0.018396489322185516,1.464303731918335,0.020006107166409492,2.621121883392334,0.24441201984882355,2.646069049835205,0.25826817750930786,0.8446197509765625,0.22627273201942444
22,0,2.8507909774780273,0.0040067508816719055,4.222594738006592,0.005709091667085886,1.460801124572754,0.009379759430885315,1.4640910625457764,0.0027088166680186987,1.4633837938308716,0.002918901154771447,2.4234721660614014,0.004363415762782097,2.4252495765686035,0.005636430345475674,0.725402295589447,0.021325480192899704
22,1,2.8527801036834717,0.0040491060353815556,4.222997665405273,0.007913595996797085,1.454990267753601,0.010960168205201626,1.4641618728637695,0.00301195215433836,1.462287187576294,0.003250880865380168,2.4259703159332275,0.006668933667242527,2.422635078430176,0.00826268084347248,0.7230050563812256,0.02222750522196293
22,2,2.8514490127563477,0.003584396094083786,4.222446441650391,0.00531542394310236,1.4596819877624512,0.01002393290400505,1.4618618488311768,0.002823376562446356,1.4614357948303223,0.002523713046684861,2.423952341079712,0.0050223530270159245,2.4227566719055176,0.006551955360919237,0.723247230052948,0.01888011209666729
22,3,2.852119207382202,0.0033787107095122337,4.221353054046631,0.006343639921396971,1.4573676586151123,0.008204489946365356,1.4622738361358643,0.0025695590302348137,1.4615286588668823,0.002958477009087801,2.425182580947876,0.004882100038230419,2.4214866161346436,0.005291393492370844,0.7223899960517883,0.019122645258903503
22,4,2.8524515628814697,0.003501439467072487,4.219460964202881,0.006264755968004465,1.4552409648895264,0.008478510193526745,1.4611878395080566,0.002966836094856262,1.4594213962554932,0.0026537023950368166,2.4263885021209717,0.005064315628260374,2.4200010299682617,0.00572070712223649,0.7197515368461609,0.020005227997899055
22,5,2.8511219024658203,0.004169778898358345,4.224278926849365,0.0062580290250480175,1.4546911716461182,0.008924446068704128,1.4633307456970215,0.002495341934263706,1.4621620178222656,0.0027023388538509607,2.4233851432800293,0.004818764515221119,2.4228508472442627,0.005737915635108948,0.7275000810623169,0.022378941997885704
22,6,2.8533008098602295,0.0036795600317418575,4.2225494384765625,0.007047803606837988,1.450537919998169,0.010168875567615032,1.4624333381652832,0.002786040073260665,1.4619698524475098,0.0032340879552066326,2.4238553047180176,0.005885973107069731,2.422989845275879,0.006989934016019106,0.7303085327148438,0.02089454047381878
22,7,2.857841730117798,0.0065142507664859295,4.223237991333008,0.011512008495628834,1.4472684860229492,0.014916139654815197,1.4622591733932495,0.0035978369414806366,1.461510419845581,0.003923371899873018,2.4299910068511963,0.009387950412929058,2.426764965057373,0.011271740309894085,0.7404432892799377,0.04323921725153923
22,8,2.8536007404327393,0.00638395082205534,4.22348165512085,0.009305826388299465,1.4509131908416748,0.016276201233267784,1.462935209274292,0.0035899693612009287,1.4654359817504883,0.004226431716233492,2.4234366416931152,0.008241606876254082,2.423574686050415,0.008863499388098717,0.7578763365745544,0.05084018409252167
22,9,2.8686108589172363,0.01328958384692669,4.207707405090332,0.02689174935221672,1.4265567064285278,0.025654667988419533,1.4660484790802002,0.007573466747999191,1.465965747833252,0.008240634575486183,2.420644998550415,0.017348550260066986,2.416114330291748,0.01803002879023552,0.7287753224372864,0.058550503104925156
22,10,2.858260154724121,0.008256128989160061,4.210868835449219,0.017210712656378746,1.4206613302230835,0.022049391642212868,1.4588743448257446,0.004003595095127821,1.4569096565246582,0.003860125783830881,2.4260213375091553,0.014277255162596703,2.418196678161621,0.017576327547430992,0.7653389573097229,0.03573209419846535
22,11,2.851116418838501,0.01117434911429882,4.226308345794678,0.03531495854258537,1.4288498163223267,0.036548033356666565,1.4606201648712158,0.004121220670640469,1.4609891176223755,0.004537549801170826,2.4412195682525635,0.02931324765086174,2.4425318241119385,0.0331207737326622,0.8548672199249268,0.07807411998510361
22,12,2.881702184677124,0.020163703709840775,4.1580400466918945,0.06808111071586609,1.3916053771972656,0.04022881016135216,1.4627712965011597,0.009122497402131557,1.463375449180603,0.010279005393385887,2.418743371963501,0.0295394379645586,2.4169504642486572,0.03175172954797745,0.8862022161483765,0.11171472072601318
22,13,2.8705193996429443,0.011658568866550922,4.21282958984375,0.020313778892159462,1.4052907228469849,0.03499060496687889,1.4656448364257812,0.006089744623750448,1.4675155878067017,0.006101400125771761,2.421656847000122,0.018271761015057564,2.423602342605591,0.019320227205753326,0.809359073638916,0.0805758684873581
22,14,2.866307258605957,0.0183654073625803,4.243061065673828,0.10103257745504379,1.5150082111358643,0.16168969869613647,1.458367109298706,0.008576412685215473,1.4595576524734497,0.00853769388049841,2.5000736713409424,0.101830393075943,2.5039546489715576,0.11134637147188187,0.919678807258606,0.22461490333080292
22,15,2.8934812545776367,0.025854000821709633,4.210145950317383,0.2009616494178772,1.8932280540466309,0.3787436783313751,1.4594842195510864,0.012951627373695374,1.4649864435195923,0.011585310101509094,2.6957244873046875,0.2118278443813324,2.724320650100708,0.23101377487182617,1.2625223398208618,0.5230275988578796
22,16,2.8564696311950684,0.041532862931489944,4.239200115203857,0.15948733687400818,1.8395484685897827,0.4202324450016022,1.4386703968048096,0.02552921138703823,1.4478296041488647,0.02159670554101467,2.690488338470459,0.24790909886360168,2.728109836578369,0.2647457420825958,1.3786691427230835,0.6178359389305115
22,17,2.8900296688079834,0.032858576625585556,4.318451404571533,0.15997615456581116,1.6012378931045532,0.2667703628540039,1.4673089981079102,0.0171788539737463,1.4686622619628906,0.014259654097259045,2.572877883911133,0.19771021604537964,2.6029551029205322,0.20687158405780792,0.8931551575660706,0.3519814908504486
22,18,2.884763717651367,0.01841236837208271,4.242471694946289,0.13550010323524475,1.6965981721878052,0.28723785281181335,1.4650241136550903,0.01425351295620203,1.4688262939453125,0.012749207206070423,2.5793075561523438,0.1703258901834488,2.6075363159179688,0.18789228796958923,0.9349772930145264,0.3972240090370178
22,19,2.8716623783111572,0.03705345839262009,4.303210258483887,0.13783417642116547,1.5861480236053467,0.2096206247806549,1.4579106569290161,0.017111677676439285,1.4588837623596191,0.01474966760724783,2.5397911071777344,0.15456350147724152,2.575155258178711,0.16624800860881805,0.766883134841919,0.195847749710083
22,20,2.927555799484253,0.040376827120780945,4.207447052001953,0.11870501935482025,1.3703744411468506,0.15789727866649628,1.4703580141067505,0.018705172464251518,1.4710283279418945,0.01708952523767948,2.4428670406341553,0.12015825510025024,2.4602439403533936,0.13204342126846313,0.8345405459403992,0.16624043881893158
22,21,2.894671678543091,0.03161926195025444,4.241621971130371,0.09127219021320343,1.500630497932434,0.25990816950798035,1.4589828252792358,0.018599705770611763,1.4605520963668823,0.01513600256294012,2.49912428855896,0.1656789779663086,2.517054557800293,0.1825285255908966,0.8672060966491699,0.3514402508735657
22,22,2.92868709564209,0.05318378284573555,4.384593963623047,0.28578054904937744,1.589464545249939,0.3902645707130432,1.4736955165863037,0.023993412032723427,1.4723941087722778,0.022452129051089287,2.6290178298950195,0.3169693946838379,2.6543989181518555,0.3331281840801239,0.9416311383247375,0.3772091567516327
22,23,3.0016705989837646,0.03982898220419884,4.24948263168335,0.271074116230011,1.4993987083435059,0.27547502517700195,1.5215908288955688,0.02050859108567238,1.523199439048767,0.023150458931922913,2.565157413482666,0.24853704869747162,2.587883710861206,0.2691934108734131,0.9974393248558044,0.2069760411977768
22,24,2.957453727722168,0.036337364464998245,4.350893020629883,0.23763160407543182,1.5380494594573975,0.286159873008728,1.4955229759216309,0.017295941710472107,1.494533658027649,0.018275238573551178,2.6032509803771973,0.24981626868247986,2.617250919342041,0.26750385761260986,0.9453319311141968,0.24423164129257202
22,25,2.9268667697906494,0.03283333033323288,4.222906112670898,0.20821566879749298,1.6438792943954468,0.23476265370845795,1.4799920320510864,0.01937488280236721,1.4932698011398315,0.021007589995861053,2.6332690715789795,0.18783286213874817,2.6787900924682617,0.19597429037094116,1.3828052282333374,0.29009467363357544
22,26,2.9613678455352783,0.03416113927960396,4.196811676025391,0.18199515342712402,1.4159857034683228,0.2088458389043808,1.4954767227172852,0.018044160678982735,1.5005401372909546,0.02008882910013199,2.494809627532959,0.18270890414714813,2.5150296688079834,0.19454512000083923,1.0413835048675537,0.2074679285287857
22,27,2.983584403991699,0.0334150530397892,4.060229778289795,0.1071922704577446,1.228328824043274,0.09084201604127884,1.4981275796890259,0.01866183616220951,1.4973552227020264,0.020327745005488396,2.344935894012451,0.09121467173099518,2.321878433227539,0.10011424869298935,0.8408150672912598,0.17071206867694855
22,28,2.977175712585449,0.040543027222156525,4.291244029998779,0.22871935367584229,1.448769211769104,0.3010346293449402,1.495084285736084,0.021538006141781807,1.4957908391952515,0.0223761647939682,2.5467493534088135,0.24954098463058472,2.573622941970825,0.26465266942977905,0.9391184449195862,0.24114084243774414
22,29,3.0171291828155518,0.03938877582550049,4.142271041870117,0.2766928970813751,1.4467746019363403,0.29409417510032654,1.5233949422836304,0.021654104813933372,1.5294243097305298,0.025344759225845337,2.501887798309326,0.26659226417541504,2.540208101272583,0.2812592685222626,1.016960859298706,0.29753899574279785
22,30,2.979419231414795,0.04636114463210106,4.215923309326172,0.27012962102890015,1.4758086204528809,0.29156163334846497,1.5035241842269897,0.023184658959507942,1.5099081993103027,0.026154201477766037,2.538900852203369,0.2334149330854416,2.5773839950561523,0.2461964637041092,1.060684084892273,0.200673446059227
22,31,2.975524663925171,0.03975888341665268,4.195236682891846,0.2327018827199936,1.376023292541504,0.2507576048374176,1.4899194240570068,0.020638415589928627,1.494418740272522,0.02126150205731392,2.4824068546295166,0.21555209159851074,2.51071834564209,0.22700707614421844,1.0264694690704346,0.1929887980222702
22,32,2.998368263244629,0.04465975984930992,3.961413621902466,0.20128695666790009,1.3229621648788452,0.1486530601978302,1.5175883769989014,0.02317648008465767,1.5280380249023438,0.025386203080415726,2.376556634902954,0.1387334167957306,2.401731252670288,0.15372541546821594,1.0925488471984863,0.24250397086143494
22,33,2.9548113346099854,0.04174104332923889,4.0025763511657715,0.1748008280992508,1.4132375717163086,0.15272779762744904,1.4969345331192017,0.020552029833197594,1.5100843906402588,0.022329341620206833,2.4201385974884033,0.10805094987154007,2.455650568008423,0.11790400743484497,1.1220746040344238,0.2196405678987503
22,34,2.988072395324707,0.04361359402537346,4.15995979309082,0.17082448303699493,1.2942085266113281,0.2034621238708496,1.4998430013656616,0.021260090172290802,1.4979772567749023,0.020838702097535133,2.426928758621216,0.16503654420375824,2.426224708557129,0.17936183512210846,0.9017056822776794,0.17878715693950653
22,35,3.010047197341919,0.046999458223581314,4.033290386199951,0.18592597544193268,1.2250350713729858,0.1851988583803177,1.5133109092712402,0.023690205067396164,1.5136895179748535,0.02531435899436474,2.3500900268554688,0.165213942527771,2.3426239490509033,0.18102532625198364,0.9138765931129456,0.21913857758045197
22,36,2.937361240386963,0.04763451963663101,4.2644572257995605,0.17859670519828796,1.4959182739257812,0.21853071451187134,1.4832818508148193,0.022987546399235725,1.4854165315628052,0.025504669174551964,2.53055739402771,0.16986852884292603,2.5653107166290283,0.18211223185062408,0.8838508129119873,0.19722352921962738
22,37,3.0088062286376953,0.04239456355571747,4.1683268547058105,0.2306981086730957,1.3903547525405884,0.23133379220962524,1.518885850906372,0.02210138738155365,1.5218693017959595,0.023459652438759804,2.496544361114502,0.21648438274860382,2.5176732540130615,0.22891902923583984,1.061477780342102,0.2321617156267166
22,38,3.000511407852173,0.040363769978284836,4.072866439819336,0.1947403997182846,1.281962275505066,0.17148378491401672,1.5115641355514526,0.023102696985006332,1.5157341957092285,0.025207707658410072,2.396498918533325,0.15830020606517792,2.4023070335388184,0.1722215712070465,0.9951757192611694,0.151167094707489
22,39,3.0012712478637695,0.04630010575056076,4.202561855316162,0.21696309745311737,1.369754433631897,0.24868562817573547,1.5065202713012695,0.024211812764406204,1.5056777000427246,0.025795981287956238,2.488645076751709,0.21706587076187134,2.5001866817474365,0.23250722885131836,0.9618759155273438,0.241779625415802
22,40,2.9827263355255127,0.04979758709669113,4.218244552612305,0.21468454599380493,1.3312792778015137,0.28038257360458374,1.4944206476211548,0.023439841344952583,1.4928065538406372,0.022819580510258675,2.466733932495117,0.2193102240562439,2.4741320610046387,0.23475420475006104,0.9096217155456543,0.21700988709926605
22,41,2.986989974975586,0.0342017263174057,4.261133193969727,0.26007911562919617,1.4538824558258057,0.28057071566581726,1.5025644302368164,0.018619464710354805,1.5021733045578003,0.020554259419441223,2.5490097999572754,0.2555123269557953,2.565682888031006,0.27181264758110046,0.9848735332489014,0.2518875300884247
22,42,2.979030132293701,0.03209446370601654,4.036125183105469,0.13377507030963898,1.2460047006607056,0.09067342430353165,1.4987328052520752,0.017447344958782196,1.501756191253662,0.02141285128891468,2.3439154624938965,0.09427937120199203,2.356806755065918,0.10324478149414062,0.8994214534759521,0.22282616794109344
22,43,2.9305734634399414,0.03929336369037628,4.184453010559082,0.12674595415592194,1.338181495666504,0.16098399460315704,1.4721451997756958,0.0188115406781435,1.4712415933609009,0.018378837034106255,2.4288549423217773,0.12538763880729675,2.4169812202453613,0.13958053290843964,0.8359107971191406,0.15292301774024963
22,44,2.9213056564331055,0.03793470934033394,4.398856163024902,0.23844414949417114,1.5841578245162964,0.3067326545715332,1.4702181816101074,0.01878497190773487,1.4678258895874023,0.02024645172059536,2.627495765686035,0.25218504667282104,2.651660680770874,0.26648181676864624,0.8734310269355774,0.24019090831279755
